gw_level,recent_rainfall,crop_water_demand,month_sin,month_cos,extraction_rate,seed,first_action,q_predicted,realized_return,min_gw_level_in_episode,q_quintile
3.8471365,7.5163403,0.24019238,-0.5,0.8660254,0.31837046,42,1,3.2954006,14.461283943755905,3.8471364933678056,2
4.850601,0.41413537,0.2,-2.4492937e-16,1.0,0.23991652,42,1,3.03167,10.063548682564928,4.850601421121191,0
10.117999,4.8611574,0.65,-0.8660254,-0.5,0.1434944,42,3,3.402576,5.627493856977514,10.11799876362406,3
5.5609703,6.559301,0.35,-0.8660254,0.5,0.4928355,42,1,3.2993708,13.656979680207684,5.560970294229567,2
4.2107124,2.5386384,0.24019238,-0.5,0.8660254,0.47134548,42,1,3.180916,16.55824847916597,4.210712354467883,2
3.9474247,3.653279,0.24019238,-0.5,0.8660254,0.3627723,42,1,3.326407,15.735086296827184,3.947424652346347,3
9.751778,0.26398656,0.75980765,0.5,-0.8660254,0.35757706,42,3,4.575662,-7.3209720972348435,9.751777383494204,4
7.970688,1.9649166,0.24019238,-0.5,0.8660254,0.12257133,42,1,3.0397334,13.81026544349636,7.970687862962063,0
6.8573837,0.13185938,0.24019238,0.5,0.8660254,0.37127894,42,1,3.167091,11.696557052762907,6.857383609003823,1
5.611104,0.010574277,0.24019238,0.5,0.8660254,0.47700042,42,1,3.158084,15.106518602866153,5.611104131505376,1
7.6629405,2.852108,0.24019238,-0.5,0.8660254,0.37692884,42,1,3.1910958,12.876194271040456,7.662940619335084,2
7.9605227,1.7362214,0.24019238,-0.5,0.8660254,0.43517274,42,1,3.0900123,14.18071956151064,7.960522864616952,1
5.207101,3.5326111,0.24019238,-0.5,0.8660254,0.31452027,42,1,3.2551956,14.799664852883511,5.207100641144571,2
3.5099921,5.648323,0.24019238,-0.5,0.8660254,0.20457417,42,1,3.1961489,11.025782945199268,3.5099921593949404,2
4.6194196,0.39355186,0.24019238,0.5,0.8660254,0.34157586,42,1,3.1987402,14.739659857007625,4.619419467990751,2
11.870656,0.46643582,0.75980765,0.5,-0.8660254,0.13011083,42,3,4.472888,-15.377184899705583,11.870656115104138,4
4.855304,0.18773498,0.24019238,0.5,0.8660254,0.24811134,42,1,3.0747614,12.497553572474791,4.855303638784064,0
4.4348183,2.3501036,0.24019238,-0.5,0.8660254,0.36104444,42,1,3.318523,10.017157237714393,4.434818154004557,3
9.590192,0.00760291,0.5,1.0,6.123234e-17,0.36863515,42,2,3.8662295,13.84538220608758,9.590192003129786,3
7.9142146,0.44464025,0.24019238,0.5,0.8660254,0.18459004,42,1,3.0192046,13.260680215045472,7.914214532399597,0
5.825987,0.21886241,0.24019238,0.5,0.8660254,0.49586847,42,1,3.1218405,14.395357777614818,5.825986687786229,1
10.2989435,0.45457137,0.75980765,0.5,-0.8660254,0.17647524,42,3,4.493073,-6.429555294036908,10.298943181675623,4
6.9085755,0.12410454,0.24019238,0.5,0.8660254,0.1961602,42,1,3.0372128,10.973841720876644,6.908575584652093,0
5.4290867,7.7309375,0.35,-0.8660254,0.5,0.4657446,42,1,3.320809,13.527857752498605,5.42908661392149,3
6.87902,0.33501682,0.5,1.0,6.123234e-17,0.3316932,42,2,3.815425,14.052417289659758,6.879020126557913,3
4.5859237,0.3110524,0.24019238,0.5,0.8660254,0.29319087,42,1,3.1379237,10.776023548113857,4.58592360258876,1
9.157073,0.00414551,0.75980765,0.5,-0.8660254,0.14814335,42,3,4.541708,-4.205260679086178,9.157073061305487,4
8.870268,0.14828601,0.24019238,0.5,0.8660254,0.26225913,42,1,2.9187346,9.648544829533366,8.870267665239025,0
9.511399,0.03899328,0.75980765,0.5,-0.8660254,0.14520273,42,3,4.537363,-19.979978774286053,9.511399119898432,4
4.6532354,4.1960783,0.24019238,-0.5,0.8660254,0.43701038,42,1,3.2087584,11.104779718863387,4.6532355398099385,2
4.990728,0.2637782,0.24019238,0.5,0.8660254,0.31222793,42,1,3.1693697,12.735254604462156,4.990727670267921,2
5.5077224,6.4551086,0.35,-0.8660254,0.5,0.30913642,42,1,3.3881898,13.72415020175438,5.507722591483128,3
5.5147943,5.6889553,0.35,-0.8660254,0.5,0.18059552,42,1,3.4089904,15.116579979277615,5.514794148639203,3
1.9927073,7.717093,0.24019238,-0.5,0.8660254,0.22373164,42,1,3.2018092,10.65384611783159,1.9927072455010888,2
10.333478,0.25810012,0.75980765,0.5,-0.8660254,0.43242136,42,3,4.5347567,3.775794535621211,10.333477545036413,4
9.872105,0.22412615,0.24019238,0.5,0.8660254,0.4080306,42,1,3.102472,13.669088625298855,9.872104982299517,1
4.582292,3.1111908,0.24019238,-0.5,0.8660254,0.20467626,42,1,3.174663,13.527563316888491,4.582292282312187,2
6.378763,0.16711664,0.24019238,0.5,0.8660254,0.4781477,42,1,3.1131606,13.503139207226525,6.378763160642478,1
6.257125,4.6940737,0.35,-0.8660254,0.5,0.24536613,42,1,3.3611665,13.815548592007259,6.257125129225551,3
9.530687,0.32769564,0.24019238,0.5,0.8660254,0.3853971,42,1,3.1146853,13.0166257217239,9.530687763656587,1
8.850535,0.1111027,0.65,0.8660254,-0.5,0.42546394,42,3,4.011981,2.7736299091661145,8.85053539382052,3
5.750778,0.08642254,0.24019238,0.5,0.8660254,0.11795045,42,1,3.07765,13.201512176962122,5.75077800656566,1
8.741298,0.091204725,0.65,0.8660254,-0.5,0.2574887,42,3,4.091379,12.341367055015127,8.74129769862405,4
4.651867,0.0,0.24019238,-0.5,0.8660254,0.29893735,42,1,3.253295,13.233025568832659,4.65186693860857,2
7.405664,6.1434116,0.65,-0.8660254,-0.5,0.2164809,42,3,3.693285,8.26954497176491,7.40566405379352,3
7.928191,1.4811178,0.24019238,-0.5,0.8660254,0.13052727,42,1,3.0460544,12.508529267644791,7.928191018819104,0
8.831637,0.024087498,0.65,0.8660254,-0.5,0.10435169,42,3,4.2572355,-2.9449305277102944,8.831637151412083,4
11.177542,0.21884286,0.24019238,0.5,0.8660254,0.23048766,42,1,2.8178267,11.77029021838446,11.177541371426198,0
7.937675,1.0819967,0.24019238,-0.5,0.8660254,0.4800763,42,1,2.988933,13.527072552954928,7.937675158513764,0
5.020463,0.7164107,0.2,-2.4492937e-16,1.0,0.48310333,42,1,3.1133215,10.834350676443853,5.020463219720497,1
5.765048,0.8168295,0.2,-2.4492937e-16,1.0,0.3385648,42,1,3.2971618,11.35413917053186,5.765047862128667,2
5.5998306,7.262156,0.35,-0.8660254,0.5,0.38568604,42,1,3.270303,15.208311198001379,5.599830603447388,2
5.911346,0.027201125,0.24019238,0.5,0.8660254,0.14226118,42,1,3.0867562,10.443166896625476,5.911345916454364,1
3.3899024,0.58821136,0.2,-2.4492937e-16,1.0,0.19636115,42,1,2.8471522,10.099008570746774,3.389902263738504,0
9.628328,0.2843643,0.75980765,0.5,-0.8660254,0.4429419,42,3,4.5376835,-5.917154108182556,9.628327937024295,4
5.5111995,2.9837005,0.24019238,-0.5,0.8660254,0.1930276,42,1,3.1236763,12.74423873328074,5.511199277821069,1
3.5467215,5.9230156,0.35,-0.8660254,0.5,0.32825887,42,1,3.3504958,15.970270182365452,3.5467215394954814,3
5.4945903,0.33760262,0.24019238,0.5,0.8660254,0.41814768,42,1,3.1971836,15.236511638830189,5.494590047860597,2
8.851126,0.13829158,0.65,0.8660254,-0.5,0.41692024,42,3,4.021259,4.035324891049713,8.851126102493222,3
7.9549685,1.6578306,0.24019238,-0.5,0.8660254,0.2924599,42,1,3.0589993,14.034001268018049,7.954968420069924,0
4.511515,4.9562516,0.24019238,-0.5,0.8660254,0.1955576,42,1,3.1684859,13.531928481602293,4.511515378130591,2
13.333217,0.2600422,0.24019238,0.5,0.8660254,0.2631764,42,1,2.8056297,10.359406180641368,13.333216867668432,0
7.9396663,1.3258476,0.24019238,-0.5,0.8660254,0.46225658,42,1,3.0322995,12.341671480541835,7.939666080115004,0
3.948102,5.1472344,0.24019238,-0.5,0.8660254,0.2288333,42,1,3.1767635,11.851312805212165,3.948101924081464,2
12.539951,4.442199,0.65,-0.8660254,-0.5,0.4394019,42,3,3.6679912,6.220941658266637,12.53995167344918,3
5.9010496,0.107246906,0.24019238,0.5,0.8660254,0.23520954,42,1,3.038775,10.6465642561234,5.901049565992124,0
5.485277,13.609974,0.35,-0.8660254,0.5,0.16506489,42,1,3.3796911,14.51849163441603,5.485277006872489,3
11.457476,0.039301813,0.75980765,0.5,-0.8660254,0.20025983,42,3,4.478488,-15.890486672334628,11.457475399529825,4
4.8261623,0.1622342,0.2,-2.4492937e-16,1.0,0.3789541,42,1,3.2785873,12.320017580465027,4.8261622279480285,2
4.809984,0.27677694,0.2,-2.4492937e-16,1.0,0.1744713,42,1,2.8443768,13.368185116938754,4.809984193173939,0
4.34108,0.5750321,0.2,-2.4492937e-16,1.0,0.390528,42,1,3.281391,15.316549483705,4.341080228214673,2
5.450378,0.17421424,0.24019238,0.5,0.8660254,0.29312122,42,1,3.1122098,12.121404638506524,5.450377901635469,1
4.4549704,0.35950255,0.24019238,0.5,0.8660254,0.4415885,42,1,3.2229834,12.015283635235756,4.454970370916634,2
5.803179,0.063859664,0.24019238,0.5,0.8660254,0.1547587,42,1,3.088024,11.141947088114138,5.803178907942381,1
5.471963,2.5051677,0.24019238,-0.5,0.8660254,0.3151583,42,1,3.2479968,13.14961616066082,5.471962993909838,2
5.1484847,0.095977806,0.24019238,0.5,0.8660254,0.4782691,42,1,3.1764503,11.291131717995393,5.148484650631939,2
5.0856557,0.38026896,0.24019238,0.5,0.8660254,0.3288747,42,1,3.1890695,14.059518173655977,5.085655866941433,2
4.4378357,0.17873363,0.24019238,0.5,0.8660254,0.1776373,42,1,3.1016605,12.416544331540459,4.43783561902679,1
5.4760833,0.0,0.35,-0.8660254,0.5,0.36513206,42,1,3.2871368,14.345442003302535,5.476083161704046,2
4.6622324,0.36442056,0.24019238,0.5,0.8660254,0.16272615,42,1,3.1085863,15.500143158457783,4.662232232972826,1
3.8649747,0.15873395,0.24019238,0.5,0.8660254,0.20068006,42,1,3.1051102,13.256913900503129,3.8649746958834825,1
5.9218473,0.118756354,0.24019238,0.5,0.8660254,0.3069473,42,1,3.1334653,14.96347202283511,5.921847261956375,1
6.7412663,0.014692952,0.24019238,0.5,0.8660254,0.24573113,42,1,3.0013895,12.07526611849406,6.741266452122124,0
7.9896894,0.83335,0.24019238,-0.5,0.8660254,0.11653968,42,1,3.040018,12.582349405771142,7.989689277996177,0
10.696668,0.0070097023,0.5,1.0,6.123234e-17,0.19516923,42,2,3.446023,6.9475747523387215,10.696667768984842,3
5.045212,6.8308735,0.24019238,-0.5,0.8660254,0.2167492,42,1,3.1320481,11.559724760286905,5.045211673644862,1
6.494661,0.17351677,0.24019238,0.5,0.8660254,0.3542419,42,1,3.1645546,10.192430123931512,6.494660949607788,1
5.538538,0.10754088,0.24019238,0.5,0.8660254,0.21414185,42,1,3.0565934,13.864208802398654,5.53853796317528,0
13.097339,0.0916815,0.75980765,0.5,-0.8660254,0.2722086,42,3,4.321844,-41.72176273731927,13.097338918314566,4
7.6855726,0.1820045,0.24019238,0.5,0.8660254,0.48275796,42,1,3.0324159,13.824894565691404,7.68557248263064,0
4.2249084,4.8805766,0.24019238,-0.5,0.8660254,0.4572966,42,1,3.1978533,11.209813225067604,4.224908146424935,2
8.848501,0.00586831,0.65,0.8660254,-0.5,0.29585996,42,3,4.063166,12.484193984835773,8.84850077924985,3
7.961287,1.1454484,0.24019238,-0.5,0.8660254,0.4564719,42,1,3.0462055,11.195614534150058,7.961287199735519,0
6.768778,0.05980547,0.24019238,0.5,0.8660254,0.16922337,42,1,3.064795,10.92262657608934,6.768777857731129,0
9.404518,0.1566196,0.65,0.8660254,-0.5,0.4957274,42,3,3.8827662,9.587409428130702,9.404517657262613,3
3.2419212,0.07886948,0.5,1.0,6.123234e-17,0.3657379,42,2,3.9304495,15.005929800100878,3.241921203745436,3
4.867306,1.1039392,0.2,-2.4492937e-16,1.0,0.44222108,42,1,3.22715,12.166272726270197,4.867306375036614,2
5.467738,10.938293,0.35,-0.8660254,0.5,0.11151656,42,3,3.450111,14.220986959549922,5.467738270398023,3
6.2685003,0.3024023,0.24019238,0.5,0.8660254,0.13744345,42,1,3.0793483,12.78638017372976,6.268500174902373,1
6.49644,5.7699876,0.65,-0.8660254,-0.5,0.21374509,42,3,3.7342823,1.6894998340533234,6.496439749597054,3
4.6936154,5.874161,0.35,-0.8660254,0.5,0.10240105,42,3,3.7171803,13.310909923079228,4.693615348973663,3
7.950601,1.1416006,0.24019238,-0.5,0.8660254,0.15275422,42,1,3.0539951,12.72523854322245,7.950601245958204,0
5.8632956,0.2230577,0.24019238,0.5,0.8660254,0.4995284,42,1,3.114973,11.623632044067628,5.86329534060918,1
4.195202,0.3115534,0.24019238,0.5,0.8660254,0.29875565,42,1,3.1677952,13.314195745155764,4.195201886448651,2
9.44041,0.19568305,0.75980765,0.5,-0.8660254,0.12392221,42,3,4.5648327,-21.591763828638662,9.440410043045636,4
10.566879,0.0,0.75980765,0.5,-0.8660254,0.14720988,42,3,4.4995184,-10.400106650922933,10.566879394471176,4
7.370737,0.53439605,0.24019238,0.5,0.8660254,0.17535205,42,1,3.0443993,14.65072773537826,7.37073690993881,0
7.1164756,0.0,0.5,1.0,6.123234e-17,0.19368164,42,2,3.730305,12.830811958038494,7.116475815362996,3
7.925147,1.7707211,0.24019238,-0.5,0.8660254,0.46989977,42,1,3.012755,12.209450459244673,7.925147091152244,0
3.8674402,3.5604362,0.24019238,-0.5,0.8660254,0.4944218,42,1,3.1650026,10.904259314258884,3.86744017916614,1
4.913348,4.344618,0.24019238,-0.5,0.8660254,0.3511844,42,1,3.3109937,15.747947552768377,4.91334823270121,3
7.002902,0.000244734,0.5,1.0,6.123234e-17,0.16417462,42,2,3.738651,12.602726016896272,7.00290203173926,3
7.957929,1.7419142,0.24019238,-0.5,0.8660254,0.3959947,42,1,3.1587636,11.631303262726268,7.957928898671963,1
7.9600816,0.9078582,0.24019238,-0.5,0.8660254,0.40885276,42,1,3.1386747,13.682313033373317,7.960081667824738,1
3.9960132,5.6274643,0.24019238,-0.5,0.8660254,0.49929667,42,1,3.143332,9.808341930253672,3.9960131099775102,1
5.4576783,9.901191,0.35,-0.8660254,0.5,0.4840308,42,1,3.3139892,13.944003953556118,5.457678130160826,3
7.2093067,0.14174113,0.24019238,0.5,0.8660254,0.30811042,42,1,3.0966892,13.236834901503098,7.209306676482379,1
9.705472,0.22269766,0.75980765,0.5,-0.8660254,0.44758198,42,3,4.533049,4.373618959498251,9.705471710272594,4
10.223874,0.46358046,0.75980765,0.5,-0.8660254,0.3172706,42,3,4.5305195,-8.101881951899097,10.223873996289289,4
5.9841814,0.9155807,0.24019238,-0.5,0.8660254,0.44518888,42,1,3.1457593,10.039807462393917,5.984181567427682,1
4.207311,0.09174156,0.5,1.0,6.123234e-17,0.14826979,42,2,4.064217,14.686255113981723,4.207310925019611,3
3.8491786,0.49837494,0.2,-2.4492937e-16,1.0,0.37519124,42,1,3.2580976,13.705948852976983,3.849178503874776,2
3.9985852,0.45117772,0.2,-2.4492937e-16,1.0,0.18211688,42,1,2.8265095,12.009060107586963,3.998585325911973,0
1.985333,6.73492,0.24019238,-0.5,0.8660254,0.33071083,42,1,3.3516154,13.584987200934936,1.985332916392521,3
4.53,0.3468856,0.2,-2.4492937e-16,1.0,0.13760012,42,1,2.7767472,14.001933308064796,4.530000273569729,0
7.3940644,0.031100487,0.5,1.0,6.123234e-17,0.28946888,42,2,3.6715329,10.408829198652116,7.394064473871649,3
4.0166535,0.9977529,0.24019238,0.5,0.8660254,0.4527999,42,1,3.229818,10.431881476451833,4.016653404125211,2
3.0757155,4.596439,0.24019238,-0.5,0.8660254,0.32504848,42,1,3.3305407,10.414872292617149,3.075715550915691,3
5.4006753,9.43307,0.35,-0.8660254,0.5,0.12572847,42,1,3.4216204,13.421192902891113,5.400675436459413,3
4.822448,0.6060263,0.2,-2.4492937e-16,1.0,0.21339065,42,1,2.9541185,10.243629255347836,4.774943065747273,0
4.836075,0.20327139,0.24019238,0.5,0.8660254,0.38606986,42,1,3.2124507,10.019517706509813,4.836074611213653,2
10.556692,0.0,0.75980765,0.5,-0.8660254,0.22571473,42,3,4.5006785,-23.473819739300694,10.556691773640424,4
4.8360353,0.09036917,0.24019238,0.5,0.8660254,0.37678668,42,1,3.2041855,11.358918503232216,4.836035256197253,2
5.63293,0.35636917,0.24019238,0.5,0.8660254,0.31021065,42,1,3.1494234,12.661189252754601,5.632929695814394,1
11.080726,0.007470973,0.75980765,0.5,-0.8660254,0.23298448,42,3,4.485437,-8.235310550265915,11.080725760252117,4
7.3072767,0.40981427,0.24019238,0.5,0.8660254,0.4451237,42,1,3.1073525,11.34287466385359,7.307276810651675,1
5.4097786,12.328786,0.35,-0.8660254,0.5,0.40061694,42,1,3.2905397,13.218854287560935,5.409778727790249,2
4.939126,0.23587985,0.24019238,0.5,0.8660254,0.26370746,42,1,3.068677,11.531547894507304,4.939126194271317,0
3.0148234,3.6061075,0.24019238,-0.5,0.8660254,0.26702225,42,1,3.2645268,10.167546993210287,3.014823545509022,2
10.323055,0.0037979279,0.75980765,0.5,-0.8660254,0.2127351,42,3,4.506563,3.2708786449094296,10.323055559907584,4
7.9454207,1.4310064,0.24019238,-0.5,0.8660254,0.4414181,42,1,3.0804534,10.630205125110491,7.945420868789878,1
4.24505,0.0,0.24019238,-0.5,0.8660254,0.27367228,42,1,3.2437093,10.574865823093365,4.245049944685101,2
10.154981,0.23108733,0.75980765,0.5,-0.8660254,0.28698593,42,3,4.5071173,-18.193151049543552,10.1549811016777,4
4.1572556,4.892863,0.24019238,-0.5,0.8660254,0.33168566,42,1,3.3129764,13.81318424497397,4.157255874190264,3
5.4358807,8.388438,0.24019238,-0.5,0.8660254,0.1292604,42,1,3.0741253,15.557008222905184,5.435880652862034,0
4.342152,5.453466,0.24019238,-0.5,0.8660254,0.3807647,42,1,3.2935743,10.091365680233,4.342152058172577,2
7.1323,0.0,0.5,1.0,6.123234e-17,0.32422632,42,2,3.7837086,8.401636621970038,7.1322998386502725,3
4.165341,0.81244606,0.2,-2.4492937e-16,1.0,0.35525906,42,1,3.2524974,13.0120418144072,4.165341107093476,2
11.10429,0.2800643,0.75980765,0.5,-0.8660254,0.10930931,42,3,4.5652914,-9.178508226827345,11.104289983659712,4
8.013755,0.0,0.24019238,0.5,0.8660254,0.1329478,42,1,3.04037,11.76993205152698,8.013754384691367,0
8.787398,0.29769,0.75980765,0.5,-0.8660254,0.33842513,42,3,4.5841064,-1.571270548792267,8.787398428892914,4
9.084938,0.26006082,0.75980765,0.5,-0.8660254,0.3641537,42,3,4.5962825,-3.8491313990817613,9.084938400907197,4
7.894555,1.51366,0.24019238,-0.5,0.8660254,0.4389182,42,1,3.085958,12.451019493890465,7.894555143470194,1
8.842279,0.21036942,0.65,0.8660254,-0.5,0.4662265,42,3,3.9645782,11.093879816020593,8.842279257936053,3
5.4760423,0.035502832,0.24019238,0.5,0.8660254,0.48518887,42,1,3.1525161,14.155938287532141,5.476042276881793,1
4.249434,3.709067,0.24019238,-0.5,0.8660254,0.19957462,42,1,3.1866567,12.557862251790441,4.24943375977411,2
6.7549305,0.27349326,0.24019238,0.5,0.8660254,0.20887552,42,1,3.0314198,11.364326370691522,6.754930443082636,0
5.0646863,0.28431788,0.24019238,0.5,0.8660254,0.30765164,42,1,3.1560936,11.92711280297404,5.064686425053581,1
2.8948634,9.773545,0.24019238,-0.5,0.8660254,0.3523485,42,1,3.354476,14.308100085470766,2.8948632944168264,3
8.153724,0.19686037,0.24019238,0.5,0.8660254,0.13998483,42,1,3.0352817,13.360669729564727,8.153724044078876,0
5.480175,6.0570016,0.35,-0.8660254,0.5,0.15297444,42,1,3.4299352,15.200124337977554,5.480175214237156,3
4.8544235,0.82071114,0.2,-2.4492937e-16,1.0,0.4219485,42,1,3.2681227,14.286345904007554,4.854423395273806,2
9.083401,0.19107574,0.75980765,0.5,-0.8660254,0.28865707,42,3,4.517917,-15.540452904854932,9.083400983192371,4
5.378837,0.12975739,0.24019238,0.5,0.8660254,0.4666944,42,1,3.1811004,12.002925141374623,5.378836906318903,2
9.135109,0.05769657,0.24019238,0.5,0.8660254,0.30116633,42,1,3.0010753,14.412201950775385,9.135108645368266,0
7.054068,0.00044452876,0.5,1.0,6.123234e-17,0.31917208,42,2,3.769124,14.395346799726582,7.054067919841241,3
7.9593363,1.5410007,0.24019238,-0.5,0.8660254,0.20407926,42,1,3.057281,13.654475963665398,7.959336229589809,0
4.2289224,0.012242444,0.24019238,0.5,0.8660254,0.37729046,42,1,3.2245543,11.787834472774255,4.228922487344969,2
6.327317,3.1165066,0.75980765,-0.5,-0.8660254,0.13054371,42,3,4.3486905,11.355913312862745,6.327317023846544,4
2.8554144,1.2593474,0.2,-2.4492937e-16,1.0,0.41003826,42,1,3.2799673,10.766924591712545,2.855414339709397,2
6.0756145,0.032159727,0.24019238,0.5,0.8660254,0.4183166,42,1,3.181586,12.485415745340127,6.075614320097359,2
5.2298903,0.35816124,0.24019238,0.5,0.8660254,0.47099578,42,1,3.1838186,13.026474112331078,5.229890398329192,2
8.856813,0.2933897,0.65,0.8660254,-0.5,0.17710662,42,3,4.130471,-2.563562761862496,8.856813275305878,4
4.758039,3.8792903,0.24019238,-0.5,0.8660254,0.39419723,42,1,3.2622743,12.73839621359867,4.758038958725591,2
4.808476,0.15465152,0.2,-2.4492937e-16,1.0,0.12913252,42,1,2.7676024,11.991492587412463,4.808475855433567,0
5.468106,9.405892,0.35,-0.8660254,0.5,0.1699326,42,1,3.4027443,13.599556244931131,5.4681056782000885,3
6.8918757,0.25468883,0.24019238,0.5,0.8660254,0.34197956,42,1,3.1676524,13.668519169370539,6.891875653480568,1
6.1123505,0.13656282,0.24019238,0.5,0.8660254,0.14327636,42,1,3.0834723,10.603470868126664,6.112350350293296,1
5.1879115,0.7417268,0.2,-2.4492937e-16,1.0,0.16044345,42,1,2.8477693,15.117810531265459,5.18791168960105,0
8.8504,0.2435677,0.65,0.8660254,-0.5,0.27360186,42,3,4.074172,2.4474960977118645,8.8503999768083,4
5.788335,10.941203,0.65,-0.8660254,-0.5,0.4135275,42,3,3.544075,9.967444739671762,5.788334656699953,3
5.106605,6.9391046,0.35,-0.8660254,0.5,0.2644141,42,1,3.3930752,12.431493653519953,5.106605020130648,3
7.937694,1.2519752,0.24019238,-0.5,0.8660254,0.25994897,42,1,3.0498166,13.592354024190996,7.937694152327316,0
4.2153826,0.0,0.24019238,-0.5,0.8660254,0.4768617,42,1,3.1739473,11.407557931483323,4.215382495690255,2
6.611934,0.29837623,0.24019238,0.5,0.8660254,0.3186871,42,1,3.1428084,11.669703465487688,6.611934422007259,1
7.9537582,1.8699465,0.24019238,-0.5,0.8660254,0.3949846,42,1,3.1598692,11.442639234439055,7.953758384885183,1
8.849715,0.24506281,0.65,0.8660254,-0.5,0.33720708,42,3,4.0691056,-0.9578296616729802,8.849714877847749,3
4.814271,0.53412026,0.2,-2.4492937e-16,1.0,0.17600125,42,1,2.8527753,14.214302482822935,4.814270999942937,0
7.9545193,1.3279854,0.24019238,-0.5,0.8660254,0.321031,42,1,3.145828,13.055334423217774,7.954519366141981,1
6.8080716,0.0,0.24019238,0.5,0.8660254,0.101600796,42,1,3.0570629,11.804985750429745,6.808071666711727,0
6.909936,0.11307529,0.24019238,0.5,0.8660254,0.44384727,42,1,3.1269538,13.534175530250138,6.909935836151884,1
7.112399,0.18917696,0.24019238,0.5,0.8660254,0.16306321,42,1,3.0687966,12.722661065401892,7.112398892732693,0
5.5331097,5.3698716,0.35,-0.8660254,0.5,0.20164609,42,1,3.3877423,14.176454060272624,5.533109476332627,3
6.122471,0.32032362,0.24019238,0.5,0.8660254,0.4460006,42,1,3.1613498,9.632250681336828,5.898189482395752,1
6.197991,4.50815,0.75980765,-0.5,-0.8660254,0.13688333,42,3,4.362542,1.2409588582463051,6.197990700958063,4
9.883919,0.78022504,0.75980765,0.5,-0.8660254,0.34403995,42,3,4.5706234,-8.8026725005532,9.883918720851934,4
6.4901185,2.3311713,0.24019238,-0.5,0.8660254,0.26719892,42,1,3.1058655,14.249435037515473,6.490118484413559,1
4.3234763,5.250204,0.24019238,-0.5,0.8660254,0.48674548,42,1,3.1566153,11.718890687530884,4.323476502315112,1
6.2066026,5.530112,0.75980765,-0.5,-0.8660254,0.42909205,42,3,4.492623,4.977310650662739,6.206602498671029,4
5.4736085,10.678523,0.35,-0.8660254,0.5,0.20560263,42,1,3.3693452,11.428518333844984,5.473608487188108,3
6.323426,0.10564127,0.24019238,0.5,0.8660254,0.16580735,42,1,3.0757108,11.769232901370872,6.323425698062994,1
11.727094,0.045705494,0.75980765,0.5,-0.8660254,0.48684084,42,3,4.4949007,-26.803656152201267,11.727093781275448,4
3.127906,0.18901505,0.24019238,0.5,0.8660254,0.18562856,42,1,3.1054366,11.501978975127882,3.127906075525884,1
7.3098984,0.12275275,0.24019238,0.5,0.8660254,0.10886583,42,1,3.0538094,14.276442536733871,7.309898239318113,0
7.4579062,0.07340254,0.5,1.0,6.123234e-17,0.4338975,42,2,3.9324968,10.219931438024208,7.457906038198316,3
5.012702,0.09552872,0.24019238,0.5,0.8660254,0.4882218,42,1,3.1683922,13.882541158342905,5.012702040001957,2
2.534034,6.2662253,0.24019238,-0.5,0.8660254,0.43581554,42,1,3.3200462,11.725259962489714,2.534034048005449,3
7.080628,0.0,0.5,1.0,6.123234e-17,0.4301663,42,2,3.9225907,11.575135470514793,7.080627806234905,3
5.6681213,11.082,0.35,-0.8660254,0.5,0.47453386,42,1,3.3121018,11.223347218335913,5.668121150578919,3
7.9631195,1.7632246,0.24019238,-0.5,0.8660254,0.24816988,42,1,3.0445814,13.861638725724871,7.963119320551774,0
4.875061,7.976677,0.24019238,-0.5,0.8660254,0.17372113,42,1,3.0966349,12.135677043187203,4.87506082549466,1
11.519349,0.14255174,0.75980765,0.5,-0.8660254,0.18399322,42,3,4.465937,-6.0115720118000535,11.519349345600672,4
3.1459162,0.30926523,0.24019238,0.5,0.8660254,0.2931745,42,1,3.193125,14.983916865870077,3.1459162292434777,2
10.427559,0.78880453,0.75980765,0.5,-0.8660254,0.31159008,42,3,4.5222063,4.195101172117365,10.427558638177612,4
8.710399,0.25284687,0.65,0.8660254,-0.5,0.29745418,42,3,4.0643673,6.331872146557768,8.710398271225102,3
5.3386583,11.605729,0.35,-0.8660254,0.5,0.32118255,42,1,3.3544095,15.016302965681117,5.338658255138793,3
8.127724,0.18554609,0.24019238,0.5,0.8660254,0.4957296,42,1,2.9894996,13.80084955003824,8.127723608185601,0
11.235025,0.030149275,0.75980765,0.5,-0.8660254,0.27729684,42,3,4.467068,-13.611464890450463,11.235025038858902,4
4.8239384,0.8988356,0.2,-2.4492937e-16,1.0,0.25167054,42,1,3.0571337,13.385886403537029,4.8239381783390085,0
7.0696864,0.050850168,0.5,1.0,6.123234e-17,0.33108798,42,2,3.8083868,12.225826505880137,7.069686383379119,3
5.032155,0.21140969,0.2,-2.4492937e-16,1.0,0.3799435,42,1,3.282506,10.768505069379664,5.032154908111138,2
4.5163317,3.4378777,0.24019238,-0.5,0.8660254,0.21900007,42,1,3.1671808,13.287527753090586,4.516331794108562,1
7.954858,1.6311823,0.24019238,-0.5,0.8660254,0.46221206,42,1,3.030385,10.879609456135375,7.954857760210419,0
5.4968977,5.4046836,0.35,-0.8660254,0.5,0.17206143,42,1,3.4204834,12.535888520640158,5.496897488679535,3
10.788433,0.037765883,0.75980765,0.5,-0.8660254,0.13763069,42,3,4.5109825,-2.591981296401542,10.788432729923809,4
2.8125007,6.134031,0.24019238,-0.5,0.8660254,0.23023096,42,1,3.2157204,12.200034913563053,2.8125007410914096,2
12.172789,0.28627726,0.75980765,0.5,-0.8660254,0.11121686,42,3,4.478422,-14.138867563656103,12.172788181911192,4
2.714258,8.468867,0.24019238,-0.5,0.8660254,0.1996378,42,1,3.1961746,13.6061308708485,2.714257954342046,2
13.516632,0.31082743,0.24019238,0.5,0.8660254,0.36727464,42,1,3.011004,11.690005730206355,13.51663245259432,0
9.673785,3.8092098,0.24019238,-0.5,0.8660254,0.38830832,42,1,3.1062016,12.240173286524776,9.673785534850811,1
7.9181986,1.9542174,0.24019238,-0.5,0.8660254,0.46383402,42,1,3.0261266,10.126260443393841,7.393450177030675,0
10.517561,0.3104662,0.75980765,0.5,-0.8660254,0.21097122,42,3,4.5019426,-11.498209579147733,10.517561136575011,4
9.691614,0.45814338,0.75980765,0.5,-0.8660254,0.40164754,42,3,4.5543785,-5.801414689451637,9.69161391615957,4
6.4586234,0.24140388,0.24019238,0.5,0.8660254,0.10830639,42,1,3.0624547,13.6918381272942,6.45862334011268,0
10.201404,0.57712865,0.75980765,0.5,-0.8660254,0.22872543,42,3,4.503559,-14.348908889411316,10.201403945563042,4
2.4399023,5.0848846,0.24019238,-0.5,0.8660254,0.30151796,42,1,3.3109481,13.579868489463168,2.43990221274798,3
5.162118,0.0,0.24019238,0.5,0.8660254,0.37077937,42,1,3.192974,14.471223400400492,5.162117764721174,2
8.844538,0.09654518,0.65,0.8660254,-0.5,0.23029275,42,3,4.0883427,8.933666074683458,8.844537727641615,4
5.250296,0.061409414,0.24019238,0.5,0.8660254,0.104511596,42,1,3.0745707,15.44602073296388,5.250295955729137,0
7.1537423,0.3093532,0.5,1.0,6.123234e-17,0.22195594,42,2,3.7380657,13.290008391340718,7.153742394973268,3
7.63062,0.13811333,0.24019238,0.5,0.8660254,0.1990719,42,1,3.0167165,13.141341446046482,7.630619897254562,0
8.878564,0.45634893,0.75980765,0.5,-0.8660254,0.22086947,42,3,4.53854,2.488397731183829,8.878564019777338,4
3.9615874,10.955852,0.35,-0.8660254,0.5,0.27293903,42,1,3.408567,14.26657112555654,3.9615873163189335,3
7.962259,0.939995,0.24019238,-0.5,0.8660254,0.20414922,42,1,3.0622764,14.871282387307598,7.962258815765381,0
11.170151,0.6148613,0.75980765,0.5,-0.8660254,0.22132002,42,3,4.490328,-6.787767796161599,11.170150464639574,4
7.9550047,0.9274146,0.24019238,-0.5,0.8660254,0.20674402,42,1,3.0643983,13.254193449467682,7.955004887051052,0
6.7146707,0.2058783,0.65,0.8660254,-0.5,0.2883042,42,3,4.0091014,4.558734461552579,6.714670853181404,3
8.846406,0.07647745,0.65,0.8660254,-0.5,0.2921029,42,3,4.0640492,1.3297720484875306,8.846405968098123,3
12.280947,6.0949993,0.65,-0.8660254,-0.5,0.41883054,42,3,3.6490645,-6.234823694556006,12.280946842767952,3
3.947962,4.957126,0.24019238,-0.5,0.8660254,0.40175375,42,1,3.287034,10.550044380597802,3.947962051118107,2
4.82476,0.35478148,0.2,-2.4492937e-16,1.0,0.4335711,42,1,3.2493768,11.74071201956172,4.824759733370295,2
8.14068,0.8299249,0.75980765,0.5,-0.8660254,0.14248733,42,3,4.5600834,1.2996007117544406,8.140680421882559,4
8.834505,0.23655944,0.65,0.8660254,-0.5,0.23512477,42,3,4.0861883,-0.4828834873246022,8.834505067396444,4
9.493989,0.64042956,0.75980765,0.5,-0.8660254,0.11608185,42,3,4.5747986,-9.169093565881617,9.49398853006229,4
3.2886012,0.2932559,0.24019238,0.5,0.8660254,0.4287777,42,1,3.2627537,11.32250385690705,3.288601256604053,2
4.918865,4.672638,0.24019238,-0.5,0.8660254,0.24141598,42,1,3.136241,9.703659176094202,4.704079825277457,1
7.639502,0.060950067,0.24019238,0.5,0.8660254,0.24504055,42,1,2.973218,14.160880272412964,7.639502111504968,0
8.043916,7.3924193,0.65,-0.8660254,-0.5,0.4127208,42,3,3.6018305,8.456648728930652,8.043915311532864,3
4.8191876,0.27447423,0.24019238,0.5,0.8660254,0.22296275,42,1,3.0725067,13.538676230230589,4.819187722517318,0
10.931347,0.051160023,0.75980765,0.5,-0.8660254,0.23418748,42,3,4.4882402,-10.71512259015805,10.931346865716842,4
5.2165565,6.4098315,0.35,-0.8660254,0.5,0.47999805,42,1,3.32121,15.234650885788579,5.216556677985094,3
10.342384,0.8023036,0.75980765,0.5,-0.8660254,0.30440187,42,3,4.5175157,-0.39503063859784726,10.342384608304972,4
9.041122,5.468136,0.65,-0.8660254,-0.5,0.13347782,42,3,3.4787874,7.192690908824486,9.041122114110587,3
3.0267766,4.0478044,0.24019238,-0.5,0.8660254,0.31942007,42,1,3.3270354,14.021586372776701,3.026776542080276,3
2.8219593,0.06013825,0.5,1.0,6.123234e-17,0.30122656,42,2,3.7303503,13.471618280264519,2.821959295195111,3
4.825409,0.4469613,0.2,-2.4492937e-16,1.0,0.35800964,42,1,3.2671986,14.916104876214282,4.825408810653542,2
2.7048342,7.2062607,0.24019238,-0.5,0.8660254,0.49386415,42,1,3.2385788,11.996624955905205,2.70483433032288,2
5.4634457,0.27660713,0.24019238,0.5,0.8660254,0.42021576,42,1,3.1971421,14.190587958166413,5.463445450876479,2
10.93958,0.28729653,0.24019238,0.5,0.8660254,0.43558854,42,1,3.02266,11.366106186600572,10.93958034875314,0
8.531844,0.34406945,0.24019238,0.5,0.8660254,0.27232784,42,1,2.9390433,13.601529275399768,8.531844517169883,0
6.804168,0.0,0.24019238,0.5,0.8660254,0.46923465,42,1,3.0993195,13.408521534033708,6.804168006404643,1
15.009679,0.19848359,0.24019238,0.5,0.8660254,0.18730183,42,1,2.8265295,10.204917454051712,15.00967854903904,0
8.188366,0.3663527,0.5,1.0,6.123234e-17,0.21158819,42,2,3.653354,10.923568093300666,8.188365566975417,3
8.84239,0.28818366,0.65,0.8660254,-0.5,0.23271598,42,3,4.0871162,-5.59978078655517,8.842389791949293,4
6.0059156,0.34786773,0.24019238,0.5,0.8660254,0.424234,42,1,3.1796803,14.820248992880677,6.005915641580901,2
4.149098,5.895884,0.24019238,-0.5,0.8660254,0.19952537,42,1,3.1770618,14.67862014087546,4.149097780124508,2
6.332791,0.053077962,0.24019238,0.5,0.8660254,0.48398897,42,1,3.1100843,12.853468643185735,6.3327908492061615,1
5.1631775,3.1148224,0.24019238,-0.5,0.8660254,0.29435876,42,1,3.210979,13.047814897861816,5.163177700431811,2
5.1558323,4.431209,0.24019238,-0.5,0.8660254,0.26428103,42,1,3.1552413,15.188247866285987,5.155832331505885,1
4.819855,0.33719125,0.2,-2.4492937e-16,1.0,0.43105358,42,1,3.2552576,11.0484110247425,4.819855085053404,2
5.631879,0.22360785,0.24019238,0.5,0.8660254,0.35318565,42,1,3.1766434,10.136611614535411,5.631879025216568,2
2.0790014,5.769751,0.24019238,-0.5,0.8660254,0.4051317,42,1,3.3622124,13.389678740728364,2.07900136109714,3
7.005601,0.26945916,0.24019238,0.5,0.8660254,0.41249552,42,1,3.1547866,9.518577469957261,7.005601116952971,1
9.075383,0.4116895,0.75980765,0.5,-0.8660254,0.4073649,42,3,4.579632,-12.238149735959219,9.0753834480759,4
4.568234,0.72269887,0.2,-2.4492937e-16,1.0,0.4294089,42,1,3.2658806,10.914442654885455,4.568234191530241,2
6.204605,5.5604115,0.75980765,-0.5,-0.8660254,0.48116285,42,3,4.5129185,10.332406463925404,6.204605019588583,4
5.43688,2.5442722,0.24019238,-0.5,0.8660254,0.20733465,42,1,3.13683,14.673324364900395,5.436880187481267,1
9.075437,0.256014,0.5,1.0,6.123234e-17,0.47793892,42,2,3.8642313,10.144183053426971,9.075436659679749,3
5.29133,0.12999345,0.24019238,0.5,0.8660254,0.29636654,42,1,3.1259084,14.26087252101782,5.291330011336534,1
3.7804916,3.5260956,0.24019238,-0.5,0.8660254,0.36236215,42,1,3.3324933,13.732460698986197,3.780491584648601,3
11.497747,13.058533,0.65,-0.8660254,-0.5,0.41153285,42,3,3.6209042,-6.074377858698012,11.49774776398987,3
6.236924,3.0762064,0.75980765,-0.5,-0.8660254,0.11948023,42,3,4.345901,9.591753979636575,6.236924346630329,4
4.828012,0.21619637,0.2,-2.4492937e-16,1.0,0.40743744,42,1,3.2827284,11.542662540350408,4.8280118518803175,2
4.587834,3.7794402,0.24019238,-0.5,0.8660254,0.14398336,42,1,3.120376,12.065365171624482,4.587833926387966,1
7.440269,0.5115556,0.75980765,0.5,-0.8660254,0.19417042,42,3,4.5699744,5.726775835447359,7.440268797996321,4
4.1535883,5.032255,0.24019238,-0.5,0.8660254,0.43369827,42,1,3.2358785,10.280976513028259,4.153588412758845,2
7.955624,0.0,0.24019238,-0.5,0.8660254,0.32668895,42,1,3.157261,12.05069432629437,7.95562422563456,1
7.9578276,0.0,0.24019238,-0.5,0.8660254,0.4155679,42,1,3.1293664,13.6858672927136,7.957827605910031,1
10.269227,0.6158266,0.75980765,0.5,-0.8660254,0.4681382,42,3,4.5237713,-4.793009908416874,10.26922666896156,4
5.2472982,0.32462013,0.24019238,0.5,0.8660254,0.19814743,42,1,3.0695987,12.124604277762593,5.247298408866113,0
4.5896473,0.2721192,0.24019238,0.5,0.8660254,0.14964955,42,1,3.1088872,14.959530122057938,4.589647070081152,1
10.249913,0.04566219,0.24019238,0.5,0.8660254,0.32884407,42,1,3.0251932,11.518810515996428,10.24991350099905,0
10.101243,0.073433496,0.75980765,0.5,-0.8660254,0.24847834,42,3,4.4996796,-7.046710932164063,10.101243051782044,4
2.1998355,5.8937755,0.24019238,-0.5,0.8660254,0.30841458,42,1,3.3203034,15.624198464952567,2.1998355204629783,3
4.2276335,2.2863278,0.24019238,0.5,0.8660254,0.35522306,42,1,3.220777,10.113234680445196,4.227633266568949,2
7.905635,2.5845888,0.24019238,-0.5,0.8660254,0.21606116,42,1,3.050865,13.734534030160816,7.905634922068839,0
7.9589467,1.5220124,0.24019238,-0.5,0.8660254,0.34233952,42,1,3.1721358,13.013831839152084,7.958946791554654,2
7.9605856,1.2422825,0.24019238,-0.5,0.8660254,0.44126713,42,1,3.0812035,13.163369674565743,7.960585813686777,1
3.7475457,0.0,0.5,1.0,6.123234e-17,0.44063357,42,2,3.701142,15.676806445965058,3.747545672280679,3
12.089631,0.66688937,0.75980765,0.5,-0.8660254,0.40531275,42,3,4.4710765,-27.96851739896571,12.089631393875845,4
7.46575,3.4491208,0.24019238,-0.5,0.8660254,0.32031274,42,1,3.1600575,12.276635816985134,7.465750257508963,1
7.8956084,1.314984,0.24019238,-0.5,0.8660254,0.23346418,42,1,3.0547562,13.47558346459663,7.895608547550034,0
4.174441,0.6640027,0.2,-2.4492937e-16,1.0,0.3893126,42,1,3.2773566,9.458079602819826,4.1395631929713606,2
1.8226815,7.2495484,0.24019238,-0.5,0.8660254,0.44370523,42,1,3.3478625,11.902095127646678,1.822681544926892,3
6.3986754,0.13903503,0.75980765,0.5,-0.8660254,0.10954309,42,3,4.65487,-0.4420344615186038,6.39867559333075,4
5.4783587,5.936869,0.35,-0.8660254,0.5,0.13585673,42,1,3.4421597,15.15091430117875,5.478358757345806,3
7.2375555,0.14734615,0.24019238,0.5,0.8660254,0.47577062,42,1,3.0663958,10.474577759659464,7.237555652064287,0
8.8447275,0.0,0.65,0.8660254,-0.5,0.2519378,42,3,4.085056,11.722665015279706,8.844727514849662,4
4.1719623,5.0627503,0.24019238,-0.5,0.8660254,0.3646804,42,1,3.3179438,13.157667688272545,4.171962456222737,3
5.4207335,7.1468525,0.35,-0.8660254,0.5,0.41736418,42,1,3.3326225,14.003888403749247,5.420733671685588,3
5.5343256,6.928639,0.35,-0.8660254,0.5,0.3763919,42,1,3.2653813,14.34577219891445,5.534325634732358,2
8.821093,0.06845259,0.65,0.8660254,-0.5,0.3083577,42,3,4.0596914,-1.6848897299649792,8.821092649010456,3
5.5138946,5.809525,0.35,-0.8660254,0.5,0.30595896,42,1,3.388558,14.478692479212361,5.513894643725846,3
6.2855663,4.0871816,0.24019238,-0.5,0.8660254,0.4889125,42,1,3.0433745,13.899139291785685,6.285566538428798,0
10.454015,0.0018112563,0.75980765,0.5,-0.8660254,0.15428989,42,3,4.4966545,-8.151026663861515,10.454014841339744,4
9.477029,0.3280801,0.75980765,0.5,-0.8660254,0.40110135,42,3,4.5642824,-0.14461476527624484,9.477028959738089,4
9.964548,0.0,0.24019238,0.5,0.8660254,0.16886985,42,1,2.942574,11.263662838883262,9.964548042275286,0
8.885696,0.26057494,0.65,0.8660254,-0.5,0.30539167,42,3,4.061115,7.711019782459083,8.885696022609107,3
5.356354,4.4995985,0.24019238,-0.5,0.8660254,0.27462018,42,1,3.1576352,13.544626882818285,5.356354212986043,1
9.402153,0.40149936,0.65,0.8660254,-0.5,0.44639352,42,3,3.9926748,-21.02859326346129,9.4021527798432,3
16.63539,0.17440027,0.24019238,0.5,0.8660254,0.35325217,42,1,2.8138556,2.9120683599522654,16.635389147961938,0
7.9621973,1.3823714,0.24019238,-0.5,0.8660254,0.31179717,42,1,3.1157854,9.835801489648608,7.962197098160633,1
4.273654,0.21857537,0.24019238,0.5,0.8660254,0.15689531,42,1,3.1219614,11.906867808261858,4.273654054154082,1
4.2080326,0.15165512,0.24019238,0.5,0.8660254,0.25908554,42,1,3.0983055,15.599834512159887,4.208032484981633,1
12.054232,0.2537513,0.75980765,0.5,-0.8660254,0.30033383,42,3,4.4682446,-3.089486044216561,12.054232049318337,4
3.9316,0.16563833,0.24019238,0.5,0.8660254,0.17102921,42,1,3.1189175,13.189227150233231,3.93160004243226,1
7.47743,0.097141065,0.5,1.0,6.123234e-17,0.34293708,42,2,3.839838,14.75847323770004,7.477429932470384,3
3.9402256,2.9837277,0.24019238,-0.5,0.8660254,0.18201178,42,1,3.1852527,12.731092743994072,3.940225659020691,2
9.582453,0.1410678,0.24019238,0.5,0.8660254,0.2691636,42,1,2.8915763,11.863400723617001,9.582452953312412,0
9.19408,0.1093297,0.75980765,0.5,-0.8660254,0.26779607,42,3,4.5232506,-18.874078192634332,9.194080629394447,4
3.7794065,0.7048033,0.2,-2.4492937e-16,1.0,0.16939634,42,1,2.7827005,13.302495105861736,3.7794064906026295,0
4.078385,3.9671717,0.24019238,-0.5,0.8660254,0.47145414,42,1,3.1861453,14.95634758863699,4.078384797022081,2
4.969632,0.21205628,0.24019238,0.5,0.8660254,0.42222875,42,1,3.2119572,11.056959964498812,4.969632021613423,2
6.507865,0.102220684,0.24019238,0.5,0.8660254,0.335324,42,1,3.1685495,14.506667627530852,6.507864885467703,2
9.241982,0.22914605,0.75980765,0.5,-0.8660254,0.4760533,42,3,4.5632296,-1.360733130273644,9.24198230252259,4
11.050597,0.14595746,0.75980765,0.5,-0.8660254,0.28397906,42,3,4.472199,-24.351959665458995,11.050597383194232,4
6.328043,0.36343506,0.5,1.0,6.123234e-17,0.35317007,42,2,3.9165137,14.33566577837122,6.328043076177586,3
7.5457087,0.2561634,0.24019238,0.5,0.8660254,0.35912263,42,1,3.152978,13.692690500242117,7.545708656903421,1
2.8334014,6.5270176,0.24019238,-0.5,0.8660254,0.37465253,42,1,3.353299,12.486217861931918,2.8334015284296616,3
6.0585704,0.05979638,0.24019238,0.5,0.8660254,0.15908612,42,1,3.0841084,14.027422588286315,6.058570556457573,1
7.9603934,1.1098894,0.24019238,-0.5,0.8660254,0.47907197,42,1,2.990211,12.503395288185173,7.960393404442646,0
6.3271747,0.20785856,0.24019238,0.5,0.8660254,0.16747479,42,1,3.0740733,14.046791258248449,6.327174524747728,0
7.798492,0.25246754,0.24019238,0.5,0.8660254,0.27008945,42,1,2.9681678,13.296734774314135,7.798491856716604,0
2.1646051,5.389822,0.24019238,-0.5,0.8660254,0.33961028,42,1,3.359326,16.955128630180624,2.1646051894513905,3
4.661775,0.13674529,0.24019238,0.5,0.8660254,0.25141728,42,1,3.0841146,11.509843854003883,4.661775026686372,1
8.558732,0.23145686,0.5,1.0,6.123234e-17,0.15731093,42,2,3.6101682,13.670496726406274,8.558732163090497,3
5.4786935,0.0,0.35,-0.8660254,0.5,0.4772827,42,1,3.3039317,13.415037620583659,5.478693340298354,3
6.2071266,4.057378,0.75980765,-0.5,-0.8660254,0.44508463,42,3,4.5202208,9.835922251979769,6.207126452046523,4
6.614882,0.21032722,0.24019238,0.5,0.8660254,0.23556273,42,1,3.0117664,14.2860811388587,6.614882021483533,0
5.1663437,0.28372607,0.24019238,0.5,0.8660254,0.17727715,42,1,3.084238,15.52488251868515,5.166343917977383,1
9.369985,0.0,0.75980765,0.5,-0.8660254,0.43923756,42,3,4.5473137,-15.395133656282898,9.369985033832696,4
6.0033,6.599756,0.35,-0.8660254,0.5,0.39043152,42,1,3.2643948,12.12771790679871,6.003300277499995,2
3.3476045,5.424778,0.24019238,-0.5,0.8660254,0.15848748,42,1,3.1636016,16.36374621507495,3.347604459049554,1
6.3986754,0.13903503,0.75980765,0.5,-0.8660254,0.286965,42,3,4.548661,3.018390619519502,6.39867559333075,4
7.957575,1.5110531,0.24019238,-0.5,0.8660254,0.13007286,42,1,3.0450373,14.092496306806057,7.957574787254181,0
9.727627,0.0837887,0.5,1.0,6.123234e-17,0.32391578,42,2,3.6904948,10.996450496228913,9.72762641474635,3
10.964653,0.5497372,0.75980765,0.5,-0.8660254,0.49638477,42,3,4.540245,-6.167964878222799,10.964652973520009,4
8.058952,1.7883142,0.24019238,-0.5,0.8660254,0.3816314,42,1,3.1749115,13.855760252626304,8.058952475260854,2
6.1982465,4.1938367,0.75980765,-0.5,-0.8660254,0.20602746,42,3,4.477653,5.387584477786053,6.198246316453794,4
5.6044307,2.6399643,0.24019238,-0.5,0.8660254,0.4018741,42,1,3.2184298,13.447981760863904,5.604430835724432,2
12.505822,0.545754,0.75980765,0.5,-0.8660254,0.47806835,42,3,4.4573493,-13.788925460788615,12.505822348264484,4
5.5344405,0.0455303,0.24019238,0.5,0.8660254,0.11775568,42,1,3.0807757,15.242957684651754,5.534440283562717,1
9.5394335,0.8796739,0.75980765,0.5,-0.8660254,0.16097578,42,3,4.515087,-12.59719511123388,9.539433870522249,4
4.684589,3.3996928,0.24019238,-0.5,0.8660254,0.139843,42,1,3.1211658,11.075069886095095,4.684588689573332,1
4.686112,0.0070408303,0.24019238,0.5,0.8660254,0.1375883,42,1,3.1127677,13.357637186521789,4.686111886869192,1
8.854701,0.20235316,0.65,0.8660254,-0.5,0.18238927,42,3,4.1256003,-5.774993893865762,8.854701207531301,4
7.9451504,1.1648308,0.24019238,-0.5,0.8660254,0.1248402,42,1,3.043273,11.751055969090665,7.945150412996284,0
4.314231,7.0916214,0.24019238,-0.5,0.8660254,0.19187132,42,1,3.157134,10.096537599517488,3.291055571682425,1
8.381765,0.70404077,0.75980765,0.5,-0.8660254,0.29951116,42,3,4.528496,0.4664859749892951,8.381765575581637,4
4.7756934,0.0,0.24019238,-0.5,0.8660254,0.16842353,42,1,3.151854,10.936743502735288,4.775693426201683,1
4.3786054,0.11663998,0.24019238,0.5,0.8660254,0.12510347,42,1,3.1135197,13.267682422273413,4.37860525141165,1
6.6310716,0.0010931067,0.24019238,0.5,0.8660254,0.32610187,42,1,3.1565433,13.63374611113365,6.631071332908928,1
4.846666,0.0,0.24019238,-0.5,0.8660254,0.22046705,42,1,3.175856,15.187521191243789,4.846665940185043,2
9.769276,0.2652836,0.65,0.8660254,-0.5,0.43753707,42,3,4.000106,10.846417921702233,9.769275997361351,3
7.86016,0.06794626,0.24019238,0.5,0.8660254,0.20113681,42,1,3.0047321,13.547555739680375,7.860159913830454,0
11.589058,0.07783232,0.75980765,0.5,-0.8660254,0.39881387,42,3,4.4932594,-12.639869914847946,11.589057547312024,4
9.063188,0.31960714,0.75980765,0.5,-0.8660254,0.2588594,42,3,4.522876,-9.730452130735404,9.063187253594242,4
2.960268,0.024476066,0.24019238,0.5,0.8660254,0.2948127,42,1,3.1972988,13.123318680396,2.9602679981555555,2
5.8729253,0.16253525,0.24019238,0.5,0.8660254,0.2822395,42,1,3.0655098,11.426536934663723,5.872925185165997,0
2.0457325,6.393421,0.24019238,-0.5,0.8660254,0.4769928,42,1,3.2940593,13.497493927858974,2.045732562264749,2
5.269316,0.12355,0.24019238,0.5,0.8660254,0.14535719,42,1,3.0986524,13.364691458536576,5.269316130931775,1
4.1137743,4.037988,0.24019238,-0.5,0.8660254,0.14644271,42,1,3.1330495,13.40189197789056,4.113774081308764,1
7.95486,1.3070539,0.24019238,-0.5,0.8660254,0.13339558,42,1,3.0473828,13.940055048879033,7.954860004227815,0
12.23094,0.13904078,0.75980765,0.5,-0.8660254,0.4703677,42,3,4.4665956,-9.36817460503402,12.230940260402644,4
6.07841,0.21815747,0.24019238,0.5,0.8660254,0.37535346,42,1,3.1793854,12.501348560375716,6.078410358822312,2
3.3957763,3.937742,0.24019238,-0.5,0.8660254,0.33083135,42,1,3.3327906,12.4380295736145,3.395776283010877,3
5.8150134,0.0,0.24019238,0.5,0.8660254,0.16793707,42,1,3.081026,10.104078724850863,5.815013340201912,1
7.9798937,1.2069818,0.24019238,-0.5,0.8660254,0.11815838,42,1,3.0397549,13.494176983072444,7.97989347770095,0
4.1853743,0.0002455091,0.5,1.0,6.123234e-17,0.12933622,42,2,4.117471,14.720127881961696,4.185374227005166,4
8.0529585,0.0,0.24019238,0.5,0.8660254,0.24331848,42,1,2.9583058,13.833641565875679,8.052958935479317,0
5.3099675,0.25025412,0.24019238,0.5,0.8660254,0.25061405,42,1,3.0550218,12.436110509487966,5.309967469402221,0
9.943061,0.2730477,0.75980765,0.5,-0.8660254,0.21292576,42,3,4.5142326,-5.526977394715766,9.94306074943276,4
7.602972,0.29845554,0.24019238,0.5,0.8660254,0.42973295,42,1,3.1153495,12.755090970855107,7.602971844758447,1
4.726573,0.0,0.24019238,-0.5,0.8660254,0.2785511,42,1,3.226607,13.155153972361411,4.726573142092943,2
7.9573603,1.61943,0.24019238,-0.5,0.8660254,0.31811833,42,1,3.1367078,12.091422726830018,7.957360257471694,1
8.847759,0.27857777,0.65,0.8660254,-0.5,0.3552057,42,3,4.083289,-15.152927129032992,8.847759100543467,4
4.1957736,0.24670887,0.24019238,0.5,0.8660254,0.15867428,42,1,3.1228638,13.051196616591842,4.195773386909233,1
10.51348,0.7260859,0.75980765,0.5,-0.8660254,0.1129891,42,3,4.568714,-24.66219820340865,10.51347986962494,4
6.648956,0.26917192,0.24019238,0.5,0.8660254,0.43321568,42,1,3.1459775,11.768334331533433,6.648955905187715,1
7.9571953,1.10476,0.24019238,-0.5,0.8660254,0.34320933,42,1,3.1747682,13.980401170948445,7.957195298836255,2
4.416962,4.5402985,0.24019238,-0.5,0.8660254,0.33523497,42,1,3.3097837,11.660039657107715,4.41696215025256,3
9.086264,0.3577342,0.65,0.8660254,-0.5,0.21877809,42,3,4.101132,2.1901879675595297,9.08626355770495,4
3.1147342,5.2726226,0.24019238,-0.5,0.8660254,0.17237715,42,1,3.188437,12.448083765390342,3.114734089904185,2
19.63923,0.27449015,0.24019238,0.5,0.8660254,0.4170006,42,1,2.127149,-0.7348867609202965,19.63923081241553,0
5.0094576,4.1828327,0.24019238,-0.5,0.8660254,0.44300693,42,1,3.1854687,11.736996198213596,5.009457822121351,2
8.849201,0.25202858,0.65,0.8660254,-0.5,0.13284971,42,3,4.1984468,9.371445834601625,8.849201156464082,4
5.336989,1.8880249,0.24019238,-0.5,0.8660254,0.23091964,42,1,3.1461878,12.629550269506232,5.33698879564463,1
10.203064,0.026692852,0.5,1.0,6.123234e-17,0.1816637,42,2,3.4706342,6.795094920729011,10.203064161150545,3
7.5194926,0.00074528466,0.5,1.0,6.123234e-17,0.23105597,42,2,3.719813,13.87041902598754,7.5194926164944835,3
3.4052474,0.19915234,0.24019238,0.5,0.8660254,0.420799,42,1,3.258758,10.267527812843488,3.4052474635195438,2
4.825684,0.12376488,0.2,-2.4492937e-16,1.0,0.3601927,42,1,3.266623,12.397566251134847,4.8256840856555545,2
4.137979,5.530056,0.24019238,-0.5,0.8660254,0.4654621,42,1,3.1896954,13.863246798890367,4.13797902229848,2
7.9589467,1.5220124,0.24019238,-0.5,0.8660254,0.41133133,42,1,3.1320002,13.352637727193416,7.958946791554654,1
4.1867795,0.84058523,0.2,-2.4492937e-16,1.0,0.46149182,42,1,3.2121744,11.246713627901224,4.186779292828772,2
4.827904,1.0424848,0.2,-2.4492937e-16,1.0,0.4515072,42,1,3.2117805,10.529271833381822,4.827904339671425,2
4.872217,1.5003576,0.2,-2.4492937e-16,1.0,0.4110067,42,1,3.2769327,14.533094484669961,4.872217133342176,2
7.962766,1.8551964,0.24019238,-0.5,0.8660254,0.31666824,42,1,3.1310997,13.17045303879401,7.962766332596513,1
4.8288536,0.7272928,0.2,-2.4492937e-16,1.0,0.10143664,42,1,2.726962,13.787396076286766,4.828853511507995,0
7.500388,0.0,0.24019238,0.5,0.8660254,0.15506436,42,1,3.061181,9.551756350560044,7.500388185213912,0
5.027995,0.450354,0.5,1.0,6.123234e-17,0.22147961,42,2,3.8010876,14.442557730498155,5.027995185715528,3
9.287916,0.17202878,0.75980765,0.5,-0.8660254,0.14889374,42,3,4.5376663,-2.391139011808359,9.28791614787537,4
3.2953038,7.302815,0.24019238,-0.5,0.8660254,0.39599007,42,1,3.3191528,15.27453788857673,3.295303799941318,3
5.1830344,3.0031154,0.24019238,-0.5,0.8660254,0.12325402,42,1,3.10889,14.74826382767334,5.183034414951009,1
7.544013,0.17573093,0.5,1.0,6.123234e-17,0.3229432,42,2,3.764869,13.113400007071304,7.544013084233939,3
4.80724,0.98703456,0.2,-2.4492937e-16,1.0,0.18337348,42,1,2.8768973,15.004709255962005,4.807239994311312,0
8.852133,0.30234262,0.65,0.8660254,-0.5,0.11377956,42,3,4.236353,7.263431270751114,8.852132711285366,4
8.729823,0.26010135,0.24019238,0.5,0.8660254,0.20879275,42,1,2.9524884,12.363726044337932,8.72982274289819,0
8.735059,0.7347663,0.75980765,0.5,-0.8660254,0.25029477,42,3,4.5244584,-1.6638793777549385,8.735058719807872,4
3.4962862,5.174872,0.24019238,-0.5,0.8660254,0.2160222,42,1,3.1942515,10.670666660088633,3.4962862620411177,2
9.828136,0.2732009,0.75980765,0.5,-0.8660254,0.44210437,42,3,4.5337305,0.7801962503867514,9.828136152703475,4
4.8039994,0.15544097,0.2,-2.4492937e-16,1.0,0.16041107,42,1,2.816013,13.60769036603313,4.803999386733543,0
6.023258,0.12332722,0.24019238,0.5,0.8660254,0.14924622,42,1,3.0874505,12.767598278335067,6.023258135837849,1
5.1067195,6.1762185,0.24019238,-0.5,0.8660254,0.2694357,42,1,3.1488266,15.36267314844326,5.1067196120035385,1
9.219927,0.21660584,0.65,0.8660254,-0.5,0.45619723,42,3,3.9957323,10.662983043241386,9.219927173507704,3
9.283681,0.087561876,0.24019238,0.5,0.8660254,0.28003892,42,1,2.9286032,9.90893461507491,9.28368111670951,0
6.3288875,0.20437856,0.24019238,0.5,0.8660254,0.17297497,42,1,3.068749,11.879400109203308,6.328887388508599,0
8.364353,0.2735206,0.75980765,0.5,-0.8660254,0.23669687,42,3,4.5403867,0.7263465285927517,8.364352830698339,4
9.198582,6.252088,0.65,-0.8660254,-0.5,0.19535305,42,3,3.5015094,9.240020059040962,9.198581804377492,3
4.9893117,6.7832847,0.65,-0.8660254,-0.5,0.26846713,42,3,3.759414,15.40731149281877,4.989311683519066,3
7.0336003,0.111081935,0.24019238,0.5,0.8660254,0.29521194,42,1,3.0629706,13.039674313569952,7.033600406192728,0
5.578934,6.3533416,0.35,-0.8660254,0.5,0.18004231,42,1,3.4056396,14.71627136144439,5.578934410374452,3
6.204333,5.0324636,0.75980765,-0.5,-0.8660254,0.3286308,42,3,4.625417,-0.32252315916340546,6.204332944876394,4
3.9932337,4.4748693,0.24019238,-0.5,0.8660254,0.4422878,42,1,3.2336936,11.824952412237947,3.9932336127101657,2
5.137903,5.260817,0.24019238,-0.5,0.8660254,0.19833672,42,1,3.1367426,11.767043510909716,5.137903375115777,1
8.849413,0.23723944,0.65,0.8660254,-0.5,0.32914156,42,3,4.0660086,-1.398740132030814,8.849412827180513,3
4.028251,4.612231,0.24019238,-0.5,0.8660254,0.23265737,42,1,3.1780992,13.597944674860985,4.028251351467377,2
4.7983603,0.19653606,0.2,-2.4492937e-16,1.0,0.20137875,42,1,2.915717,10.902551066190016,4.798360465690975,0
8.808982,0.0006199859,0.75980765,0.5,-0.8660254,0.23329699,42,3,4.5367265,1.3350385615148337,8.808981531119107,4
5.3221536,2.3474324,0.24019238,-0.5,0.8660254,0.39545745,42,1,3.2395158,13.045716246484961,5.3221537123448295,2
13.975092,0.4910438,0.75980765,0.5,-0.8660254,0.30174387,42,3,4.240701,-14.42964393960866,13.97509211990254,4
6.077291,4.207781,0.24019238,-0.5,0.8660254,0.13683593,42,1,3.0764885,13.511454453870329,6.077290885882091,1
4.473999,4.166617,0.24019238,-0.5,0.8660254,0.47233737,42,1,3.1667938,15.1712219097676,4.47399916919164,1
5.8418546,0.098449655,0.24019238,0.5,0.8660254,0.13407692,42,1,3.0841389,11.917548104872886,5.841854677060577,1
7.958036,1.6034192,0.24019238,-0.5,0.8660254,0.39713246,42,1,3.1576996,10.342627675493597,7.958035875574192,1
9.3265915,0.3411219,0.75980765,0.5,-0.8660254,0.22174037,42,3,4.5272,2.237660754123618,9.32659163341516,4
8.644953,0.10343812,0.75980765,0.5,-0.8660254,0.45705667,42,3,4.5658903,-13.51700459258906,8.644953166383159,4
3.8925548,4.3700576,0.24019238,-0.5,0.8660254,0.10564759,42,1,3.1345706,14.462822203951436,3.8925547102389175,1
9.308547,0.13083261,0.24019238,0.5,0.8660254,0.2996005,42,1,2.9882734,13.045925723224553,9.308546806939828,0
7.8555026,0.22587991,0.65,0.8660254,-0.5,0.16505769,42,3,4.1362743,0.4198968215311156,7.855502368067224,4
4.8274508,0.25696135,0.2,-2.4492937e-16,1.0,0.12848534,42,1,2.7684436,12.503291024110395,4.827450836503486,0
7.255177,0.352681,0.5,1.0,6.123234e-17,0.42793152,42,2,3.932849,12.647385686346272,7.255176962242308,3
13.773108,0.07290227,0.75980765,0.5,-0.8660254,0.3178309,42,3,4.3228326,-17.69860437119928,13.773107784034533,4
5.6983223,3.3398657,0.24019238,-0.5,0.8660254,0.10868784,42,1,3.071979,13.545422549538728,5.698322348357223,0
10.553668,0.0,0.75980765,0.5,-0.8660254,0.40284422,42,3,4.5262823,-11.76378661501969,10.553667812947872,4
6.419465,0.9438084,0.75980765,0.5,-0.8660254,0.18609875,42,3,4.591567,10.486468929953597,6.4194651474469655,4
7.86602,0.24750368,0.24019238,0.5,0.8660254,0.22401366,42,1,2.9819512,13.847979628953286,7.866020251987802,0
7.959325,0.93037343,0.24019238,-0.5,0.8660254,0.36774027,42,1,3.1961641,13.673790239703699,7.959324750288726,2
6.740965,3.5237722,0.24019238,-0.5,0.8660254,0.17080872,42,1,3.0625577,13.719953797893844,6.740964822874594,0
11.029442,0.08477115,0.75980765,0.5,-0.8660254,0.1738191,42,3,4.4792767,-5.567023686307804,11.02944142264179,4
9.769276,0.2652836,0.65,0.8660254,-0.5,0.19032496,42,3,4.114008,6.710035556514923,9.769275997361351,4
7.912599,0.7431174,0.24019238,-0.5,0.8660254,0.46982327,42,1,3.0179605,9.511266257969254,7.912599168916449,0
4.2219257,4.600455,0.24019238,-0.5,0.8660254,0.23314111,42,1,3.1693883,13.592117982439042,4.221925707915712,2
4.875537,0.6665364,0.2,-2.4492937e-16,1.0,0.49460226,42,1,3.0826743,9.805767697955202,4.875536842390153,1
8.98216,0.17706479,0.65,0.8660254,-0.5,0.24142407,42,3,4.0827923,11.74018898379589,8.982159645183902,4
7.883842,0.0,0.5,1.0,6.123234e-17,0.1331512,42,2,3.7294364,6.970808654110001,7.883842039115962,3
7.712451,0.9933426,0.24019238,-0.5,0.8660254,0.31045634,42,1,3.1264563,14.55973646109044,7.712450952501272,1
4.451955,0.10813319,0.24019238,0.5,0.8660254,0.39003146,42,1,3.2251763,11.677831469532096,4.451954639388547,2
9.146212,2.515439,0.24019238,-0.5,0.8660254,0.43107447,42,1,3.0615125,13.14071344814228,9.146211846711878,0
3.8169343,5.466625,0.24019238,-0.5,0.8660254,0.18521725,42,1,3.1796656,14.237732305680709,3.8169342882638,2
9.058949,0.6264321,0.75980765,0.5,-0.8660254,0.232721,42,3,4.5312605,8.471991766599405,9.058949386103771,4
7.935988,1.6380659,0.24019238,-0.5,0.8660254,0.46173733,42,1,3.0321207,12.674863915440131,7.935988087466763,0
7.917647,1.7792023,0.24019238,-0.5,0.8660254,0.29408076,42,1,3.0629942,10.1345013897627,7.917646979552287,0
10.31561,0.13582699,0.75980765,0.5,-0.8660254,0.2805264,42,3,4.499881,-1.225787632861247,10.315609804538903,4
8.90858,0.782249,0.75980765,0.5,-0.8660254,0.35833922,42,3,4.6076646,-20.26297915218457,8.90857947419222,4
5.583271,7.0579076,0.35,-0.8660254,0.5,0.38750947,42,1,3.2732882,15.060400361976793,5.583270980969666,2
4.7063046,0.16318752,0.5,1.0,6.123234e-17,0.42252547,42,2,3.8311737,15.476160424683798,4.706304484002755,3
6.440423,0.2185058,0.24019238,0.5,0.8660254,0.4513229,42,1,3.1414402,15.386820246355768,6.4404228635362575,1
8.544005,0.24093015,0.24019238,0.5,0.8660254,0.15440439,42,1,3.0128894,12.927246502377029,8.544005835853563,0
3.8263524,4.8080726,0.24019238,-0.5,0.8660254,0.2840798,42,1,3.2352262,14.439214578568107,3.8263524139702594,2
5.6995907,0.077741794,0.24019238,0.5,0.8660254,0.23237655,42,1,3.0466514,11.757139111927794,5.69959048841763,0
3.8471365,7.5163403,0.24019238,-0.5,0.8660254,0.31837046,123,1,3.1138449,14.461283943755905,3.8471364933678056,2
4.850601,0.41413537,0.2,-2.4492937e-16,1.0,0.23991652,123,1,2.7393234,9.799247300220413,4.850601421121191,0
10.117999,4.8611574,0.65,-0.8660254,-0.5,0.1434944,123,3,3.9124732,5.627493856977514,10.11799876362406,3
5.5609703,6.559301,0.35,-0.8660254,0.5,0.4928355,123,1,3.1381462,13.656979680207684,5.560970294229567,3
4.2107124,2.5386384,0.24019238,-0.5,0.8660254,0.47134548,123,1,3.01754,16.55824847916597,4.210712354467883,1
3.9474247,3.653279,0.24019238,-0.5,0.8660254,0.3627723,123,1,3.1340091,15.735086296827184,3.947424652346347,3
9.751778,0.26398656,0.75980765,0.5,-0.8660254,0.35757706,123,3,4.4226046,-9.048460798534997,9.751777383494204,4
7.970688,1.9649166,0.24019238,-0.5,0.8660254,0.12257133,123,1,2.8890653,13.641202180522512,7.970687862962063,0
6.8573837,0.13185938,0.24019238,0.5,0.8660254,0.37127894,123,1,3.065647,11.696557052762907,6.857383609003823,2
5.611104,0.010574277,0.24019238,0.5,0.8660254,0.47700042,123,1,3.052531,15.106518602866153,5.611104131505376,2
7.6629405,2.852108,0.24019238,-0.5,0.8660254,0.37692884,123,1,3.0789075,12.774712473930927,7.662940619335084,2
7.9605227,1.7362214,0.24019238,-0.5,0.8660254,0.43517274,123,1,3.047684,14.18071956151064,7.960522864616952,2
5.207101,3.5326111,0.24019238,-0.5,0.8660254,0.31452027,123,1,3.0592656,14.856528429786644,5.207100641144571,2
3.5099921,5.648323,0.24019238,-0.5,0.8660254,0.20457417,123,1,3.056627,10.677086737686393,3.5099921593949404,2
4.6194196,0.39355186,0.24019238,0.5,0.8660254,0.34157586,123,1,3.0162835,14.739659857007625,4.619419467990751,1
11.870656,0.46643582,0.75980765,0.5,-0.8660254,0.13011083,123,3,4.1658173,-15.377184899705583,11.870656115104138,4
4.855304,0.18773498,0.24019238,0.5,0.8660254,0.24811134,123,1,2.9241126,12.497553572474791,4.855303638784064,0
4.4348183,2.3501036,0.24019238,-0.5,0.8660254,0.36104444,123,1,3.13175,10.017157237714393,4.434818154004557,3
9.590192,0.00760291,0.5,1.0,6.123234e-17,0.36863515,123,2,3.7761755,13.84538220608758,9.590192003129786,3
7.9142146,0.44464025,0.24019238,0.5,0.8660254,0.18459004,123,1,2.834336,13.108994244653633,7.914214532399597,0
5.825987,0.21886241,0.24019238,0.5,0.8660254,0.49586847,123,1,2.9978626,14.395357777614818,5.825986687786229,1
10.2989435,0.45457137,0.75980765,0.5,-0.8660254,0.17647524,123,3,4.437853,-6.429555294036908,10.298943181675623,4
6.9085755,0.12410454,0.24019238,0.5,0.8660254,0.1961602,123,1,2.8226793,10.973841720876644,6.908575584652093,0
5.4290867,7.7309375,0.35,-0.8660254,0.5,0.4657446,123,1,3.1836436,13.527857752498605,5.42908661392149,3
6.87902,0.33501682,0.5,1.0,6.123234e-17,0.3316932,123,2,3.7670813,14.052417289659758,6.879020126557913,3
4.5859237,0.3110524,0.24019238,0.5,0.8660254,0.29319087,123,1,2.9418678,10.776023548113857,4.58592360258876,1
9.157073,0.00414551,0.75980765,0.5,-0.8660254,0.14814335,123,3,4.4729576,-4.205260679086178,9.157073061305487,4
8.870268,0.14828601,0.24019238,0.5,0.8660254,0.26225913,123,1,2.8123667,9.648544829533366,8.870267665239025,0
9.511399,0.03899328,0.75980765,0.5,-0.8660254,0.14520273,123,3,4.4424553,-29.11202726451417,9.511399119898432,4
4.6532354,4.1960783,0.24019238,-0.5,0.8660254,0.43701038,123,1,3.0688794,11.104779718863387,4.6532355398099385,2
4.990728,0.2637782,0.24019238,0.5,0.8660254,0.31222793,123,1,2.9577253,12.735254604462156,4.990727670267921,1
5.5077224,6.4551086,0.35,-0.8660254,0.5,0.30913642,123,1,3.125078,13.72415020175438,5.507722591483128,2
5.5147943,5.6889553,0.35,-0.8660254,0.5,0.18059552,123,1,3.1099195,15.1170805664531,5.514794148639203,2
1.9927073,7.717093,0.24019238,-0.5,0.8660254,0.22373164,123,1,3.099901,10.417136730809647,1.9927072455010888,2
10.333478,0.25810012,0.75980765,0.5,-0.8660254,0.43242136,123,3,4.4027176,4.048210032417318,10.333477545036413,4
9.872105,0.22412615,0.24019238,0.5,0.8660254,0.4080306,123,1,3.0676754,13.626112448215238,9.872104982299517,2
4.582292,3.1111908,0.24019238,-0.5,0.8660254,0.20467626,123,1,2.98411,13.527563316888491,4.582292282312187,1
6.378763,0.16711664,0.24019238,0.5,0.8660254,0.4781477,123,1,3.0350897,13.606844351836964,6.378763160642478,2
6.257125,4.6940737,0.35,-0.8660254,0.5,0.24536613,123,1,3.0510542,13.815548592007259,6.257125129225551,2
9.530687,0.32769564,0.24019238,0.5,0.8660254,0.3853971,123,1,3.0785956,13.0166257217239,9.530687763656587,2
8.850535,0.1111027,0.65,0.8660254,-0.5,0.42546394,123,3,3.8636203,2.7736299091661145,8.85053539382052,3
5.750778,0.08642254,0.24019238,0.5,0.8660254,0.11795045,123,1,2.940584,13.201512176962122,5.75077800656566,1
8.741298,0.091204725,0.65,0.8660254,-0.5,0.2574887,123,3,4.0229907,11.816026064001639,8.74129769862405,4
4.651867,0.0,0.24019238,-0.5,0.8660254,0.29893735,123,1,3.0631778,13.233025568832659,4.65186693860857,2
7.405664,6.1434116,0.65,-0.8660254,-0.5,0.2164809,123,3,3.7824593,9.411148946138733,7.40566405379352,3
7.928191,1.4811178,0.24019238,-0.5,0.8660254,0.13052727,123,1,2.8902016,12.41816230406432,7.928191018819104,0
8.831637,0.024087498,0.65,0.8660254,-0.5,0.10435169,123,3,4.0750732,-2.0139115243899988,8.831637151412083,4
11.177542,0.21884286,0.24019238,0.5,0.8660254,0.23048766,123,1,2.8192675,11.809439452597552,11.177541371426198,0
7.937675,1.0819967,0.24019238,-0.5,0.8660254,0.4800763,123,1,2.9051263,13.527072552954928,7.937675158513764,0
5.020463,0.7164107,0.2,-2.4492937e-16,1.0,0.48310333,123,1,2.9326878,10.725320354634652,5.020463219720497,1
5.765048,0.8168295,0.2,-2.4492937e-16,1.0,0.3385648,123,1,3.0737984,11.35413917053186,5.765047862128667,2
5.5998306,7.262156,0.35,-0.8660254,0.5,0.38568604,123,1,3.174495,15.208311198001379,5.599830603447388,3
5.911346,0.027201125,0.24019238,0.5,0.8660254,0.14226118,123,1,2.9454381,10.443166896625476,5.911345916454364,1
3.3899024,0.58821136,0.2,-2.4492937e-16,1.0,0.19636115,123,1,2.7063906,10.099008570746774,3.389902263738504,0
9.628328,0.2843643,0.75980765,0.5,-0.8660254,0.4429419,123,3,4.4233465,-7.255270043335059,9.628327937024295,4
5.5111995,2.9837005,0.24019238,-0.5,0.8660254,0.1930276,123,1,2.9405956,12.74423873328074,5.511199277821069,1
3.5467215,5.9230156,0.35,-0.8660254,0.5,0.32825887,123,1,3.1591284,15.970270182365452,3.5467215394954814,3
5.4945903,0.33760262,0.24019238,0.5,0.8660254,0.41814768,123,1,3.1595252,15.236511638830189,5.494590047860597,3
8.851126,0.13829158,0.65,0.8660254,-0.5,0.41692024,123,3,3.8549151,2.261662060075365,8.851126102493222,3
7.9549685,1.6578306,0.24019238,-0.5,0.8660254,0.2924599,123,1,2.8750331,14.034001268018049,7.954968420069924,0
4.511515,4.9562516,0.24019238,-0.5,0.8660254,0.1955576,123,1,2.9843483,13.531928481602293,4.511515378130591,1
13.333217,0.2600422,0.24019238,0.5,0.8660254,0.2631764,123,1,2.8533819,10.359406180641368,13.333216867668432,0
7.9396663,1.3258476,0.24019238,-0.5,0.8660254,0.46225658,123,1,2.9784827,12.243116790395176,7.939666080115004,1
3.948102,5.1472344,0.24019238,-0.5,0.8660254,0.2288333,123,1,3.0414512,11.503915167108106,3.948101924081464,2
12.539951,4.442199,0.65,-0.8660254,-0.5,0.4394019,123,3,3.7557893,6.291451814213666,12.53995167344918,3
5.9010496,0.107246906,0.24019238,0.5,0.8660254,0.23520954,123,1,2.8783298,10.6465642561234,5.901049565992124,0
5.485277,13.609974,0.35,-0.8660254,0.5,0.16506489,123,1,3.0967698,14.653099793537946,5.485277006872489,2
11.457476,0.039301813,0.75980765,0.5,-0.8660254,0.20025983,123,3,4.3994646,-18.392723256223338,11.457475399529825,4
4.8261623,0.1622342,0.2,-2.4492937e-16,1.0,0.3789541,123,1,3.0857627,12.205959007413156,4.8261622279480285,2
4.809984,0.27677694,0.2,-2.4492937e-16,1.0,0.1744713,123,1,2.7220738,13.368185116938754,4.809984193173939,0
4.34108,0.5750321,0.2,-2.4492937e-16,1.0,0.390528,123,1,3.0571678,15.336133970078484,4.341080228214673,2
5.450378,0.17421424,0.24019238,0.5,0.8660254,0.29312122,123,1,2.9472415,12.121404638506524,5.450377901635469,1
4.4549704,0.35950255,0.24019238,0.5,0.8660254,0.4415885,123,1,3.1318178,12.015283635235756,4.454970370916634,3
5.803179,0.063859664,0.24019238,0.5,0.8660254,0.1547587,123,1,2.9136257,11.141947088114138,5.803178907942381,0
5.471963,2.5051677,0.24019238,-0.5,0.8660254,0.3151583,123,1,3.0482166,13.049719997990579,5.471962993909838,2
5.1484847,0.095977806,0.24019238,0.5,0.8660254,0.4782691,123,1,3.0454104,11.291131717995393,5.148484650631939,2
5.0856557,0.38026896,0.24019238,0.5,0.8660254,0.3288747,123,1,2.9890482,14.059518173655977,5.085655866941433,1
4.4378357,0.17873363,0.24019238,0.5,0.8660254,0.1776373,123,1,2.885195,12.416544331540459,4.43783561902679,0
5.4760833,0.0,0.35,-0.8660254,0.5,0.36513206,123,1,3.1967266,14.345442003302535,5.476083161704046,3
4.6622324,0.36442056,0.24019238,0.5,0.8660254,0.16272615,123,1,2.879278,15.402650229164365,4.662232232972826,0
3.8649747,0.15873395,0.24019238,0.5,0.8660254,0.20068006,123,1,2.894778,13.256913900503129,3.8649746958834825,0
5.9218473,0.118756354,0.24019238,0.5,0.8660254,0.3069473,123,1,2.9360454,15.117479500115287,5.921847261956375,1
6.7412663,0.014692952,0.24019238,0.5,0.8660254,0.24573113,123,1,2.857756,11.962065890168418,6.741266452122124,0
7.9896894,0.83335,0.24019238,-0.5,0.8660254,0.11653968,123,1,2.8971834,12.582349405771142,7.989689277996177,0
10.696668,0.0070097023,0.5,1.0,6.123234e-17,0.19516923,123,2,3.8113427,8.849691556268905,10.696667768984842,3
5.045212,6.8308735,0.24019238,-0.5,0.8660254,0.2167492,123,1,2.9435997,11.559724760286905,5.045211673644862,1
6.494661,0.17351677,0.24019238,0.5,0.8660254,0.3542419,123,1,3.0304842,10.192430123931512,6.494660949607788,1
5.538538,0.10754088,0.24019238,0.5,0.8660254,0.21414185,123,1,2.8796153,13.864208802398654,5.53853796317528,0
13.097339,0.0916815,0.75980765,0.5,-0.8660254,0.2722086,123,3,4.373978,-41.831380782647805,13.097338918314566,4
7.6855726,0.1820045,0.24019238,0.5,0.8660254,0.48275796,123,1,2.9958923,13.822775664507482,7.68557248263064,1
4.2249084,4.8805766,0.24019238,-0.5,0.8660254,0.4572966,123,1,3.0460308,11.209813225067604,4.224908146424935,2
8.848501,0.00586831,0.65,0.8660254,-0.5,0.29585996,123,3,3.9643176,12.366521052731574,8.84850077924985,3
7.961287,1.1454484,0.24019238,-0.5,0.8660254,0.4564719,123,1,2.9998128,11.00290119779693,7.961287199735519,1
6.768778,0.05980547,0.24019238,0.5,0.8660254,0.16922337,123,1,2.8709733,10.92262657608934,6.768777857731129,0
9.404518,0.1566196,0.65,0.8660254,-0.5,0.4957274,123,3,3.9484105,9.587409428130702,9.404517657262613,3
3.2419212,0.07886948,0.5,1.0,6.123234e-17,0.3657379,123,2,3.771906,15.05736107008454,3.241921203745436,3
4.867306,1.1039392,0.2,-2.4492937e-16,1.0,0.44222108,123,1,3.0080082,12.059636350649912,4.867306375036614,1
5.467738,10.938293,0.35,-0.8660254,0.5,0.11151656,123,4,3.287265,14.257495767433225,5.467738270398023,3
6.2685003,0.3024023,0.24019238,0.5,0.8660254,0.13744345,123,1,2.945476,12.78638017372976,6.268500174902373,1
6.49644,5.7699876,0.65,-0.8660254,-0.5,0.21374509,123,3,3.7162454,1.6894998340533234,6.496439749597054,3
4.6936154,5.874161,0.35,-0.8660254,0.5,0.10240105,123,4,3.5055408,13.308596089642066,4.693615348973663,3
7.950601,1.1416006,0.24019238,-0.5,0.8660254,0.15275422,123,1,2.896413,12.72523854322245,7.950601245958204,0
5.8632956,0.2230577,0.24019238,0.5,0.8660254,0.4995284,123,1,2.9884374,11.505755057110898,5.86329534060918,1
4.195202,0.3115534,0.24019238,0.5,0.8660254,0.29875565,123,1,2.933904,13.193855450238921,4.195201886448651,1
9.44041,0.19568305,0.75980765,0.5,-0.8660254,0.12392221,123,3,4.4098735,-25.655503972704835,9.440410043045636,4
10.566879,0.0,0.75980765,0.5,-0.8660254,0.14720988,123,3,4.352129,-10.400106650922933,10.566879394471176,4
7.370737,0.53439605,0.24019238,0.5,0.8660254,0.17535205,123,1,2.855491,14.560429249363239,7.37073690993881,0
7.1164756,0.0,0.5,1.0,6.123234e-17,0.19368164,123,2,3.9700036,12.830811958038494,7.116475815362996,3
7.925147,1.7707211,0.24019238,-0.5,0.8660254,0.46989977,123,1,2.9495575,12.209450459244673,7.925147091152244,1
3.8674402,3.5604362,0.24019238,-0.5,0.8660254,0.4944218,123,1,2.9437625,10.78633219493297,3.86744017916614,1
4.913348,4.344618,0.24019238,-0.5,0.8660254,0.3511844,123,1,3.121925,15.747947552768377,4.91334823270121,2
7.002902,0.000244734,0.5,1.0,6.123234e-17,0.16417462,123,2,4.044144,12.602726016896272,7.00290203173926,4
7.957929,1.7419142,0.24019238,-0.5,0.8660254,0.3959947,123,1,3.064285,11.527710245718128,7.957928898671963,2
7.9600816,0.9078582,0.24019238,-0.5,0.8660254,0.40885276,123,1,3.0573657,13.682313033373317,7.960081667824738,2
3.9960132,5.6274643,0.24019238,-0.5,0.8660254,0.49929667,123,1,2.9227703,9.69138951314402,3.9960131099775102,0
5.4576783,9.901191,0.35,-0.8660254,0.5,0.4840308,123,1,3.158927,13.944003953556118,5.457678130160826,3
7.2093067,0.14174113,0.24019238,0.5,0.8660254,0.30811042,123,1,2.9052956,13.236834901503098,7.209306676482379,0
9.705472,0.22269766,0.75980765,0.5,-0.8660254,0.44758198,123,3,4.418243,4.373618959498251,9.705471710272594,4
10.223874,0.46358046,0.75980765,0.5,-0.8660254,0.3172706,123,3,4.476156,-8.101881951899097,10.223873996289289,4
5.9841814,0.9155807,0.24019238,-0.5,0.8660254,0.44518888,123,1,3.048424,9.816566138248373,5.984181567427682,2
4.207311,0.09174156,0.5,1.0,6.123234e-17,0.14826979,123,2,4.066137,14.686255113981723,4.207310925019611,4
3.8491786,0.49837494,0.2,-2.4492937e-16,1.0,0.37519124,123,1,3.045475,13.592544014808583,3.849178503874776,2
3.9985852,0.45117772,0.2,-2.4492937e-16,1.0,0.18211688,123,1,2.7085342,12.009060107586963,3.998585325911973,0
1.985333,6.73492,0.24019238,-0.5,0.8660254,0.33071083,123,1,3.1623855,13.584987200934936,1.985332916392521,3
4.53,0.3468856,0.2,-2.4492937e-16,1.0,0.13760012,123,1,2.7391987,14.001933308064796,4.530000273569729,0
7.3940644,0.031100487,0.5,1.0,6.123234e-17,0.28946888,123,2,3.7764177,10.408829198652116,7.394064473871649,3
4.0166535,0.9977529,0.24019238,0.5,0.8660254,0.4527999,123,1,3.088205,10.54388498503791,4.016653404125211,2
3.0757155,4.596439,0.24019238,-0.5,0.8660254,0.32504848,123,1,3.1566842,10.414872292617149,3.075715550915691,3
5.4006753,9.43307,0.35,-0.8660254,0.5,0.12572847,123,4,3.225266,13.167968900680265,5.400675436459413,3
4.822448,0.6060263,0.2,-2.4492937e-16,1.0,0.21339065,123,1,2.7181003,10.10489611546585,4.774943065747273,0
4.836075,0.20327139,0.24019238,0.5,0.8660254,0.38606986,123,1,3.1330402,10.019517706509813,4.836074611213653,3
10.556692,0.0,0.75980765,0.5,-0.8660254,0.22571473,123,3,4.5504727,-23.473819739300694,10.556691773640424,4
4.8360353,0.09036917,0.24019238,0.5,0.8660254,0.37678668,123,1,3.125247,11.358918503232216,4.836035256197253,2
5.63293,0.35636917,0.24019238,0.5,0.8660254,0.31021065,123,1,2.9451523,12.661189252754601,5.632929695814394,1
11.080726,0.007470973,0.75980765,0.5,-0.8660254,0.23298448,123,3,4.521035,-8.235310550265915,11.080725760252117,4
7.3072767,0.40981427,0.24019238,0.5,0.8660254,0.4451237,123,1,3.092303,11.34287466385359,7.307276810651675,2
5.4097786,12.328786,0.35,-0.8660254,0.5,0.40061694,123,1,3.1516469,13.218854287560935,5.409778727790249,3
4.939126,0.23587985,0.24019238,0.5,0.8660254,0.26370746,123,1,2.9461193,11.422704203623217,4.939126194271317,1
3.0148234,3.6061075,0.24019238,-0.5,0.8660254,0.26702225,123,1,3.1356518,10.167546993210287,3.014823545509022,3
10.323055,0.0037979279,0.75980765,0.5,-0.8660254,0.2127351,123,3,4.5353737,3.950183444460598,10.323055559907584,4
7.9454207,1.4310064,0.24019238,-0.5,0.8660254,0.4414181,123,1,3.0367172,10.630205125110491,7.945420868789878,2
4.24505,0.0,0.24019238,-0.5,0.8660254,0.27367228,123,1,3.0731277,10.44916996709001,4.245049944685101,2
10.154981,0.23108733,0.75980765,0.5,-0.8660254,0.28698593,123,3,4.5322094,-20.08544154194563,10.1549811016777,4
4.1572556,4.892863,0.24019238,-0.5,0.8660254,0.33168566,123,1,3.132743,13.686177873839016,4.157255874190264,3
5.4358807,8.388438,0.24019238,-0.5,0.8660254,0.1292604,123,1,2.9760427,15.557008222905184,5.435880652862034,1
4.342152,5.453466,0.24019238,-0.5,0.8660254,0.3807647,123,1,3.1094115,10.091365680233,4.342152058172577,2
7.1323,0.0,0.5,1.0,6.123234e-17,0.32422632,123,2,3.7693772,8.401636621970038,7.1322998386502725,3
4.165341,0.81244606,0.2,-2.4492937e-16,1.0,0.35525906,123,1,3.0625029,13.0120418144072,4.165341107093476,2
11.10429,0.2800643,0.75980765,0.5,-0.8660254,0.10930931,123,3,4.218819,-10.930277744267887,11.104289983659712,4
8.013755,0.0,0.24019238,0.5,0.8660254,0.1329478,123,1,2.9405062,11.76993205152698,8.013754384691367,1
8.787398,0.29769,0.75980765,0.5,-0.8660254,0.33842513,123,3,4.4667335,-1.571270548792267,8.787398428892914,4
9.084938,0.26006082,0.75980765,0.5,-0.8660254,0.3641537,123,3,4.4312425,-3.8491313990817613,9.084938400907197,4
7.894555,1.51366,0.24019238,-0.5,0.8660254,0.4389182,123,1,3.0433486,12.353930395908588,7.894555143470194,2
8.842279,0.21036942,0.65,0.8660254,-0.5,0.4662265,123,3,3.9190352,10.028978279074005,8.842279257936053,3
5.4760423,0.035502832,0.24019238,0.5,0.8660254,0.48518887,123,1,3.0322921,14.155938287532141,5.476042276881793,2
4.249434,3.709067,0.24019238,-0.5,0.8660254,0.19957462,123,1,3.0010448,12.557862251790441,4.24943375977411,1
6.7549305,0.27349326,0.24019238,0.5,0.8660254,0.20887552,123,1,2.814912,11.249610183276928,6.754930443082636,0
5.0646863,0.28431788,0.24019238,0.5,0.8660254,0.30765164,123,1,2.954411,11.554039317678646,5.064686425053581,1
2.8948634,9.773545,0.24019238,-0.5,0.8660254,0.3523485,123,1,3.1381981,14.308100085470766,2.8948632944168264,3
8.153724,0.19686037,0.24019238,0.5,0.8660254,0.13998483,123,1,2.9362972,13.360669729564727,8.153724044078876,1
5.480175,6.0570016,0.35,-0.8660254,0.5,0.15297444,123,1,3.1343503,15.200124337977554,5.480175214237156,3
4.8544235,0.82071114,0.2,-2.4492937e-16,1.0,0.4219485,123,1,3.0434492,14.286345904007554,4.854423395273806,2
9.083401,0.19107574,0.75980765,0.5,-0.8660254,0.28865707,123,3,4.540841,-15.540452904854932,9.083400983192371,4
5.378837,0.12975739,0.24019238,0.5,0.8660254,0.4666944,123,1,3.0843894,12.002925141374623,5.378836906318903,2
9.135109,0.05769657,0.24019238,0.5,0.8660254,0.30116633,123,1,2.8945382,14.412201950775385,9.135108645368266,0
7.054068,0.00044452876,0.5,1.0,6.123234e-17,0.31917208,123,2,3.7694707,14.395346799726582,7.054067919841241,3
7.9593363,1.5410007,0.24019238,-0.5,0.8660254,0.20407926,123,1,2.8465726,13.654475963665398,7.959336229589809,0
4.2289224,0.012242444,0.24019238,0.5,0.8660254,0.37729046,123,1,3.0886838,11.787834472774255,4.228922487344969,2
6.327317,3.1165066,0.75980765,-0.5,-0.8660254,0.13054371,123,3,4.5757036,10.599731212678945,6.327317023846544,4
2.8554144,1.2593474,0.2,-2.4492937e-16,1.0,0.41003826,123,1,2.9904618,10.766924591712545,2.855414339709397,1
6.0756145,0.032159727,0.24019238,0.5,0.8660254,0.4183166,123,1,3.1529245,12.485415745340127,6.075614320097359,3
5.2298903,0.35816124,0.24019238,0.5,0.8660254,0.47099578,123,1,3.0709674,13.026474112331078,5.229890398329192,2
8.856813,0.2933897,0.65,0.8660254,-0.5,0.17710662,123,3,4.0171046,-2.563562761862496,8.856813275305878,4
4.758039,3.8792903,0.24019238,-0.5,0.8660254,0.39419723,123,1,3.0941303,12.614929367118837,4.758038958725591,2
4.808476,0.15465152,0.2,-2.4492937e-16,1.0,0.12913252,123,1,2.7482955,11.991492587412463,4.808475855433567,0
5.468106,9.405892,0.35,-0.8660254,0.5,0.1699326,123,1,3.112693,13.599556244931131,5.4681056782000885,2
6.8918757,0.25468883,0.24019238,0.5,0.8660254,0.34197956,123,1,2.9815137,13.668519169370539,6.891875653480568,1
6.1123505,0.13656282,0.24019238,0.5,0.8660254,0.14327636,123,1,2.944083,10.488149807086813,6.112350350293296,1
5.1879115,0.7417268,0.2,-2.4492937e-16,1.0,0.16044345,123,1,2.7418284,15.117810531265459,5.18791168960105,0
8.8504,0.2435677,0.65,0.8660254,-0.5,0.27360186,123,3,4.0004225,2.4474960977118645,8.8503999768083,3
5.788335,10.941203,0.65,-0.8660254,-0.5,0.4135275,123,3,3.479182,9.197023652008019,5.788334656699953,3
5.106605,6.9391046,0.35,-0.8660254,0.5,0.2644141,123,1,3.0462234,12.431493653519953,5.106605020130648,2
7.937694,1.2519752,0.24019238,-0.5,0.8660254,0.25994897,123,1,2.8163736,13.617077822694322,7.937694152327316,0
4.2153826,0.0,0.24019238,-0.5,0.8660254,0.4768617,123,1,3.003918,11.407557931483323,4.215382495690255,1
6.611934,0.29837623,0.24019238,0.5,0.8660254,0.3186871,123,1,2.9237626,11.669703465487688,6.611934422007259,0
7.9537582,1.8699465,0.24019238,-0.5,0.8660254,0.3949846,123,1,3.0657978,11.33948625723473,7.953758384885183,2
8.849715,0.24506281,0.65,0.8660254,-0.5,0.33720708,123,3,3.9268966,-2.4822047432509295,8.849714877847749,3
4.814271,0.53412026,0.2,-2.4492937e-16,1.0,0.17600125,123,1,2.7200754,14.214302482822935,4.814270999942937,0
7.9545193,1.3279854,0.24019238,-0.5,0.8660254,0.321031,123,1,2.9455779,13.055334423217774,7.954519366141981,1
6.8080716,0.0,0.24019238,0.5,0.8660254,0.101600796,123,1,2.9643297,11.686047997260482,6.808071666711727,1
6.909936,0.11307529,0.24019238,0.5,0.8660254,0.44384727,123,1,3.106096,13.534175530250138,6.909935836151884,2
7.112399,0.18917696,0.24019238,0.5,0.8660254,0.16306321,123,1,2.894268,12.642631613890133,7.112398892732693,0
5.5331097,5.3698716,0.35,-0.8660254,0.5,0.20164609,123,1,3.067917,14.176454060272624,5.533109476332627,2
6.122471,0.32032362,0.24019238,0.5,0.8660254,0.4460006,123,1,3.1187003,9.632250681336828,5.898189482395752,2
6.197991,4.50815,0.75980765,-0.5,-0.8660254,0.13688333,123,3,4.6001034,-0.05292896800740099,6.197990700958063,4
9.883919,0.78022504,0.75980765,0.5,-0.8660254,0.34403995,123,3,4.435298,-8.8026725005532,9.883918720851934,4
6.4901185,2.3311713,0.24019238,-0.5,0.8660254,0.26719892,123,1,2.9044244,14.249435037515473,6.490118484413559,0
4.3234763,5.250204,0.24019238,-0.5,0.8660254,0.48674548,123,1,2.958906,11.606242125543465,4.323476502315112,1
6.2066026,5.530112,0.75980765,-0.5,-0.8660254,0.42909205,123,3,4.322322,3.2626315739058294,6.206602498671029,4
5.4736085,10.678523,0.35,-0.8660254,0.5,0.20560263,123,1,3.0238068,11.319157715217385,5.473608487188108,1
6.323426,0.10564127,0.24019238,0.5,0.8660254,0.16580735,123,1,2.8775861,11.769232901370872,6.323425698062994,0
11.727094,0.045705494,0.75980765,0.5,-0.8660254,0.48684084,123,3,4.354018,-26.803656152201267,11.727093781275448,4
3.127906,0.18901505,0.24019238,0.5,0.8660254,0.18562856,123,4,3.0666728,11.410166955106002,3.127906075525884,2
7.3098984,0.12275275,0.24019238,0.5,0.8660254,0.10886583,123,1,2.9577725,14.276442536733871,7.309898239318113,1
7.4579062,0.07340254,0.5,1.0,6.123234e-17,0.4338975,123,2,3.9808764,11.062606523273624,7.457906038198316,3
5.012702,0.09552872,0.24019238,0.5,0.8660254,0.4882218,123,1,3.0137956,13.882541158342905,5.012702040001957,1
2.534034,6.2662253,0.24019238,-0.5,0.8660254,0.43581554,123,1,3.0864365,11.725259962489714,2.534034048005449,2
7.080628,0.0,0.5,1.0,6.123234e-17,0.4301663,123,2,3.9848177,11.343565071928344,7.080627806234905,3
5.6681213,11.082,0.35,-0.8660254,0.5,0.47453386,123,1,3.1749313,11.126447648783694,5.668121150578919,3
7.9631195,1.7632246,0.24019238,-0.5,0.8660254,0.24816988,123,1,2.8205938,13.861638725724871,7.963119320551774,0
4.875061,7.976677,0.24019238,-0.5,0.8660254,0.17372113,123,1,2.9699776,12.015305110839718,4.87506082549466,1
11.519349,0.14255174,0.75980765,0.5,-0.8660254,0.18399322,123,3,4.3442116,-6.0115720118000535,11.519349345600672,4
3.1459162,0.30926523,0.24019238,0.5,0.8660254,0.2931745,123,1,2.914757,14.983916865870077,3.1459162292434777,0
10.427559,0.78880453,0.75980765,0.5,-0.8660254,0.31159008,123,3,4.4759026,4.195101172117365,10.427558638177612,4
8.710399,0.25284687,0.65,0.8660254,-0.5,0.29745418,123,3,3.962484,6.331872146557768,8.710398271225102,3
5.3386583,11.605729,0.35,-0.8660254,0.5,0.32118255,123,1,3.1284382,15.016302965681117,5.338658255138793,3
8.127724,0.18554609,0.24019238,0.5,0.8660254,0.4957296,123,1,2.9588275,13.80084955003824,8.127723608185601,1
11.235025,0.030149275,0.75980765,0.5,-0.8660254,0.27729684,123,3,4.526559,-14.506362133989347,11.235025038858902,4
4.8239384,0.8988356,0.2,-2.4492937e-16,1.0,0.25167054,123,1,2.756244,13.385886403537029,4.8239381783390085,0
7.0696864,0.050850168,0.5,1.0,6.123234e-17,0.33108798,123,2,3.7686453,12.225826505880137,7.069686383379119,3
5.032155,0.21140969,0.2,-2.4492937e-16,1.0,0.3799435,123,1,3.0823877,10.665745392487608,5.032154908111138,2
4.5163317,3.4378777,0.24019238,-0.5,0.8660254,0.21900007,123,1,3.0013115,13.287527753090586,4.516331794108562,1
7.954858,1.6311823,0.24019238,-0.5,0.8660254,0.46221206,123,1,2.9777925,10.879609456135375,7.954857760210419,1
5.4968977,5.4046836,0.35,-0.8660254,0.5,0.17206143,123,1,3.1303182,12.535888520640158,5.496897488679535,3
10.788433,0.037765883,0.75980765,0.5,-0.8660254,0.13763069,123,3,4.309984,-3.202814985818967,10.788432729923809,4
2.8125007,6.134031,0.24019238,-0.5,0.8660254,0.23023096,123,1,3.0962691,12.200034913563053,2.8125007410914096,2
12.172789,0.28627726,0.75980765,0.5,-0.8660254,0.11121686,123,3,4.0667677,-13.698583605108976,12.172788181911192,4
2.714258,8.468867,0.24019238,-0.5,0.8660254,0.1996378,123,1,3.0826645,13.6061308708485,2.714257954342046,2
13.516632,0.31082743,0.24019238,0.5,0.8660254,0.36727464,123,1,3.036999,11.690005730206355,13.51663245259432,2
9.673785,3.8092098,0.24019238,-0.5,0.8660254,0.38830832,123,1,3.031841,12.240173286524776,9.673785534850811,2
7.9181986,1.9542174,0.24019238,-0.5,0.8660254,0.46383402,123,1,2.9724693,10.242111701676569,7.665622824887765,1
10.517561,0.3104662,0.75980765,0.5,-0.8660254,0.21097122,123,3,4.512718,-11.498209579147733,10.517561136575011,4
9.691614,0.45814338,0.75980765,0.5,-0.8660254,0.40164754,123,3,4.384778,-7.029025545362397,9.69161391615957,4
6.4586234,0.24140388,0.24019238,0.5,0.8660254,0.10830639,123,1,2.9570916,13.6918381272942,6.45862334011268,1
10.201404,0.57712865,0.75980765,0.5,-0.8660254,0.22872543,123,3,4.5680714,-15.90409944607103,10.201403945563042,4
2.4399023,5.0848846,0.24019238,-0.5,0.8660254,0.30151796,123,1,3.1352012,13.684379841587228,2.43990221274798,3
5.162118,0.0,0.24019238,0.5,0.8660254,0.37077937,123,1,3.1199548,14.471223400400492,5.162117764721174,2
8.844538,0.09654518,0.65,0.8660254,-0.5,0.23029275,123,3,4.0264864,8.061456001291996,8.844537727641615,4
5.250296,0.061409414,0.24019238,0.5,0.8660254,0.104511596,123,1,2.9225516,15.44602073296388,5.250295955729137,0
7.1537423,0.3093532,0.5,1.0,6.123234e-17,0.22195594,123,2,3.9003155,13.290008391340718,7.153742394973268,3
7.63062,0.13811333,0.24019238,0.5,0.8660254,0.1990719,123,1,2.8070862,13.037574559317378,7.630619897254562,0
8.878564,0.45634893,0.75980765,0.5,-0.8660254,0.22086947,123,3,4.620598,2.488397731183829,8.878564019777338,4
3.9615874,10.955852,0.35,-0.8660254,0.5,0.27293903,123,1,3.0876415,14.26657112555654,3.9615873163189335,2
7.962259,0.939995,0.24019238,-0.5,0.8660254,0.20414922,123,1,2.8502913,14.769774591832878,7.962258815765381,0
11.170151,0.6148613,0.75980765,0.5,-0.8660254,0.22132002,123,3,4.48339,-6.787767796161599,11.170150464639574,4
7.9550047,0.9274146,0.24019238,-0.5,0.8660254,0.20674402,123,1,2.848708,13.254193449467682,7.955004887051052,0
6.7146707,0.2058783,0.65,0.8660254,-0.5,0.2883042,123,3,3.9237149,4.558734461552579,6.714670853181404,3
8.846406,0.07647745,0.65,0.8660254,-0.5,0.2921029,123,3,3.9675317,1.3297720484875306,8.846405968098123,3
12.280947,6.0949993,0.65,-0.8660254,-0.5,0.41883054,123,3,3.7709057,-4.734206454388739,12.280946842767952,3
3.947962,4.957126,0.24019238,-0.5,0.8660254,0.40175375,123,1,3.1026304,10.305389742856676,3.947962051118107,2
4.82476,0.35478148,0.2,-2.4492937e-16,1.0,0.4335711,123,1,3.0314693,11.74071201956172,4.824759733370295,1
8.14068,0.8299249,0.75980765,0.5,-0.8660254,0.14248733,123,3,4.5229273,-4.3466236115713155,8.140680421882559,4
8.834505,0.23655944,0.65,0.8660254,-0.5,0.23512477,123,3,4.026883,-0.4828834873246022,8.834505067396444,4
9.493989,0.64042956,0.75980765,0.5,-0.8660254,0.11608185,123,3,4.3913584,-9.958428153881862,9.49398853006229,4
3.2886012,0.2932559,0.24019238,0.5,0.8660254,0.4287777,123,1,3.087752,11.32250385690705,3.288601256604053,2
4.918865,4.672638,0.24019238,-0.5,0.8660254,0.24141598,123,1,2.983672,9.703659176094202,4.704079825277457,1
7.639502,0.060950067,0.24019238,0.5,0.8660254,0.24504055,123,1,2.8206584,14.160880272412964,7.639502111504968,0
8.043916,7.3924193,0.65,-0.8660254,-0.5,0.4127208,123,3,3.570218,8.456648728930652,8.043915311532864,3
4.8191876,0.27447423,0.24019238,0.5,0.8660254,0.22296275,123,1,2.8918073,13.538676230230589,4.819187722517318,0
10.931347,0.051160023,0.75980765,0.5,-0.8660254,0.23418748,123,3,4.5353327,-10.71512259015805,10.931346865716842,4
5.2165565,6.4098315,0.35,-0.8660254,0.5,0.47999805,123,1,3.1691697,15.234650885788579,5.216556677985094,3
10.342384,0.8023036,0.75980765,0.5,-0.8660254,0.30440187,123,3,4.4915476,-2.7417562870705243,10.342384608304972,4
9.041122,5.468136,0.65,-0.8660254,-0.5,0.13347782,123,3,3.9155135,6.320230793668691,9.041122114110587,3
3.0267766,4.0478044,0.24019238,-0.5,0.8660254,0.31942007,123,1,3.149719,14.021586372776701,3.026776542080276,3
2.8219593,0.06013825,0.5,1.0,6.123234e-17,0.30122656,123,2,3.749425,13.87483276276723,2.821959295195111,3
4.825409,0.4469613,0.2,-2.4492937e-16,1.0,0.35800964,123,1,3.1014702,14.916104876214282,4.825408810653542,2
2.7048342,7.2062607,0.24019238,-0.5,0.8660254,0.49386415,123,1,2.9512699,11.881970935018057,2.70483433032288,1
5.4634457,0.27660713,0.24019238,0.5,0.8660254,0.42021576,123,1,3.1611946,14.190587958166413,5.463445450876479,3
10.93958,0.28729653,0.24019238,0.5,0.8660254,0.43558854,123,1,2.9937503,11.366106186600572,10.93958034875314,1
8.531844,0.34406945,0.24019238,0.5,0.8660254,0.27232784,123,1,2.8359578,13.601529275399768,8.531844517169883,0
6.804168,0.0,0.24019238,0.5,0.8660254,0.46923465,123,1,3.0501163,13.408521534033708,6.804168006404643,2
15.009679,0.19848359,0.24019238,0.5,0.8660254,0.18730183,123,1,2.9160812,10.204917454051712,15.00967854903904,0
8.188366,0.3663527,0.5,1.0,6.123234e-17,0.21158819,123,2,3.8886967,10.923568093300666,8.188365566975417,3
8.84239,0.28818366,0.65,0.8660254,-0.5,0.23271598,123,3,4.0275736,-5.59978078655517,8.842389791949293,4
6.0059156,0.34786773,0.24019238,0.5,0.8660254,0.424234,123,1,3.1565578,14.820248992880677,6.005915641580901,3
4.149098,5.895884,0.24019238,-0.5,0.8660254,0.19952537,123,1,3.003546,14.723641596684729,4.149097780124508,1
6.332791,0.053077962,0.24019238,0.5,0.8660254,0.48398897,123,1,3.019178,12.747114870647613,6.3327908492061615,1
5.1631775,3.1148224,0.24019238,-0.5,0.8660254,0.29435876,123,1,3.0218315,12.964445852246559,5.163177700431811,1
5.1558323,4.431209,0.24019238,-0.5,0.8660254,0.26428103,123,1,2.9925945,15.188247866285987,5.155832331505885,1
4.819855,0.33719125,0.2,-2.4492937e-16,1.0,0.43105358,123,1,3.0362704,10.937300332305131,4.819855085053404,2
5.631879,0.22360785,0.24019238,0.5,0.8660254,0.35318565,123,1,3.0493143,10.136611614535411,5.631879025216568,2
2.0790014,5.769751,0.24019238,-0.5,0.8660254,0.4051317,123,1,3.1271274,13.389678740728364,2.07900136109714,2
7.005601,0.26945916,0.24019238,0.5,0.8660254,0.41249552,123,1,3.1286924,9.518577469957261,7.005601116952971,3
9.075383,0.4116895,0.75980765,0.5,-0.8660254,0.4073649,123,3,4.422224,-12.238149735959219,9.0753834480759,4
4.568234,0.72269887,0.2,-2.4492937e-16,1.0,0.4294089,123,1,3.0420744,10.794789409021849,4.568234191530241,2
6.204605,5.5604115,0.75980765,-0.5,-0.8660254,0.48116285,123,3,4.2622685,3.8317486764904887,6.204605019588583,4
5.43688,2.5442722,0.24019238,-0.5,0.8660254,0.20733465,123,1,2.9417322,14.75104441960651,5.436880187481267,1
9.075437,0.256014,0.5,1.0,6.123234e-17,0.47793892,123,2,3.88556,10.144183053426971,9.075436659679749,3
5.29133,0.12999345,0.24019238,0.5,0.8660254,0.29636654,123,1,2.953211,14.26087252101782,5.291330011336534,1
3.7804916,3.5260956,0.24019238,-0.5,0.8660254,0.36236215,123,1,3.1381395,13.732460698986197,3.780491584648601,3
11.497747,13.058533,0.65,-0.8660254,-0.5,0.41153285,123,3,3.7625306,-5.1402855825208755,11.49774776398987,3
6.236924,3.0762064,0.75980765,-0.5,-0.8660254,0.11948023,123,3,4.5694475,9.481013872908758,6.236924346630329,4
4.828012,0.21619637,0.2,-2.4492937e-16,1.0,0.40743744,123,1,3.0561583,11.542662540350408,4.8280118518803175,2
4.587834,3.7794402,0.24019238,-0.5,0.8660254,0.14398336,123,1,3.0146668,11.9521640691282,4.587833926387966,1
7.440269,0.5115556,0.75980765,0.5,-0.8660254,0.19417042,123,3,4.6441655,5.726775835447359,7.440268797996321,4
4.1535883,5.032255,0.24019238,-0.5,0.8660254,0.43369827,123,1,3.0752437,10.165670528062254,4.153588412758845,2
7.955624,0.0,0.24019238,-0.5,0.8660254,0.32668895,123,1,2.9536343,12.05069432629437,7.95562422563456,1
7.9578276,0.0,0.24019238,-0.5,0.8660254,0.4155679,123,1,3.057367,13.6858672927136,7.957827605910031,2
10.269227,0.6158266,0.75980765,0.5,-0.8660254,0.4681382,123,3,4.3996572,-4.407955894444463,10.26922666896156,4
5.2472982,0.32462013,0.24019238,0.5,0.8660254,0.19814743,123,1,2.8766868,12.124604277762593,5.247298408866113,0
4.5896473,0.2721192,0.24019238,0.5,0.8660254,0.14964955,123,1,2.8888695,14.959530122057938,4.589647070081152,0
10.249913,0.04566219,0.24019238,0.5,0.8660254,0.32884407,123,1,2.9823947,11.370325775870555,10.24991350099905,1
10.101243,0.073433496,0.75980765,0.5,-0.8660254,0.24847834,123,3,4.5835075,-8.784104479225979,10.101243051782044,4
2.1998355,5.8937755,0.24019238,-0.5,0.8660254,0.30841458,123,1,3.1464078,15.647190598044395,2.1998355204629783,3
4.2276335,2.2863278,0.24019238,0.5,0.8660254,0.35522306,123,1,3.053077,10.113234680445196,4.227633266568949,2
7.905635,2.5845888,0.24019238,-0.5,0.8660254,0.21606116,123,1,2.834007,13.60603874585398,7.905634922068839,0
7.9589467,1.5220124,0.24019238,-0.5,0.8660254,0.34233952,123,1,2.9923332,13.103314340149293,7.958946791554654,1
7.9605856,1.2422825,0.24019238,-0.5,0.8660254,0.44126713,123,1,3.036339,13.163369674565743,7.960585813686777,2
3.7475457,0.0,0.5,1.0,6.123234e-17,0.44063357,123,2,3.7519007,15.676806445965058,3.747545672280679,3
12.089631,0.66688937,0.75980765,0.5,-0.8660254,0.40531275,123,3,4.2719803,-28.3236836432773,12.089631393875845,4
7.46575,3.4491208,0.24019238,-0.5,0.8660254,0.32031274,123,1,2.970497,12.276635816985134,7.465750257508963,1
7.8956084,1.314984,0.24019238,-0.5,0.8660254,0.23346418,123,1,2.8313582,13.47558346459663,7.895608547550034,0
4.174441,0.6640027,0.2,-2.4492937e-16,1.0,0.3893126,123,1,3.051214,9.570142629770961,4.174441036623637,2
1.8226815,7.2495484,0.24019238,-0.5,0.8660254,0.44370523,123,1,3.0739715,11.560344773340862,1.822681544926892,2
6.3986754,0.13903503,0.75980765,0.5,-0.8660254,0.10954309,123,3,4.620197,0.4296320520126007,6.39867559333075,4
5.4783587,5.936869,0.35,-0.8660254,0.5,0.13585673,123,4,3.227191,14.418005098228834,5.478358757345806,3
7.2375555,0.14734615,0.24019238,0.5,0.8660254,0.47577062,123,1,3.0231903,10.364445222273288,7.237555652064287,1
8.8447275,0.0,0.65,0.8660254,-0.5,0.2519378,123,3,4.023912,11.718270121265677,8.844727514849662,4
4.1719623,5.0627503,0.24019238,-0.5,0.8660254,0.3646804,123,1,3.1267285,13.157667688272545,4.171962456222737,2
5.4207335,7.1468525,0.35,-0.8660254,0.5,0.41736418,123,1,3.18066,14.098724074725743,5.420733671685588,3
5.5343256,6.928639,0.35,-0.8660254,0.5,0.3763919,123,1,3.1725514,14.149528592335864,5.534325634732358,3
8.821093,0.06845259,0.65,0.8660254,-0.5,0.3083577,123,3,3.953499,-1.6848897299649792,8.821092649010456,3
5.5138946,5.809525,0.35,-0.8660254,0.5,0.30595896,123,1,3.1190727,14.478692479212361,5.513894643725846,2
6.2855663,4.0871816,0.24019238,-0.5,0.8660254,0.4889125,123,1,2.9132376,13.406038790213145,6.285566538428798,0
10.454015,0.0018112563,0.75980765,0.5,-0.8660254,0.15428989,123,3,4.376437,-9.09472777072057,10.454014841339744,4
9.477029,0.3280801,0.75980765,0.5,-0.8660254,0.40110135,123,3,4.397873,-0.14461476527624484,9.477028959738089,4
9.964548,0.0,0.24019238,0.5,0.8660254,0.16886985,123,1,2.9143007,11.150374111312379,9.964548042275286,0
8.885696,0.26057494,0.65,0.8660254,-0.5,0.30539167,123,3,3.9550462,7.611685984755628,8.885696022609107,3
5.356354,4.4995985,0.24019238,-0.5,0.8660254,0.27462018,123,1,2.9894507,13.544626882818285,5.356354212986043,1
9.402153,0.40149936,0.65,0.8660254,-0.5,0.44639352,123,3,3.8905478,-21.790045586493115,9.4021527798432,3
16.63539,0.17440027,0.24019238,0.5,0.8660254,0.35325217,123,1,2.8841765,0.9747273724652248,16.635389147961938,0
7.9621973,1.3823714,0.24019238,-0.5,0.8660254,0.31179717,123,1,2.9243503,9.835801489648608,7.962197098160633,0
4.273654,0.21857537,0.24019238,0.5,0.8660254,0.15689531,123,1,2.8851283,11.906867808261858,4.273654054154082,0
4.2080326,0.15165512,0.24019238,0.5,0.8660254,0.25908554,123,1,2.9430087,15.667090538088013,4.208032484981633,1
12.054232,0.2537513,0.75980765,0.5,-0.8660254,0.30033383,123,3,4.4408727,-4.492215825573026,12.054232049318337,4
3.9316,0.16563833,0.24019238,0.5,0.8660254,0.17102921,123,1,2.893594,13.189227150233231,3.93160004243226,0
7.47743,0.097141065,0.5,1.0,6.123234e-17,0.34293708,123,2,3.7743597,14.431333651330208,7.477429932470384,3
3.9402256,2.9837277,0.24019238,-0.5,0.8660254,0.18201178,123,1,3.0229883,12.731092743994072,3.940225659020691,1
9.582453,0.1410678,0.24019238,0.5,0.8660254,0.2691636,123,1,2.823319,11.863400723617001,9.582452953312412,0
9.19408,0.1093297,0.75980765,0.5,-0.8660254,0.26779607,123,3,4.572696,-18.874078192634332,9.194080629394447,4
3.7794065,0.7048033,0.2,-2.4492937e-16,1.0,0.16939634,123,1,2.7163603,13.302495105861736,3.7794064906026295,0
4.078385,3.9671717,0.24019238,-0.5,0.8660254,0.47145414,123,1,3.0198543,14.857813537731563,4.078384797022081,1
4.969632,0.21205628,0.24019238,0.5,0.8660254,0.42222875,123,1,3.1627057,10.938504998605294,4.969632021613423,3
6.507865,0.102220684,0.24019238,0.5,0.8660254,0.335324,123,1,2.9724958,14.494200102762603,6.507864885467703,1
9.241982,0.22914605,0.75980765,0.5,-0.8660254,0.4760533,123,3,4.4521875,-1.360733130273644,9.24198230252259,4
11.050597,0.14595746,0.75980765,0.5,-0.8660254,0.28397906,123,3,4.519249,-27.783461850323917,11.050597383194232,4
6.328043,0.36343506,0.5,1.0,6.123234e-17,0.35317007,123,2,3.7719142,14.209056472176751,6.328043076177586,3
7.5457087,0.2561634,0.24019238,0.5,0.8660254,0.35912263,123,1,3.0230038,13.70756545141763,7.545708656903421,1
2.8334014,6.5270176,0.24019238,-0.5,0.8660254,0.37465253,123,1,3.1383293,12.486217861931918,2.8334015284296616,3
6.0585704,0.05979638,0.24019238,0.5,0.8660254,0.15908612,123,1,2.8993838,14.027422588286315,6.058570556457573,0
7.9603934,1.1098894,0.24019238,-0.5,0.8660254,0.47907197,123,1,2.9086082,12.503395288185173,7.960393404442646,0
6.3271747,0.20785856,0.24019238,0.5,0.8660254,0.16747479,123,1,2.8716333,14.046791258248449,6.327174524747728,0
7.798492,0.25246754,0.24019238,0.5,0.8660254,0.27008945,123,1,2.8437521,13.296734774314135,7.798491856716604,0
2.1646051,5.389822,0.24019238,-0.5,0.8660254,0.33961028,123,1,3.1731703,16.955128630180624,2.1646051894513905,3
4.661775,0.13674529,0.24019238,0.5,0.8660254,0.25141728,123,1,2.9296865,11.509843854003883,4.661775026686372,1
8.558732,0.23145686,0.5,1.0,6.123234e-17,0.15731093,123,2,4.0012593,13.17007012656373,8.558732163090497,3
5.4786935,0.0,0.35,-0.8660254,0.5,0.4772827,123,1,3.1719902,13.415037620583659,5.478693340298354,3
6.2071266,4.057378,0.75980765,-0.5,-0.8660254,0.44508463,123,3,4.2729373,-6.336970155988331,6.207126452046523,4
6.614882,0.21032722,0.24019238,0.5,0.8660254,0.23556273,123,1,2.8524492,14.357777830610933,6.614882021483533,0
5.1663437,0.28372607,0.24019238,0.5,0.8660254,0.17727715,123,1,2.8725555,15.52488251868515,5.166343917977383,0
9.369985,0.0,0.75980765,0.5,-0.8660254,0.43923756,123,3,4.4347343,-17.330253000862648,9.369985033832696,4
6.0033,6.599756,0.35,-0.8660254,0.5,0.39043152,123,1,3.1729362,12.020335713064528,6.003300277499995,3
3.3476045,5.424778,0.24019238,-0.5,0.8660254,0.15848748,123,1,3.0454345,16.36374621507495,3.347604459049554,2
6.3986754,0.13903503,0.75980765,0.5,-0.8660254,0.286965,123,3,4.5755434,1.8176916689225964,6.39867559333075,4
7.957575,1.5110531,0.24019238,-0.5,0.8660254,0.13007286,123,1,2.889583,14.092496306806057,7.957574787254181,0
9.727627,0.0837887,0.5,1.0,6.123234e-17,0.32391578,123,2,3.761933,11.504191389127067,9.72762641474635,3
10.964653,0.5497372,0.75980765,0.5,-0.8660254,0.49638477,123,3,4.433779,-6.031849978466018,10.964652973520009,4
8.058952,1.7883142,0.24019238,-0.5,0.8660254,0.3816314,123,1,3.0696056,13.855760252626304,8.058952475260854,2
6.1982465,4.1938367,0.75980765,-0.5,-0.8660254,0.20602746,123,3,4.6620283,5.387584477786053,6.198246316453794,4
5.6044307,2.6399643,0.24019238,-0.5,0.8660254,0.4018741,123,1,3.0818312,13.747376611430244,5.604430835724432,2
12.505822,0.545754,0.75980765,0.5,-0.8660254,0.47806835,123,3,4.31028,-13.788925460788615,12.505822348264484,4
5.5344405,0.0455303,0.24019238,0.5,0.8660254,0.11775568,123,1,2.9342835,15.242957684651754,5.534440283562717,1
9.5394335,0.8796739,0.75980765,0.5,-0.8660254,0.16097578,123,3,4.4635324,-12.59719511123388,9.539433870522249,4
4.684589,3.3996928,0.24019238,-0.5,0.8660254,0.139843,123,1,3.0118563,11.075069886095095,4.684588689573332,1
4.686112,0.0070408303,0.24019238,0.5,0.8660254,0.1375883,123,1,2.9085453,13.241474466963734,4.686111886869192,0
8.854701,0.20235316,0.65,0.8660254,-0.5,0.18238927,123,3,4.019931,-5.774993893865762,8.854701207531301,4
7.9451504,1.1648308,0.24019238,-0.5,0.8660254,0.1248402,123,1,2.8920548,11.751055969090665,7.945150412996284,0
4.314231,7.0916214,0.24019238,-0.5,0.8660254,0.19187132,123,1,2.9886549,10.096537599517488,3.291055571682425,1
8.381765,0.70404077,0.75980765,0.5,-0.8660254,0.29951116,123,3,4.5237937,0.4664859749892951,8.381765575581637,4
4.7756934,0.0,0.24019238,-0.5,0.8660254,0.16842353,123,1,2.9922314,10.936743502735288,4.775693426201683,1
4.3786054,0.11663998,0.24019238,0.5,0.8660254,0.12510347,123,1,2.90576,13.267682422273413,4.37860525141165,0
6.6310716,0.0010931067,0.24019238,0.5,0.8660254,0.32610187,123,1,2.9413517,13.675651357046334,6.631071332908928,1
4.846666,0.0,0.24019238,-0.5,0.8660254,0.22046705,123,1,2.9870186,15.187521191243789,4.846665940185043,1
9.769276,0.2652836,0.65,0.8660254,-0.5,0.43753707,123,3,3.878448,10.846417921702233,9.769275997361351,3
7.86016,0.06794626,0.24019238,0.5,0.8660254,0.20113681,123,1,2.801736,13.611396884931272,7.860159913830454,0
11.589058,0.07783232,0.75980765,0.5,-0.8660254,0.39881387,123,3,4.3004537,-12.639869914847946,11.589057547312024,4
9.063188,0.31960714,0.75980765,0.5,-0.8660254,0.2588594,123,3,4.5853777,-9.730452130735404,9.063187253594242,4
2.960268,0.024476066,0.24019238,0.5,0.8660254,0.2948127,123,1,2.9117281,12.871390763924412,2.9602679981555555,0
5.8729253,0.16253525,0.24019238,0.5,0.8660254,0.2822395,123,1,2.9331305,11.426536934663723,5.872925185165997,1
2.0457325,6.393421,0.24019238,-0.5,0.8660254,0.4769928,123,1,3.0196278,13.497493927858974,2.045732562264749,1
5.269316,0.12355,0.24019238,0.5,0.8660254,0.14535719,123,1,2.9186456,13.364691458536576,5.269316130931775,0
4.1137743,4.037988,0.24019238,-0.5,0.8660254,0.14644271,123,1,3.0328043,13.40189197789056,4.113774081308764,2
7.95486,1.3070539,0.24019238,-0.5,0.8660254,0.13339558,123,1,2.8907921,13.598409976276416,7.954860004227815,0
12.23094,0.13904078,0.75980765,0.5,-0.8660254,0.4703677,123,3,4.3279862,-6.905960204595525,12.230940260402644,4
6.07841,0.21815747,0.24019238,0.5,0.8660254,0.37535346,123,1,3.1013865,12.293777900923848,6.078410358822312,2
3.3957763,3.937742,0.24019238,-0.5,0.8660254,0.33083135,123,1,3.1596897,12.322792872295638,3.395776283010877,3
5.8150134,0.0,0.24019238,0.5,0.8660254,0.16793707,123,1,2.8795211,10.104078724850863,5.815013340201912,0
7.9798937,1.2069818,0.24019238,-0.5,0.8660254,0.11815838,123,1,2.894333,13.494176983072444,7.97989347770095,0
4.1853743,0.0002455091,0.5,1.0,6.123234e-17,0.12933622,123,2,4.145296,14.720127881961696,4.185374227005166,4
8.0529585,0.0,0.24019238,0.5,0.8660254,0.24331848,123,1,2.800083,14.143996833253249,8.052958935479317,0
5.3099675,0.25025412,0.24019238,0.5,0.8660254,0.25061405,123,1,2.9266913,12.420324904373048,5.309967469402221,0
9.943061,0.2730477,0.75980765,0.5,-0.8660254,0.21292576,123,3,4.5623355,-6.29767884385123,9.94306074943276,4
7.602972,0.29845554,0.24019238,0.5,0.8660254,0.42973295,123,1,3.1078405,12.755090970855107,7.602971844758447,2
4.726573,0.0,0.24019238,-0.5,0.8660254,0.2785511,123,1,3.046737,13.155153972361411,4.726573142092943,2
7.9573603,1.61943,0.24019238,-0.5,0.8660254,0.31811833,123,1,2.939568,12.091422726830018,7.957360257471694,1
8.847759,0.27857777,0.65,0.8660254,-0.5,0.3552057,123,3,3.9031272,-15.72756496418802,8.847759100543467,3
4.1957736,0.24670887,0.24019238,0.5,0.8660254,0.15867428,123,1,2.8860018,13.051196616591842,4.195773386909233,0
10.51348,0.7260859,0.75980765,0.5,-0.8660254,0.1129891,123,3,4.2935777,-24.774336037489274,10.51347986962494,4
6.648956,0.26917192,0.24019238,0.5,0.8660254,0.43321568,123,1,3.135066,11.660091609059615,6.648955905187715,3
7.9571953,1.10476,0.24019238,-0.5,0.8660254,0.34320933,123,1,2.9930723,13.694267007874313,7.957195298836255,1
4.416962,4.5402985,0.24019238,-0.5,0.8660254,0.33523497,123,1,3.1282723,11.660039657107715,4.41696215025256,3
9.086264,0.3577342,0.65,0.8660254,-0.5,0.21877809,123,3,4.0305386,2.366193344371003,9.08626355770495,4
3.1147342,5.2726226,0.24019238,-0.5,0.8660254,0.17237715,123,1,3.0605576,12.489579273775249,3.114734089904185,2
19.63923,0.27449015,0.24019238,0.5,0.8660254,0.4170006,123,1,2.1185052,-0.05158112310579921,19.63923081241553,0
5.0094576,4.1828327,0.24019238,-0.5,0.8660254,0.44300693,123,1,3.058327,11.617050071504092,5.009457822121351,2
8.849201,0.25202858,0.65,0.8660254,-0.5,0.13284971,123,3,4.0322204,8.457963251940757,8.849201156464082,4
5.336989,1.8880249,0.24019238,-0.5,0.8660254,0.23091964,123,1,2.9529974,12.515238956405915,5.33698879564463,1
10.203064,0.026692852,0.5,1.0,6.123234e-17,0.1816637,123,2,3.8688269,6.795094920729011,10.203064161150545,3
7.5194926,0.00074528466,0.5,1.0,6.123234e-17,0.23105597,123,2,3.8846653,13.87041902598754,7.5194926164944835,3
3.4052474,0.19915234,0.24019238,0.5,0.8660254,0.420799,123,1,3.0876274,10.267527812843488,3.4052474635195438,2
4.825684,0.12376488,0.2,-2.4492937e-16,1.0,0.3601927,123,1,3.099857,12.285524749207836,4.8256840856555545,2
4.137979,5.530056,0.24019238,-0.5,0.8660254,0.4654621,123,1,3.031473,13.863246798890367,4.13797902229848,2
7.9589467,1.5220124,0.24019238,-0.5,0.8660254,0.41133133,123,1,3.0581625,13.3153926756905,7.958946791554654,2
4.1867795,0.84058523,0.2,-2.4492937e-16,1.0,0.46149182,123,1,2.9740753,11.008310667902203,4.186779292828772,1
4.827904,1.0424848,0.2,-2.4492937e-16,1.0,0.4515072,123,1,2.9926143,10.40710410439963,4.827904339671425,1
4.872217,1.5003576,0.2,-2.4492937e-16,1.0,0.4110067,123,1,3.0473008,14.533094484669961,4.872217133342176,2
7.962766,1.8551964,0.24019238,-0.5,0.8660254,0.31666824,123,1,2.9363742,13.17045303879401,7.962766332596513,1
4.8288536,0.7272928,0.2,-2.4492937e-16,1.0,0.10143664,123,1,2.7386796,13.787396076286766,4.828853511507995,0
7.500388,0.0,0.24019238,0.5,0.8660254,0.15506436,123,1,2.9256346,9.551756350560044,7.500388185213912,0
5.027995,0.450354,0.5,1.0,6.123234e-17,0.22147961,123,2,3.860952,14.442557730498155,5.027995185715528,3
9.287916,0.17202878,0.75980765,0.5,-0.8660254,0.14889374,123,3,4.463866,-2.391139011808359,9.28791614787537,4
3.2953038,7.302815,0.24019238,-0.5,0.8660254,0.39599007,123,1,3.1071339,15.27453788857673,3.295303799941318,2
5.1830344,3.0031154,0.24019238,-0.5,0.8660254,0.12325402,123,1,2.9694326,14.74826382767334,5.183034414951009,1
7.544013,0.17573093,0.5,1.0,6.123234e-17,0.3229432,123,2,3.769045,12.837199835538614,7.544013084233939,3
4.80724,0.98703456,0.2,-2.4492937e-16,1.0,0.18337348,123,1,2.7135794,14.950284715754107,4.807239994311312,0
8.852133,0.30234262,0.65,0.8660254,-0.5,0.11377956,123,3,4.061906,7.263431270751114,8.852132711285366,4
8.729823,0.26010135,0.24019238,0.5,0.8660254,0.20879275,123,1,2.7778199,12.363726044337932,8.72982274289819,0
8.735059,0.7347663,0.75980765,0.5,-0.8660254,0.25029477,123,3,4.597994,-1.6638793777549385,8.735058719807872,4
3.4962862,5.174872,0.24019238,-0.5,0.8660254,0.2160222,123,1,3.0644329,10.553557818643545,3.4962862620411177,2
9.828136,0.2732009,0.75980765,0.5,-0.8660254,0.44210437,123,3,4.4184318,0.24788062139831935,9.828136152703475,4
4.8039994,0.15544097,0.2,-2.4492937e-16,1.0,0.16041107,123,1,2.735483,13.49776502217827,4.803999386733543,0
6.023258,0.12332722,0.24019238,0.5,0.8660254,0.14924622,123,1,2.930834,12.767598278335067,6.023258135837849,1
5.1067195,6.1762185,0.24019238,-0.5,0.8660254,0.2694357,123,1,2.9920661,15.57931708741406,5.1067196120035385,1
9.219927,0.21660584,0.65,0.8660254,-0.5,0.45619723,123,3,3.91329,10.662983043241386,9.219927173507704,3
9.283681,0.087561876,0.24019238,0.5,0.8660254,0.28003892,123,1,2.8501728,9.90893461507491,9.28368111670951,0
6.3288875,0.20437856,0.24019238,0.5,0.8660254,0.17297497,123,1,2.8604558,11.768502822746159,6.328887388508599,0
8.364353,0.2735206,0.75980765,0.5,-0.8660254,0.23669687,123,3,4.627247,0.7263465285927517,8.364352830698339,4
9.198582,6.252088,0.65,-0.8660254,-0.5,0.19535305,123,3,3.9018846,8.353452755917004,9.198581804377492,3
4.9893117,6.7832847,0.65,-0.8660254,-0.5,0.26846713,123,3,3.6690845,14.690061022395824,4.989311683519066,3
7.0336003,0.111081935,0.24019238,0.5,0.8660254,0.29521194,123,1,2.8984854,12.965674195012369,7.033600406192728,0
5.578934,6.3533416,0.35,-0.8660254,0.5,0.18004231,123,1,3.1087627,14.721954232820032,5.578934410374452,2
6.204333,5.0324636,0.75980765,-0.5,-0.8660254,0.3286308,123,3,4.6084566,-1.297341935655559,6.204332944876394,4
3.9932337,4.4748693,0.24019238,-0.5,0.8660254,0.4422878,123,1,3.0701463,11.605137071747274,3.9932336127101657,2
5.137903,5.260817,0.24019238,-0.5,0.8660254,0.19833672,123,1,2.9510157,11.767043510909716,5.137903375115777,1
8.849413,0.23723944,0.65,0.8660254,-0.5,0.32914156,123,3,3.9319854,-1.398740132030814,8.849412827180513,3
4.028251,4.612231,0.24019238,-0.5,0.8660254,0.23265737,123,1,3.0399973,13.597944674860985,4.028251351467377,2
4.7983603,0.19653606,0.2,-2.4492937e-16,1.0,0.20137875,123,1,2.7121584,10.902551066190016,4.798360465690975,0
8.808982,0.0006199859,0.75980765,0.5,-0.8660254,0.23329699,123,3,4.626379,0.2018463843971987,8.808981531119107,4
5.3221536,2.3474324,0.24019238,-0.5,0.8660254,0.39545745,123,1,3.0878184,13.045716246484961,5.3221537123448295,2
13.975092,0.4910438,0.75980765,0.5,-0.8660254,0.30174387,123,3,4.272131,-14.67696097359648,13.97509211990254,4
6.077291,4.207781,0.24019238,-0.5,0.8660254,0.13683593,123,1,2.9433644,13.511454453870329,6.077290885882091,1
4.473999,4.166617,0.24019238,-0.5,0.8660254,0.47233737,123,1,3.0078983,15.1712219097676,4.47399916919164,1
5.8418546,0.098449655,0.24019238,0.5,0.8660254,0.13407692,123,1,2.9444911,11.793990710433226,5.841854677060577,1
7.958036,1.6034192,0.24019238,-0.5,0.8660254,0.39713246,123,1,3.0625904,10.116936817026499,7.958035875574192,2
9.3265915,0.3411219,0.75980765,0.5,-0.8660254,0.22174037,123,3,4.606212,-1.920349367592388,9.32659163341516,4
8.644953,0.10343812,0.75980765,0.5,-0.8660254,0.45705667,123,3,4.456747,-15.10022328395955,8.644953166383159,4
3.8925548,4.3700576,0.24019238,-0.5,0.8660254,0.10564759,123,1,2.9944932,14.462822203951436,3.8925547102389175,1
9.308547,0.13083261,0.24019238,0.5,0.8660254,0.2996005,123,1,2.891438,13.045925723224553,9.308546806939828,0
7.8555026,0.22587991,0.65,0.8660254,-0.5,0.16505769,123,3,4.0378885,1.741145536058971,7.855502368067224,4
4.8274508,0.25696135,0.2,-2.4492937e-16,1.0,0.12848534,123,1,2.7484772,12.503291024110395,4.827450836503486,0
7.255177,0.352681,0.5,1.0,6.123234e-17,0.42793152,123,2,3.9896889,12.647385686346272,7.255176962242308,3
13.773108,0.07290227,0.75980765,0.5,-0.8660254,0.3178309,123,3,4.285542,-19.757590356996054,13.773107784034533,4
5.6983223,3.3398657,0.24019238,-0.5,0.8660254,0.10868784,123,1,2.9395564,13.545422549538728,5.698322348357223,1
10.553668,0.0,0.75980765,0.5,-0.8660254,0.40284422,123,3,4.3545904,-12.582543569016286,10.553667812947872,4
6.419465,0.9438084,0.75980765,0.5,-0.8660254,0.18609875,123,3,4.6793423,10.486468929953597,6.4194651474469655,4
7.86602,0.24750368,0.24019238,0.5,0.8660254,0.22401366,123,1,2.7933984,13.847979628953286,7.866020251987802,0
7.959325,0.93037343,0.24019238,-0.5,0.8660254,0.36774027,123,1,3.0584702,13.673790239703699,7.959324750288726,2
6.740965,3.5237722,0.24019238,-0.5,0.8660254,0.17080872,123,1,2.8990133,13.719953797893844,6.740964822874594,0
11.029442,0.08477115,0.75980765,0.5,-0.8660254,0.1738191,123,3,4.3679824,-6.516187651082209,11.02944142264179,4
9.769276,0.2652836,0.65,0.8660254,-0.5,0.19032496,123,3,3.9896073,6.4590722550396364,9.769275997361351,3
7.912599,0.7431174,0.24019238,-0.5,0.8660254,0.46982327,123,1,2.950715,9.511266257969254,7.912599168916449,1
4.2219257,4.600455,0.24019238,-0.5,0.8660254,0.23314111,123,1,3.0285907,13.485309571534115,4.221925707915712,1
4.875537,0.6665364,0.2,-2.4492937e-16,1.0,0.49460226,123,1,2.9039495,9.528287134120907,3.821740943182308,0
8.98216,0.17706479,0.65,0.8660254,-0.5,0.24142407,123,3,4.0263677,11.389812675196154,8.982159645183902,4
7.883842,0.0,0.5,1.0,6.123234e-17,0.1331512,123,2,4.085578,6.970808654110001,7.883842039115962,4
7.712451,0.9933426,0.24019238,-0.5,0.8660254,0.31045634,123,1,2.9324846,14.526502913855927,7.712450952501272,1
4.451955,0.10813319,0.24019238,0.5,0.8660254,0.39003146,123,1,3.1139724,11.677831469532096,4.451954639388547,2
9.146212,2.515439,0.24019238,-0.5,0.8660254,0.43107447,123,1,3.006753,13.14071344814228,9.146211846711878,1
3.8169343,5.466625,0.24019238,-0.5,0.8660254,0.18521725,123,1,3.0213664,14.237732305680709,3.8169342882638,1
9.058949,0.6264321,0.75980765,0.5,-0.8660254,0.232721,123,3,4.6129465,8.256126611125971,9.058949386103771,4
7.935988,1.6380659,0.24019238,-0.5,0.8660254,0.46173733,123,1,2.9800632,12.674863915440131,7.935988087466763,1
7.917647,1.7792023,0.24019238,-0.5,0.8660254,0.29408076,123,1,2.8810306,10.1345013897627,7.917646979552287,0
10.31561,0.13582699,0.75980765,0.5,-0.8660254,0.2805264,123,3,4.5427036,-1.225787632861247,10.315609804538903,4
8.90858,0.782249,0.75980765,0.5,-0.8660254,0.35833922,123,3,4.434861,-22.32334855678682,8.90857947419222,4
5.583271,7.0579076,0.35,-0.8660254,0.5,0.38750947,123,1,3.1762502,15.060400361976793,5.583270980969666,3
4.7063046,0.16318752,0.5,1.0,6.123234e-17,0.42252547,123,2,3.8952737,13.276236167165145,4.706304484002755,3
6.440423,0.2185058,0.24019238,0.5,0.8660254,0.4513229,123,1,3.1012695,15.386820246355768,6.4404228635362575,2
8.544005,0.24093015,0.24019238,0.5,0.8660254,0.15440439,123,1,2.9280493,12.75169653285391,8.544005835853563,0
3.8263524,4.8080726,0.24019238,-0.5,0.8660254,0.2840798,123,1,3.0849106,14.53614714536289,3.8263524139702594,2
5.6995907,0.077741794,0.24019238,0.5,0.8660254,0.23237655,123,1,2.885205,11.652843898687443,5.69959048841763,0
3.8471365,7.5163403,0.24019238,-0.5,0.8660254,0.31837046,2024,1,3.3036175,14.461283943755905,3.8471364933678056,2
4.850601,0.41413537,0.2,-2.4492937e-16,1.0,0.23991652,2024,1,3.061881,10.185668422203372,4.850601421121191,0
10.117999,4.8611574,0.65,-0.8660254,-0.5,0.1434944,2024,4,3.7819877,4.3992547225956,10.11799876362406,3
5.5609703,6.559301,0.35,-0.8660254,0.5,0.4928355,2024,1,3.359562,13.656979680207684,5.560970294229567,3
4.2107124,2.5386384,0.24019238,-0.5,0.8660254,0.47134548,2024,1,3.2570481,16.55824847916597,4.210712354467883,2
3.9474247,3.653279,0.24019238,-0.5,0.8660254,0.3627723,2024,1,3.325388,15.735086296827184,3.947424652346347,2
9.751778,0.26398656,0.75980765,0.5,-0.8660254,0.35757706,2024,3,4.5298805,-7.3209720972348435,9.751777383494204,4
7.970688,1.9649166,0.24019238,-0.5,0.8660254,0.12257133,2024,1,3.179092,13.81026544349636,7.970687862962063,1
6.8573837,0.13185938,0.24019238,0.5,0.8660254,0.37127894,2024,1,3.262781,11.696557052762907,6.857383609003823,2
5.611104,0.010574277,0.24019238,0.5,0.8660254,0.47700042,2024,1,3.2043283,15.106518602866153,5.611104131505376,1
7.6629405,2.852108,0.24019238,-0.5,0.8660254,0.37692884,2024,1,3.1649842,12.774712473930927,7.662940619335084,1
7.9605227,1.7362214,0.24019238,-0.5,0.8660254,0.43517274,2024,1,3.1262627,14.18071956151064,7.960522864616952,0
5.207101,3.5326111,0.24019238,-0.5,0.8660254,0.31452027,2024,1,3.3048663,14.799664852883511,5.207100641144571,2
3.5099921,5.648323,0.24019238,-0.5,0.8660254,0.20457417,2024,1,3.298945,11.025782945199268,3.5099921593949404,2
4.6194196,0.39355186,0.24019238,0.5,0.8660254,0.34157586,2024,1,3.227749,14.739659857007625,4.619419467990751,2
11.870656,0.46643582,0.75980765,0.5,-0.8660254,0.13011083,2024,3,4.018835,-14.749101353499576,11.870656115104138,3
4.855304,0.18773498,0.24019238,0.5,0.8660254,0.24811134,2024,1,3.112099,12.497553572474791,4.855303638784064,0
4.4348183,2.3501036,0.24019238,-0.5,0.8660254,0.36104444,2024,1,3.3100028,10.017157237714393,4.434818154004557,2
9.590192,0.00760291,0.5,1.0,6.123234e-17,0.36863515,2024,2,4.0275025,13.753771216435533,9.590192003129786,3
7.9142146,0.44464025,0.24019238,0.5,0.8660254,0.18459004,2024,1,3.0990152,13.260680215045472,7.914214532399597,0
5.825987,0.21886241,0.24019238,0.5,0.8660254,0.49586847,2024,1,3.1579318,14.395357777614818,5.825986687786229,1
10.2989435,0.45457137,0.75980765,0.5,-0.8660254,0.17647524,2024,3,4.3026857,-6.429555294036908,10.298943181675623,4
6.9085755,0.12410454,0.24019238,0.5,0.8660254,0.1961602,2024,1,3.1237473,10.973841720876644,6.908575584652093,0
5.4290867,7.7309375,0.35,-0.8660254,0.5,0.4657446,2024,1,3.367466,13.527857752498605,5.42908661392149,3
6.87902,0.33501682,0.5,1.0,6.123234e-17,0.3316932,2024,2,3.9251707,14.234411273777551,6.879020126557913,3
4.5859237,0.3110524,0.24019238,0.5,0.8660254,0.29319087,2024,1,3.12421,10.776023548113857,4.58592360258876,0
9.157073,0.00414551,0.75980765,0.5,-0.8660254,0.14814335,2024,3,4.3588514,-4.205260679086178,9.157073061305487,4
8.870268,0.14828601,0.24019238,0.5,0.8660254,0.26225913,2024,1,3.0124779,9.648544829533366,8.870267665239025,0
9.511399,0.03899328,0.75980765,0.5,-0.8660254,0.14520273,2024,3,4.3128405,-22.580841269972645,9.511399119898432,4
4.6532354,4.1960783,0.24019238,-0.5,0.8660254,0.43701038,2024,1,3.3031082,11.104779718863387,4.6532355398099385,2
4.990728,0.2637782,0.24019238,0.5,0.8660254,0.31222793,2024,1,3.1529617,12.735254604462156,4.990727670267921,1
5.5077224,6.4551086,0.35,-0.8660254,0.5,0.30913642,2024,1,3.3979936,13.72415020175438,5.507722591483128,3
5.5147943,5.6889553,0.35,-0.8660254,0.5,0.18059552,2024,1,3.6082425,15.1170805664531,5.514794148639203,3
1.9927073,7.717093,0.24019238,-0.5,0.8660254,0.22373164,2024,1,3.3319566,10.417136730809647,1.9927072455010888,2
10.333478,0.25810012,0.75980765,0.5,-0.8660254,0.43242136,2024,3,4.4764667,4.071400513670593,10.333477545036413,4
9.872105,0.22412615,0.24019238,0.5,0.8660254,0.4080306,2024,1,3.2256298,13.596900881901197,9.872104982299517,2
4.582292,3.1111908,0.24019238,-0.5,0.8660254,0.20467626,2024,1,3.2746344,13.527563316888491,4.582292282312187,2
6.378763,0.16711664,0.24019238,0.5,0.8660254,0.4781477,2024,1,3.152975,13.503139207226525,6.378763160642478,1
6.257125,4.6940737,0.35,-0.8660254,0.5,0.24536613,2024,1,3.4983983,13.815548592007259,6.257125129225551,3
9.530687,0.32769564,0.24019238,0.5,0.8660254,0.3853971,2024,1,3.2733438,12.916551268838166,9.530687763656587,2
8.850535,0.1111027,0.65,0.8660254,-0.5,0.42546394,2024,3,4.004804,2.7736299091661145,8.85053539382052,3
5.750778,0.08642254,0.24019238,0.5,0.8660254,0.11795045,2024,1,3.2102482,13.201512176962122,5.75077800656566,1
8.741298,0.091204725,0.65,0.8660254,-0.5,0.2574887,2024,3,4.179181,12.341367055015127,8.74129769862405,4
4.651867,0.0,0.24019238,-0.5,0.8660254,0.29893735,2024,1,3.323486,13.233025568832659,4.65186693860857,2
7.405664,6.1434116,0.65,-0.8660254,-0.5,0.2164809,2024,3,3.9007514,8.535486617260386,7.40566405379352,3
7.928191,1.4811178,0.24019238,-0.5,0.8660254,0.13052727,2024,1,3.183107,12.41816230406432,7.928191018819104,1
8.831637,0.024087498,0.65,0.8660254,-0.5,0.10435169,2024,3,4.064773,-2.9449305277102944,8.831637151412083,3
11.177542,0.21884286,0.24019238,0.5,0.8660254,0.23048766,2024,1,2.9529276,11.789883888621453,11.177541371426198,0
7.937675,1.0819967,0.24019238,-0.5,0.8660254,0.4800763,2024,1,3.0651088,13.527072552954928,7.937675158513764,0
5.020463,0.7164107,0.2,-2.4492937e-16,1.0,0.48310333,2024,1,3.0300007,10.834350676443853,5.020463219720497,0
5.765048,0.8168295,0.2,-2.4492937e-16,1.0,0.3385648,2024,1,3.146207,11.35413917053186,5.765047862128667,0
5.5998306,7.262156,0.35,-0.8660254,0.5,0.38568604,2024,1,3.3876522,15.208311198001379,5.599830603447388,3
5.911346,0.027201125,0.24019238,0.5,0.8660254,0.14226118,2024,1,3.2048557,10.443166896625476,5.911345916454364,1
3.3899024,0.58821136,0.2,-2.4492937e-16,1.0,0.19636115,2024,1,3.0691328,10.099008570746774,3.389902263738504,0
9.628328,0.2843643,0.75980765,0.5,-0.8660254,0.4429419,2024,3,4.5313053,-5.917154108182556,9.628327937024295,4
5.5111995,2.9837005,0.24019238,-0.5,0.8660254,0.1930276,2024,1,3.2181828,12.74423873328074,5.511199277821069,1
3.5467215,5.9230156,0.35,-0.8660254,0.5,0.32825887,2024,1,3.4776428,15.970270182365452,3.5467215394954814,3
5.4945903,0.33760262,0.24019238,0.5,0.8660254,0.41814768,2024,1,3.3247945,15.236511638830189,5.494590047860597,2
8.851126,0.13829158,0.65,0.8660254,-0.5,0.41692024,2024,3,4.002705,1.6975241746977403,8.851126102493222,3
7.9549685,1.6578306,0.24019238,-0.5,0.8660254,0.2924599,2024,1,3.1564689,14.034001268018049,7.954968420069924,1
4.511515,4.9562516,0.24019238,-0.5,0.8660254,0.1955576,2024,1,3.2640903,13.531928481602293,4.511515378130591,2
13.333217,0.2600422,0.24019238,0.5,0.8660254,0.2631764,2024,1,2.9380965,10.369968199110074,13.333216867668432,0
7.9396663,1.3258476,0.24019238,-0.5,0.8660254,0.46225658,2024,1,3.0795364,12.341671480541835,7.939666080115004,0
3.948102,5.1472344,0.24019238,-0.5,0.8660254,0.2288333,2024,1,3.2890792,11.622361195266201,3.948101924081464,2
12.539951,4.442199,0.65,-0.8660254,-0.5,0.4394019,2024,3,3.8282268,5.441877640063081,12.53995167344918,3
5.9010496,0.107246906,0.24019238,0.5,0.8660254,0.23520954,2024,1,3.1053178,10.6465642561234,5.901049565992124,0
5.485277,13.609974,0.35,-0.8660254,0.5,0.16506489,2024,1,3.5899773,14.653099793537946,5.485277006872489,3
11.457476,0.039301813,0.75980765,0.5,-0.8660254,0.20025983,2024,3,4.268238,-16.1844506270125,11.457475399529825,4
4.8261623,0.1622342,0.2,-2.4492937e-16,1.0,0.3789541,2024,1,3.2114182,12.320017580465027,4.8261622279480285,1
4.809984,0.27677694,0.2,-2.4492937e-16,1.0,0.1744713,2024,1,3.0067225,13.48826830830209,4.809984193173939,0
4.34108,0.5750321,0.2,-2.4492937e-16,1.0,0.390528,2024,1,3.2047796,15.336133970078484,4.341080228214673,1
5.450378,0.17421424,0.24019238,0.5,0.8660254,0.29312122,2024,1,3.1264038,12.121404638506524,5.450377901635469,0
4.4549704,0.35950255,0.24019238,0.5,0.8660254,0.4415885,2024,1,3.3236542,12.12480743562308,4.454970370916634,2
5.803179,0.063859664,0.24019238,0.5,0.8660254,0.1547587,2024,1,3.1908836,11.141947088114138,5.803178907942381,1
5.471963,2.5051677,0.24019238,-0.5,0.8660254,0.3151583,2024,1,3.3032088,13.14961616066082,5.471962993909838,2
5.1484847,0.095977806,0.24019238,0.5,0.8660254,0.4782691,2024,1,3.2278318,11.291131717995393,5.148484650631939,2
5.0856557,0.38026896,0.24019238,0.5,0.8660254,0.3288747,2024,1,3.1936398,14.059518173655977,5.085655866941433,1
4.4378357,0.17873363,0.24019238,0.5,0.8660254,0.1776373,2024,1,3.182063,12.416544331540459,4.43783561902679,1
5.4760833,0.0,0.35,-0.8660254,0.5,0.36513206,2024,1,3.4041011,14.345442003302535,5.476083161704046,3
4.6622324,0.36442056,0.24019238,0.5,0.8660254,0.16272615,2024,1,3.1915114,15.426601143691862,4.662232232972826,1
3.8649747,0.15873395,0.24019238,0.5,0.8660254,0.20068006,2024,1,3.1797779,13.256913900503129,3.8649746958834825,1
5.9218473,0.118756354,0.24019238,0.5,0.8660254,0.3069473,2024,1,3.1504953,15.117479500115287,5.921847261956375,1
6.7412663,0.014692952,0.24019238,0.5,0.8660254,0.24573113,2024,1,3.078683,12.07526611849406,6.741266452122124,0
7.9896894,0.83335,0.24019238,-0.5,0.8660254,0.11653968,2024,1,3.1801782,12.582349405771142,7.989689277996177,1
10.696668,0.0070097023,0.5,1.0,6.123234e-17,0.19516923,2024,2,3.8089015,7.9151310218862125,10.696667768984842,3
5.045212,6.8308735,0.24019238,-0.5,0.8660254,0.2167492,2024,1,3.222141,11.559724760286905,5.045211673644862,1
6.494661,0.17351677,0.24019238,0.5,0.8660254,0.3542419,2024,1,3.246025,10.192430123931512,6.494660949607788,2
5.538538,0.10754088,0.24019238,0.5,0.8660254,0.21414185,2024,1,3.136385,13.864208802398654,5.53853796317528,0
13.097339,0.0916815,0.75980765,0.5,-0.8660254,0.2722086,2024,3,4.383373,-41.72176273731927,13.097338918314566,4
7.6855726,0.1820045,0.24019238,0.5,0.8660254,0.48275796,2024,1,3.0516357,13.822775664507482,7.68557248263064,0
4.2249084,4.8805766,0.24019238,-0.5,0.8660254,0.4572966,2024,1,3.281355,11.209813225067604,4.224908146424935,2
8.848501,0.00586831,0.65,0.8660254,-0.5,0.29585996,2024,3,4.146524,12.484193984835773,8.84850077924985,4
7.961287,1.1454484,0.24019238,-0.5,0.8660254,0.4564719,2024,1,3.084592,11.00290119779693,7.961287199735519,0
6.768778,0.05980547,0.24019238,0.5,0.8660254,0.16922337,2024,1,3.155741,10.92262657608934,6.768777857731129,1
9.404518,0.1566196,0.65,0.8660254,-0.5,0.4957274,2024,3,4.0404916,9.587409428130702,9.404517657262613,3
3.2419212,0.07886948,0.5,1.0,6.123234e-17,0.3657379,2024,2,3.8288567,15.05736107008454,3.241921203745436,3
4.867306,1.1039392,0.2,-2.4492937e-16,1.0,0.44222108,2024,1,3.1081643,12.166543667442582,4.867306375036614,0
5.467738,10.938293,0.35,-0.8660254,0.5,0.11151656,2024,1,3.5689704,14.026368408844645,5.467738270398023,3
6.2685003,0.3024023,0.24019238,0.5,0.8660254,0.13744345,2024,1,3.2126439,12.78638017372976,6.268500174902373,1
6.49644,5.7699876,0.65,-0.8660254,-0.5,0.21374509,2024,3,3.8839033,1.6894998340533234,6.496439749597054,3
4.6936154,5.874161,0.35,-0.8660254,0.5,0.10240105,2024,1,3.5832043,13.210928486868443,4.693615348973663,3
7.950601,1.1416006,0.24019238,-0.5,0.8660254,0.15275422,2024,1,3.1698275,12.72523854322245,7.950601245958204,1
5.8632956,0.2230577,0.24019238,0.5,0.8660254,0.4995284,2024,1,3.14777,11.623632044067628,5.86329534060918,0
4.195202,0.3115534,0.24019238,0.5,0.8660254,0.29875565,2024,1,3.13549,13.193855450238921,4.195201886448651,0
9.44041,0.19568305,0.75980765,0.5,-0.8660254,0.12392221,2024,3,4.2728,-23.535833650608254,9.440410043045636,4
10.566879,0.0,0.75980765,0.5,-0.8660254,0.14720988,2024,3,4.210307,-10.400106650922933,10.566879394471176,4
7.370737,0.53439605,0.24019238,0.5,0.8660254,0.17535205,2024,1,3.130744,14.65072773537826,7.37073690993881,0
7.1164756,0.0,0.5,1.0,6.123234e-17,0.19368164,2024,2,4.0687866,12.664487407550643,7.116475815362996,3
7.925147,1.7707211,0.24019238,-0.5,0.8660254,0.46989977,2024,1,3.073019,12.209450459244673,7.925147091152244,0
3.8674402,3.5604362,0.24019238,-0.5,0.8660254,0.4944218,2024,1,3.206487,10.904259314258884,3.86744017916614,1
4.913348,4.344618,0.24019238,-0.5,0.8660254,0.3511844,2024,1,3.2896597,15.747947552768377,4.91334823270121,2
7.002902,0.000244734,0.5,1.0,6.123234e-17,0.16417462,2024,2,4.0904946,12.602726016896272,7.00290203173926,3
7.957929,1.7419142,0.24019238,-0.5,0.8660254,0.3959947,2024,1,3.1540804,11.747932234625713,7.957928898671963,1
7.9600816,0.9078582,0.24019238,-0.5,0.8660254,0.40885276,2024,1,3.1570644,13.682313033373317,7.960081667824738,1
3.9960132,5.6274643,0.24019238,-0.5,0.8660254,0.49929667,2024,1,3.1837277,9.69138951314402,3.9960131099775102,1
5.4576783,9.901191,0.35,-0.8660254,0.5,0.4840308,2024,1,3.3652024,13.944003953556118,5.457678130160826,3
7.2093067,0.14174113,0.24019238,0.5,0.8660254,0.30811042,2024,1,3.149093,13.236834901503098,7.209306676482379,0
9.705472,0.22269766,0.75980765,0.5,-0.8660254,0.44758198,2024,3,4.5420694,5.107064950829944,9.705471710272594,4
10.223874,0.46358046,0.75980765,0.5,-0.8660254,0.3172706,2024,3,4.5113106,-8.101881951899097,10.223873996289289,4
5.9841814,0.9155807,0.24019238,-0.5,0.8660254,0.44518888,2024,1,3.206166,10.039807462393917,5.984181567427682,1
4.207311,0.09174156,0.5,1.0,6.123234e-17,0.14826979,2024,2,4.1524243,14.686255113981723,4.207310925019611,4
3.8491786,0.49837494,0.2,-2.4492937e-16,1.0,0.37519124,2024,1,3.2186985,13.705948852976983,3.849178503874776,1
3.9985852,0.45117772,0.2,-2.4492937e-16,1.0,0.18211688,2024,1,3.0324588,12.009060107586963,3.998585325911973,0
1.985333,6.73492,0.24019238,-0.5,0.8660254,0.33071083,2024,1,3.3514361,13.584987200934936,1.985332916392521,3
4.53,0.3468856,0.2,-2.4492937e-16,1.0,0.13760012,2024,1,2.9906745,14.001933308064796,4.530000273569729,0
7.3940644,0.031100487,0.5,1.0,6.123234e-17,0.28946888,2024,2,3.9619381,10.408829198652116,7.394064473871649,3
4.0166535,0.9977529,0.24019238,0.5,0.8660254,0.4527999,2024,1,3.3260126,10.54388498503791,4.016653404125211,2
3.0757155,4.596439,0.24019238,-0.5,0.8660254,0.32504848,2024,1,3.3328774,10.414872292617149,3.075715550915691,2
5.4006753,9.43307,0.35,-0.8660254,0.5,0.12572847,2024,1,3.5978065,13.421192902891113,5.400675436459413,3
4.822448,0.6060263,0.2,-2.4492937e-16,1.0,0.21339065,2024,1,3.0550003,10.243629255347836,4.774943065747273,0
4.836075,0.20327139,0.24019238,0.5,0.8660254,0.38606986,2024,1,3.312875,10.019517706509813,4.836074611213653,2
10.556692,0.0,0.75980765,0.5,-0.8660254,0.22571473,2024,3,4.442439,-23.109313350757272,10.556691773640424,4
4.8360353,0.09036917,0.24019238,0.5,0.8660254,0.37678668,2024,1,3.2909932,11.358918503232216,4.836035256197253,2
5.63293,0.35636917,0.24019238,0.5,0.8660254,0.31021065,2024,1,3.1535153,12.661189252754601,5.632929695814394,1
11.080726,0.007470973,0.75980765,0.5,-0.8660254,0.23298448,2024,3,4.429727,-8.235310550265915,11.080725760252117,4
7.3072767,0.40981427,0.24019238,0.5,0.8660254,0.4451237,2024,1,3.1809788,11.454269159472332,7.307276810651675,1
5.4097786,12.328786,0.35,-0.8660254,0.5,0.40061694,2024,1,3.3975973,13.099230666529335,5.409778727790249,3
4.939126,0.23587985,0.24019238,0.5,0.8660254,0.26370746,2024,1,3.0910125,11.531547894507304,4.939126194271317,0
3.0148234,3.6061075,0.24019238,-0.5,0.8660254,0.26702225,2024,1,3.3065505,10.04322931272957,3.014823545509022,2
10.323055,0.0037979279,0.75980765,0.5,-0.8660254,0.2127351,2024,3,4.410518,4.455683299508524,10.323055559907584,4
7.9454207,1.4310064,0.24019238,-0.5,0.8660254,0.4414181,2024,1,3.1127725,10.630205125110491,7.945420868789878,0
4.24505,0.0,0.24019238,-0.5,0.8660254,0.27367228,2024,1,3.3035555,10.44916996709001,4.245049944685101,2
10.154981,0.23108733,0.75980765,0.5,-0.8660254,0.28698593,2024,3,4.545641,-18.193151049543552,10.1549811016777,4
4.1572556,4.892863,0.24019238,-0.5,0.8660254,0.33168566,2024,1,3.3152528,13.81318424497397,4.157255874190264,2
5.4358807,8.388438,0.24019238,-0.5,0.8660254,0.1292604,2024,1,3.2178733,15.557008222905184,5.435880652862034,1
4.342152,5.453466,0.24019238,-0.5,0.8660254,0.3807647,2024,1,3.2999222,10.091365680233,4.342152058172577,2
7.1323,0.0,0.5,1.0,6.123234e-17,0.32422632,2024,2,3.9199326,7.5232534130315365,7.1322998386502725,3
4.165341,0.81244606,0.2,-2.4492937e-16,1.0,0.35525906,2024,1,3.1781042,13.0120418144072,4.165341107093476,1
11.10429,0.2800643,0.75980765,0.5,-0.8660254,0.10930931,2024,3,4.058594,-10.878857775982985,11.104289983659712,3
8.013755,0.0,0.24019238,0.5,0.8660254,0.1329478,2024,1,3.2183464,11.649481703428846,8.013754384691367,1
8.787398,0.29769,0.75980765,0.5,-0.8660254,0.33842513,2024,3,4.5861425,-1.571270548792267,8.787398428892914,4
9.084938,0.26006082,0.75980765,0.5,-0.8660254,0.3641537,2024,3,4.556936,-3.8491313990817613,9.084938400907197,4
7.894555,1.51366,0.24019238,-0.5,0.8660254,0.4389182,2024,1,3.1202188,12.353930395908588,7.894555143470194,0
8.842279,0.21036942,0.65,0.8660254,-0.5,0.4662265,2024,3,4.0408573,10.36899321602855,8.842279257936053,3
5.4760423,0.035502832,0.24019238,0.5,0.8660254,0.48518887,2024,1,3.198751,14.155938287532141,5.476042276881793,1
4.249434,3.709067,0.24019238,-0.5,0.8660254,0.19957462,2024,1,3.2843993,12.557862251790441,4.24943375977411,2
6.7549305,0.27349326,0.24019238,0.5,0.8660254,0.20887552,2024,1,3.114481,11.364326370691522,6.754930443082636,0
5.0646863,0.28431788,0.24019238,0.5,0.8660254,0.30765164,2024,1,3.1467414,11.92711280297404,5.064686425053581,0
2.8948634,9.773545,0.24019238,-0.5,0.8660254,0.3523485,2024,1,3.3291354,14.308100085470766,2.8948632944168264,2
8.153724,0.19686037,0.24019238,0.5,0.8660254,0.13998483,2024,1,3.2002428,13.307476567193266,8.153724044078876,1
5.480175,6.0570016,0.35,-0.8660254,0.5,0.15297444,2024,1,3.6066225,15.200124337977554,5.480175214237156,3
4.8544235,0.82071114,0.2,-2.4492937e-16,1.0,0.4219485,2024,1,3.1453276,14.286345904007554,4.854423395273806,0
9.083401,0.19107574,0.75980765,0.5,-0.8660254,0.28865707,2024,3,4.5844326,-15.540452904854932,9.083400983192371,4
5.378837,0.12975739,0.24019238,0.5,0.8660254,0.4666944,2024,1,3.2350922,12.002925141374623,5.378836906318903,2
9.135109,0.05769657,0.24019238,0.5,0.8660254,0.30116633,2024,1,3.1158845,14.496325694404664,9.135108645368266,0
7.054068,0.00044452876,0.5,1.0,6.123234e-17,0.31917208,2024,2,3.9170053,14.395346799726582,7.054067919841241,3
7.9593363,1.5410007,0.24019238,-0.5,0.8660254,0.20407926,2024,1,3.107098,13.599687312269397,7.959336229589809,0
4.2289224,0.012242444,0.24019238,0.5,0.8660254,0.37729046,2024,1,3.3046808,11.787834472774255,4.228922487344969,2
6.327317,3.1165066,0.75980765,-0.5,-0.8660254,0.13054371,2024,3,4.4213023,10.793580944845388,6.327317023846544,4
2.8554144,1.2593474,0.2,-2.4492937e-16,1.0,0.41003826,2024,1,3.192234,10.766924591712545,2.855414339709397,1
6.0756145,0.032159727,0.24019238,0.5,0.8660254,0.4183166,2024,1,3.3101773,12.485415745340127,6.075614320097359,2
5.2298903,0.35816124,0.24019238,0.5,0.8660254,0.47099578,2024,1,3.2355258,13.026474112331078,5.229890398329192,2
8.856813,0.2933897,0.65,0.8660254,-0.5,0.17710662,2024,3,4.157793,-2.563562761862496,8.856813275305878,4
4.758039,3.8792903,0.24019238,-0.5,0.8660254,0.39419723,2024,1,3.2955608,12.614929367118837,4.758038958725591,2
4.808476,0.15465152,0.2,-2.4492937e-16,1.0,0.12913252,2024,1,2.986568,11.991492587412463,4.808475855433567,0
5.468106,9.405892,0.35,-0.8660254,0.5,0.1699326,2024,1,3.6016233,13.599556244931131,5.4681056782000885,3
6.8918757,0.25468883,0.24019238,0.5,0.8660254,0.34197956,2024,1,3.2325928,13.668519169370539,6.891875653480568,2
6.1123505,0.13656282,0.24019238,0.5,0.8660254,0.14327636,2024,1,3.203896,10.488149807086813,6.112350350293296,1
5.1879115,0.7417268,0.2,-2.4492937e-16,1.0,0.16044345,2024,1,2.9872668,15.117810531265459,5.18791168960105,0
8.8504,0.2435677,0.65,0.8660254,-0.5,0.27360186,2024,3,4.159253,2.4474960977118645,8.8503999768083,4
5.788335,10.941203,0.65,-0.8660254,-0.5,0.4135275,2024,3,3.5764115,11.003128727373813,5.788334656699953,3
5.106605,6.9391046,0.35,-0.8660254,0.5,0.2644141,2024,1,3.4720368,12.431493653519953,5.106605020130648,3
7.937694,1.2519752,0.24019238,-0.5,0.8660254,0.25994897,2024,1,3.088483,13.812344250260091,7.937694152327316,0
4.2153826,0.0,0.24019238,-0.5,0.8660254,0.4768617,2024,1,3.2501926,11.29851278073246,4.215382495690255,2
6.611934,0.29837623,0.24019238,0.5,0.8660254,0.3186871,2024,1,3.1743345,11.669703465487688,6.611934422007259,1
7.9537582,1.8699465,0.24019238,-0.5,0.8660254,0.3949846,2024,1,3.1537197,11.33948625723473,7.953758384885183,1
8.849715,0.24506281,0.65,0.8660254,-0.5,0.33720708,2024,3,4.098081,-0.9578296616729802,8.849714877847749,3
4.814271,0.53412026,0.2,-2.4492937e-16,1.0,0.17600125,2024,1,3.007281,14.214302482822935,4.814270999942937,0
7.9545193,1.3279854,0.24019238,-0.5,0.8660254,0.321031,2024,1,3.2133539,13.055334423217774,7.954519366141981,1
6.8080716,0.0,0.24019238,0.5,0.8660254,0.101600796,2024,1,3.2117682,11.804985750429745,6.808071666711727,1
6.909936,0.11307529,0.24019238,0.5,0.8660254,0.44384727,2024,1,3.2033045,13.534175530250138,6.909935836151884,1
7.112399,0.18917696,0.24019238,0.5,0.8660254,0.16306321,2024,1,3.162556,12.722661065401892,7.112398892732693,1
5.5331097,5.3698716,0.35,-0.8660254,0.5,0.20164609,2024,1,3.6016853,14.176454060272624,5.533109476332627,3
6.122471,0.32032362,0.24019238,0.5,0.8660254,0.4460006,2024,1,3.2387745,9.632250681336828,5.898189482395752,2
6.197991,4.50815,0.75980765,-0.5,-0.8660254,0.13688333,2024,3,4.4623146,-0.06640259419742645,6.197990700958063,4
9.883919,0.78022504,0.75980765,0.5,-0.8660254,0.34403995,2024,3,4.5168266,-10.077902895406591,9.883918720851934,4
6.4901185,2.3311713,0.24019238,-0.5,0.8660254,0.26719892,2024,1,3.1698174,14.249435037515473,6.490118484413559,1
4.3234763,5.250204,0.24019238,-0.5,0.8660254,0.48674548,2024,1,3.2060952,11.718890687530884,4.323476502315112,1
6.2066026,5.530112,0.75980765,-0.5,-0.8660254,0.42909205,2024,3,4.351174,4.977310650662739,6.206602498671029,4
5.4736085,10.678523,0.35,-0.8660254,0.5,0.20560263,2024,1,3.5728064,11.422950361278165,5.473608487188108,3
6.323426,0.10564127,0.24019238,0.5,0.8660254,0.16580735,2024,1,3.1716003,11.769232901370872,6.323425698062994,1
11.727094,0.045705494,0.75980765,0.5,-0.8660254,0.48684084,2024,3,4.4502053,-26.803656152201267,11.727093781275448,4
3.127906,0.18901505,0.24019238,0.5,0.8660254,0.18562856,2024,1,3.1949706,11.501978975127882,3.127906075525884,1
7.3098984,0.12275275,0.24019238,0.5,0.8660254,0.10886583,2024,1,3.227528,14.292022516756457,7.309898239318113,2
7.4579062,0.07340254,0.5,1.0,6.123234e-17,0.4338975,2024,2,4.040607,10.4040410701505,7.457906038198316,3
5.012702,0.09552872,0.24019238,0.5,0.8660254,0.4882218,2024,1,3.2193496,13.882541158342905,5.012702040001957,1
2.534034,6.2662253,0.24019238,-0.5,0.8660254,0.43581554,2024,1,3.4067485,11.725259962489714,2.534034048005449,3
7.080628,0.0,0.5,1.0,6.123234e-17,0.4301663,2024,2,4.033891,10.845350819092445,7.080627806234905,3
5.6681213,11.082,0.35,-0.8660254,0.5,0.47453386,2024,1,3.3568382,11.126447648783694,5.668121150578919,3
7.9631195,1.7632246,0.24019238,-0.5,0.8660254,0.24816988,2024,1,3.0807528,13.861638725724871,7.963119320551774,0
4.875061,7.976677,0.24019238,-0.5,0.8660254,0.17372113,2024,1,3.229539,12.135677043187203,4.87506082549466,2
11.519349,0.14255174,0.75980765,0.5,-0.8660254,0.18399322,2024,3,4.2158027,-4.448593247820002,11.519349345600672,4
3.1459162,0.30926523,0.24019238,0.5,0.8660254,0.2931745,2024,1,3.137581,14.983916865870077,3.1459162292434777,0
10.427559,0.78880453,0.75980765,0.5,-0.8660254,0.31159008,2024,3,4.5120225,4.195101172117365,10.427558638177612,4
8.710399,0.25284687,0.65,0.8660254,-0.5,0.29745418,2024,3,4.14204,6.331872146557768,8.710398271225102,4
5.3386583,11.605729,0.35,-0.8660254,0.5,0.32118255,2024,1,3.393924,15.016302965681117,5.338658255138793,3
8.127724,0.18554609,0.24019238,0.5,0.8660254,0.4957296,2024,1,2.9769528,13.80084955003824,8.127723608185601,0
11.235025,0.030149275,0.75980765,0.5,-0.8660254,0.27729684,2024,3,4.5255375,-13.688973425140896,11.235025038858902,4
4.8239384,0.8988356,0.2,-2.4492937e-16,1.0,0.25167054,2024,1,3.057644,13.385886403537029,4.8239381783390085,0
7.0696864,0.050850168,0.5,1.0,6.123234e-17,0.33108798,2024,2,3.9243772,12.225826505880137,7.069686383379119,3
5.032155,0.21140969,0.2,-2.4492937e-16,1.0,0.3799435,2024,1,3.208619,10.768505069379664,5.032154908111138,1
4.5163317,3.4378777,0.24019238,-0.5,0.8660254,0.21900007,2024,1,3.277299,13.287527753090586,4.516331794108562,2
7.954858,1.6311823,0.24019238,-0.5,0.8660254,0.46221206,2024,1,3.078108,10.879609456135375,7.954857760210419,0
5.4968977,5.4046836,0.35,-0.8660254,0.5,0.17206143,2024,1,3.608589,12.656391861868633,5.496897488679535,3
10.788433,0.037765883,0.75980765,0.5,-0.8660254,0.13763069,2024,3,4.163846,-2.591981296401542,10.788432729923809,4
2.8125007,6.134031,0.24019238,-0.5,0.8660254,0.23023096,2024,1,3.3229764,12.200034913563053,2.8125007410914096,2
12.172789,0.28627726,0.75980765,0.5,-0.8660254,0.11121686,2024,3,3.937918,-14.138867563656103,12.172788181911192,3
2.714258,8.468867,0.24019238,-0.5,0.8660254,0.1996378,2024,1,3.3043323,13.6061308708485,2.714257954342046,2
13.516632,0.31082743,0.24019238,0.5,0.8660254,0.36727464,2024,1,3.2533212,11.690005730206355,13.51663245259432,2
9.673785,3.8092098,0.24019238,-0.5,0.8660254,0.38830832,2024,1,3.1346111,12.240173286524776,9.673785534850811,0
7.9181986,1.9542174,0.24019238,-0.5,0.8660254,0.46383402,2024,1,3.0772,10.242111701676569,7.665622824887765,0
10.517561,0.3104662,0.75980765,0.5,-0.8660254,0.21097122,2024,3,4.3872395,-11.498209579147733,10.517561136575011,4
9.691614,0.45814338,0.75980765,0.5,-0.8660254,0.40164754,2024,3,4.473239,-7.029025545362397,9.69161391615957,4
6.4586234,0.24140388,0.24019238,0.5,0.8660254,0.10830639,2024,1,3.2225716,13.6918381272942,6.45862334011268,1
10.201404,0.57712865,0.75980765,0.5,-0.8660254,0.22872543,2024,3,4.4767504,-15.90409944607103,10.201403945563042,4
2.4399023,5.0848846,0.24019238,-0.5,0.8660254,0.30151796,2024,1,3.321432,13.579868489463168,2.43990221274798,2
5.162118,0.0,0.24019238,0.5,0.8660254,0.37077937,2024,1,3.2720294,14.471223400400492,5.162117764721174,2
8.844538,0.09654518,0.65,0.8660254,-0.5,0.23029275,2024,3,4.1959214,8.933666074683458,8.844537727641615,4
5.250296,0.061409414,0.24019238,0.5,0.8660254,0.104511596,2024,1,3.2054462,15.44602073296388,5.250295955729137,1
7.1537423,0.3093532,0.5,1.0,6.123234e-17,0.22195594,2024,2,4.03243,13.290008391340718,7.153742394973268,3
7.63062,0.13811333,0.24019238,0.5,0.8660254,0.1990719,2024,1,3.0925097,13.037574559317378,7.630619897254562,0
8.878564,0.45634893,0.75980765,0.5,-0.8660254,0.22086947,2024,3,4.5627007,2.582122949761434,8.878564019777338,4
3.9615874,10.955852,0.35,-0.8660254,0.5,0.27293903,2024,1,3.502945,14.26657112555654,3.9615873163189335,3
7.962259,0.939995,0.24019238,-0.5,0.8660254,0.20414922,2024,1,3.1104245,14.871282387307598,7.962258815765381,0
11.170151,0.6148613,0.75980765,0.5,-0.8660254,0.22132002,2024,3,4.371185,-7.911722916568028,11.170150464639574,4
7.9550047,0.9274146,0.24019238,-0.5,0.8660254,0.20674402,2024,1,3.109001,13.254193449467682,7.955004887051052,0
6.7146707,0.2058783,0.65,0.8660254,-0.5,0.2883042,2024,3,4.12107,4.558734461552579,6.714670853181404,4
8.846406,0.07647745,0.65,0.8660254,-0.5,0.2921029,2024,3,4.1513104,1.3509205792564174,8.846405968098123,4
12.280947,6.0949993,0.65,-0.8660254,-0.5,0.41883054,2024,3,3.8416655,-4.734206454388739,12.280946842767952,3
3.947962,4.957126,0.24019238,-0.5,0.8660254,0.40175375,2024,1,3.3365855,10.550044380597802,3.947962051118107,3
4.82476,0.35478148,0.2,-2.4492937e-16,1.0,0.4335711,2024,1,3.1242104,11.74071201956172,4.824759733370295,0
8.14068,0.8299249,0.75980765,0.5,-0.8660254,0.14248733,2024,3,4.4539814,-1.2913868471650236,8.140680421882559,4
8.834505,0.23655944,0.65,0.8660254,-0.5,0.23512477,2024,3,4.1952133,-0.4828834873246022,8.834505067396444,4
9.493989,0.64042956,0.75980765,0.5,-0.8660254,0.11608185,2024,3,4.2497907,-9.169093565881617,9.49398853006229,4
3.2886012,0.2932559,0.24019238,0.5,0.8660254,0.4287777,2024,1,3.4045439,11.32250385690705,3.288601256604053,3
4.918865,4.672638,0.24019238,-0.5,0.8660254,0.24141598,2024,1,3.2322035,9.703659176094202,4.704079825277457,2
7.639502,0.060950067,0.24019238,0.5,0.8660254,0.24504055,2024,1,3.0512617,14.160880272412964,7.639502111504968,0
8.043916,7.3924193,0.65,-0.8660254,-0.5,0.4127208,2024,3,3.7715685,8.456648728930652,8.043915311532864,3
4.8191876,0.27447423,0.24019238,0.5,0.8660254,0.22296275,2024,1,3.1463647,13.538676230230589,4.819187722517318,0
10.931347,0.051160023,0.75980765,0.5,-0.8660254,0.23418748,2024,3,4.4450216,-10.71512259015805,10.931346865716842,4
5.2165565,6.4098315,0.35,-0.8660254,0.5,0.47999805,2024,1,3.371561,15.234650885788579,5.216556677985094,3
10.342384,0.8023036,0.75980765,0.5,-0.8660254,0.30440187,2024,3,4.5203943,-6.236406063811865,10.342384608304972,4
9.041122,5.468136,0.65,-0.8660254,-0.5,0.13347782,2024,4,3.8857546,5.165028541999554,9.041122114110587,3
3.0267766,4.0478044,0.24019238,-0.5,0.8660254,0.31942007,2024,1,3.330304,14.021586372776701,3.026776542080276,2
2.8219593,0.06013825,0.5,1.0,6.123234e-17,0.30122656,2024,2,3.7581546,13.471618280264519,2.821959295195111,3
4.825409,0.4469613,0.2,-2.4492937e-16,1.0,0.35800964,2024,1,3.176128,14.973489769643129,4.825408810653542,1
2.7048342,7.2062607,0.24019238,-0.5,0.8660254,0.49386415,2024,1,3.2504542,11.881970935018057,2.70483433032288,2
5.4634457,0.27660713,0.24019238,0.5,0.8660254,0.42021576,2024,1,3.3248758,14.142308747682144,5.463445450876479,2
10.93958,0.28729653,0.24019238,0.5,0.8660254,0.43558854,2024,1,3.0697713,11.423908669528844,10.93958034875314,0
8.531844,0.34406945,0.24019238,0.5,0.8660254,0.27232784,2024,1,3.0457926,13.601529275399768,8.531844517169883,0
6.804168,0.0,0.24019238,0.5,0.8660254,0.46923465,2024,1,3.1443822,13.408521534033708,6.804168006404643,0
15.009679,0.19848359,0.24019238,0.5,0.8660254,0.18730183,2024,1,3.1393619,10.204917454051712,15.00967854903904,0
8.188366,0.3663527,0.5,1.0,6.123234e-17,0.21158819,2024,2,4.010834,10.923568093300666,8.188365566975417,3
8.84239,0.28818366,0.65,0.8660254,-0.5,0.23271598,2024,3,4.1953154,-5.59978078655517,8.842389791949293,4
6.0059156,0.34786773,0.24019238,0.5,0.8660254,0.424234,2024,1,3.3000207,14.820248992880677,6.005915641580901,2
4.149098,5.895884,0.24019238,-0.5,0.8660254,0.19952537,2024,1,3.2717314,14.698449830758205,4.149097780124508,2
6.332791,0.053077962,0.24019238,0.5,0.8660254,0.48398897,2024,1,3.1458735,12.853468643185735,6.3327908492061615,0
5.1631775,3.1148224,0.24019238,-0.5,0.8660254,0.29435876,2024,1,3.2837138,12.964445852246559,5.163177700431811,2
5.1558323,4.431209,0.24019238,-0.5,0.8660254,0.26428103,2024,1,3.2133226,15.188247866285987,5.155832331505885,1
4.819855,0.33719125,0.2,-2.4492937e-16,1.0,0.43105358,2024,1,3.1295097,10.937300332305131,4.819855085053404,0
5.631879,0.22360785,0.24019238,0.5,0.8660254,0.35318565,2024,1,3.2364852,10.136611614535411,5.631879025216568,2
2.0790014,5.769751,0.24019238,-0.5,0.8660254,0.4051317,2024,1,3.409183,13.389678740728364,2.07900136109714,3
7.005601,0.26945916,0.24019238,0.5,0.8660254,0.41249552,2024,1,3.2895336,9.518577469957261,7.005601116952971,2
9.075383,0.4116895,0.75980765,0.5,-0.8660254,0.4073649,2024,3,4.4631915,-12.238149735959219,9.0753834480759,4
4.568234,0.72269887,0.2,-2.4492937e-16,1.0,0.4294089,2024,1,3.1371753,10.914442654885455,4.568234191530241,0
6.204605,5.5604115,0.75980765,-0.5,-0.8660254,0.48116285,2024,3,4.545807,9.90184537209332,6.204605019588583,4
5.43688,2.5442722,0.24019238,-0.5,0.8660254,0.20733465,2024,1,3.2292733,14.75104441960651,5.436880187481267,2
9.075437,0.256014,0.5,1.0,6.123234e-17,0.47793892,2024,2,3.9488692,10.144183053426971,9.075436659679749,3
5.29133,0.12999345,0.24019238,0.5,0.8660254,0.29636654,2024,1,3.1319818,14.26087252101782,5.291330011336534,0
3.7804916,3.5260956,0.24019238,-0.5,0.8660254,0.36236215,2024,1,3.3336945,13.732460698986197,3.780491584648601,3
11.497747,13.058533,0.65,-0.8660254,-0.5,0.41153285,2024,3,3.861138,-3.562361347097007,11.49774776398987,3
6.236924,3.0762064,0.75980765,-0.5,-0.8660254,0.11948023,2024,3,4.3865213,10.459687746320542,6.236924346630329,4
4.828012,0.21619637,0.2,-2.4492937e-16,1.0,0.40743744,2024,1,3.172733,11.542662540350408,4.8280118518803175,1
4.587834,3.7794402,0.24019238,-0.5,0.8660254,0.14398336,2024,1,3.2861443,12.065365171624482,4.587833926387966,2
7.440269,0.5115556,0.75980765,0.5,-0.8660254,0.19417042,2024,3,4.64049,6.787105339332593,7.440268797996321,4
4.1535883,5.032255,0.24019238,-0.5,0.8660254,0.43369827,2024,1,3.3300471,10.165670528062254,4.153588412758845,2
7.955624,0.0,0.24019238,-0.5,0.8660254,0.32668895,2024,1,3.2182083,12.05069432629437,7.95562422563456,1
7.9578276,0.0,0.24019238,-0.5,0.8660254,0.4155679,2024,1,3.164053,13.6858672927136,7.957827605910031,1
10.269227,0.6158266,0.75980765,0.5,-0.8660254,0.4681382,2024,3,4.5346956,-5.359421663722545,10.26922666896156,4
5.2472982,0.32462013,0.24019238,0.5,0.8660254,0.19814743,2024,1,3.1569042,12.124604277762593,5.247298408866113,1
4.5896473,0.2721192,0.24019238,0.5,0.8660254,0.14964955,2024,1,3.1997478,14.959530122057938,4.589647070081152,1
10.249913,0.04566219,0.24019238,0.5,0.8660254,0.32884407,2024,1,3.2214656,11.518810515996428,10.24991350099905,1
10.101243,0.073433496,0.75980765,0.5,-0.8660254,0.24847834,2024,3,4.5291286,-7.046710932164063,10.101243051782044,4
2.1998355,5.8937755,0.24019238,-0.5,0.8660254,0.30841458,2024,1,3.3195202,15.652573096502538,2.1998355204629783,2
4.2276335,2.2863278,0.24019238,0.5,0.8660254,0.35522306,2024,1,3.2469983,10.113234680445196,4.227633266568949,2
7.905635,2.5845888,0.24019238,-0.5,0.8660254,0.21606116,2024,1,3.0965245,13.60603874585398,7.905634922068839,0
7.9589467,1.5220124,0.24019238,-0.5,0.8660254,0.34233952,2024,1,3.1959786,13.013831839152084,7.958946791554654,1
7.9605856,1.2422825,0.24019238,-0.5,0.8660254,0.44126713,2024,1,3.1133165,13.163369674565743,7.960585813686777,0
3.7475457,0.0,0.5,1.0,6.123234e-17,0.44063357,2024,2,3.737995,15.633685735063942,3.747545672280679,3
12.089631,0.66688937,0.75980765,0.5,-0.8660254,0.40531275,2024,3,4.467347,-27.96851739896571,12.089631393875845,4
7.46575,3.4491208,0.24019238,-0.5,0.8660254,0.32031274,2024,1,3.2234533,12.276635816985134,7.465750257508963,2
7.8956084,1.314984,0.24019238,-0.5,0.8660254,0.23346418,2024,1,3.0957441,13.140775911882553,7.895608547550034,0
4.174441,0.6640027,0.2,-2.4492937e-16,1.0,0.3893126,2024,1,3.2085543,9.458079602819826,4.1395631929713606,1
1.8226815,7.2495484,0.24019238,-0.5,0.8660254,0.44370523,2024,1,3.4131975,11.560344773340862,1.822681544926892,3
6.3986754,0.13903503,0.75980765,0.5,-0.8660254,0.10954309,2024,3,4.620564,-1.3655218958685458,6.39867559333075,4
5.4783587,5.936869,0.35,-0.8660254,0.5,0.13585673,2024,1,3.6036706,15.15091430117875,5.478358757345806,3
7.2375555,0.14734615,0.24019238,0.5,0.8660254,0.47577062,2024,1,3.1039753,10.364445222273288,7.237555652064287,0
8.8447275,0.0,0.65,0.8660254,-0.5,0.2519378,2024,3,4.1818824,11.722665015279706,8.844727514849662,4
4.1719623,5.0627503,0.24019238,-0.5,0.8660254,0.3646804,2024,1,3.3064399,13.157667688272545,4.171962456222737,2
5.4207335,7.1468525,0.35,-0.8660254,0.5,0.41736418,2024,1,3.3735318,14.098724074725743,5.420733671685588,3
5.5343256,6.928639,0.35,-0.8660254,0.5,0.3763919,2024,1,3.3837636,14.34577219891445,5.534325634732358,3
8.821093,0.06845259,0.65,0.8660254,-0.5,0.3083577,2024,3,4.1298323,-1.6848897299649792,8.821092649010456,4
5.5138946,5.809525,0.35,-0.8660254,0.5,0.30595896,2024,1,3.400466,14.478692479212361,5.513894643725846,3
6.2855663,4.0871816,0.24019238,-0.5,0.8660254,0.4889125,2024,1,3.1140916,13.80887465955933,6.285566538428798,0
10.454015,0.0018112563,0.75980765,0.5,-0.8660254,0.15428989,2024,3,4.2377486,-8.151026663861515,10.454014841339744,4
9.477029,0.3280801,0.75980765,0.5,-0.8660254,0.40110135,2024,3,4.4798098,1.1124349682203039,9.477028959738089,4
9.964548,0.0,0.24019238,0.5,0.8660254,0.16886985,2024,1,3.1080303,11.263662838883262,9.964548042275286,0
8.885696,0.26057494,0.65,0.8660254,-0.5,0.30539167,2024,3,4.1327877,8.13239248928552,8.885696022609107,4
5.356354,4.4995985,0.24019238,-0.5,0.8660254,0.27462018,2024,1,3.2234695,13.544626882818285,5.356354212986043,2
9.402153,0.40149936,0.65,0.8660254,-0.5,0.44639352,2024,3,4.0699873,-21.02859326346129,9.4021527798432,3
16.63539,0.17440027,0.24019238,0.5,0.8660254,0.35325217,2024,1,3.046882,2.9120683599522654,16.635389147961938,0
7.9621973,1.3823714,0.24019238,-0.5,0.8660254,0.31179717,2024,1,3.2108989,9.835801489648608,7.962197098160633,1
4.273654,0.21857537,0.24019238,0.5,0.8660254,0.15689531,2024,1,3.1991978,11.906867808261858,4.273654054154082,1
4.2080326,0.15165512,0.24019238,0.5,0.8660254,0.25908554,2024,1,3.1171794,15.599834512159887,4.208032484981633,0
12.054232,0.2537513,0.75980765,0.5,-0.8660254,0.30033383,2024,3,4.505335,-4.492215825573026,12.054232049318337,4
3.9316,0.16563833,0.24019238,0.5,0.8660254,0.17102921,2024,1,3.1919866,13.083038310998388,3.93160004243226,1
7.47743,0.097141065,0.5,1.0,6.123234e-17,0.34293708,2024,2,3.9468482,14.431333651330208,7.477429932470384,3
3.9402256,2.9837277,0.24019238,-0.5,0.8660254,0.18201178,2024,1,3.304147,12.731092743994072,3.940225659020691,2
9.582453,0.1410678,0.24019238,0.5,0.8660254,0.2691636,2024,1,3.001069,12.024142694703732,9.582452953312412,0
9.19408,0.1093297,0.75980765,0.5,-0.8660254,0.26779607,2024,3,4.5671077,-16.916050818790893,9.194080629394447,4
3.7794065,0.7048033,0.2,-2.4492937e-16,1.0,0.16939634,2024,1,3.016856,13.302495105861736,3.7794064906026295,0
4.078385,3.9671717,0.24019238,-0.5,0.8660254,0.47145414,2024,1,3.2589905,14.857813537731563,4.078384797022081,2
4.969632,0.21205628,0.24019238,0.5,0.8660254,0.42222875,2024,1,3.3389862,11.045505246690878,4.969632021613423,3
6.507865,0.102220684,0.24019238,0.5,0.8660254,0.335324,2024,1,3.2184258,14.494200102762603,6.507864885467703,1
9.241982,0.22914605,0.75980765,0.5,-0.8660254,0.4760533,2024,3,4.5708036,-1.360733130273644,9.24198230252259,4
11.050597,0.14595746,0.75980765,0.5,-0.8660254,0.28397906,2024,3,4.5314965,-27.783461850323917,11.050597383194232,4
6.328043,0.36343506,0.5,1.0,6.123234e-17,0.35317007,2024,2,3.931281,14.406755548772722,6.328043076177586,3
7.5457087,0.2561634,0.24019238,0.5,0.8660254,0.35912263,2024,1,3.2613435,13.70756545141763,7.545708656903421,2
2.8334014,6.5270176,0.24019238,-0.5,0.8660254,0.37465253,2024,1,3.3562384,12.486217861931918,2.8334015284296616,3
6.0585704,0.05979638,0.24019238,0.5,0.8660254,0.15908612,2024,1,3.1856039,14.027422588286315,6.058570556457573,1
7.9603934,1.1098894,0.24019238,-0.5,0.8660254,0.47907197,2024,1,3.0656095,12.503395288185173,7.960393404442646,0
6.3271747,0.20785856,0.24019238,0.5,0.8660254,0.16747479,2024,1,3.1682644,14.046791258248449,6.327174524747728,1
7.798492,0.25246754,0.24019238,0.5,0.8660254,0.27008945,2024,1,3.0489311,13.296734774314135,7.798491856716604,0
2.1646051,5.389822,0.24019238,-0.5,0.8660254,0.33961028,2024,1,3.3663123,16.904375765196956,2.1646051894513905,3
4.661775,0.13674529,0.24019238,0.5,0.8660254,0.25141728,2024,1,3.1131773,11.509843854003883,4.661775026686372,0
8.558732,0.23145686,0.5,1.0,6.123234e-17,0.15731093,2024,2,4.03292,13.17007012656373,8.558732163090497,3
5.4786935,0.0,0.35,-0.8660254,0.5,0.4772827,2024,1,3.36312,13.415037620583659,5.478693340298354,3
6.2071266,4.057378,0.75980765,-0.5,-0.8660254,0.44508463,2024,3,4.3836536,-10.632146268511946,6.207126452046523,4
6.614882,0.21032722,0.24019238,0.5,0.8660254,0.23556273,2024,1,3.0948184,14.236121926145069,6.614882021483533,0
5.1663437,0.28372607,0.24019238,0.5,0.8660254,0.17727715,2024,1,3.1746888,15.52488251868515,5.166343917977383,1
9.369985,0.0,0.75980765,0.5,-0.8660254,0.43923756,2024,3,4.528178,-16.629750636715993,9.369985033832696,4
6.0033,6.599756,0.35,-0.8660254,0.5,0.39043152,2024,1,3.376239,12.213354159392212,6.003300277499995,3
3.3476045,5.424778,0.24019238,-0.5,0.8660254,0.15848748,2024,1,3.3222651,16.36374621507495,3.347604459049554,2
6.3986754,0.13903503,0.75980765,0.5,-0.8660254,0.286965,2024,3,4.768265,1.8176916689225964,6.39867559333075,4
7.957575,1.5110531,0.24019238,-0.5,0.8660254,0.13007286,2024,1,3.1831694,14.092496306806057,7.957574787254181,1
9.727627,0.0837887,0.5,1.0,6.123234e-17,0.32391578,2024,2,3.927378,10.199120855931799,9.72762641474635,3
10.964653,0.5497372,0.75980765,0.5,-0.8660254,0.49638477,2024,3,4.5391703,-6.167964878222799,10.964652973520009,4
8.058952,1.7883142,0.24019238,-0.5,0.8660254,0.3816314,2024,1,3.1573005,13.855760252626304,8.058952475260854,1
6.1982465,4.1938367,0.75980765,-0.5,-0.8660254,0.20602746,2024,3,4.5582433,5.387584477786053,6.198246316453794,4
5.6044307,2.6399643,0.24019238,-0.5,0.8660254,0.4018741,2024,1,3.2499533,13.747376611430244,5.604430835724432,2
12.505822,0.545754,0.75980765,0.5,-0.8660254,0.47806835,2024,3,4.404228,-13.788925460788615,12.505822348264484,4
5.5344405,0.0455303,0.24019238,0.5,0.8660254,0.11775568,2024,1,3.206048,15.242957684651754,5.534440283562717,1
9.5394335,0.8796739,0.75980765,0.5,-0.8660254,0.16097578,2024,3,4.3480105,-13.26198606859147,9.539433870522249,4
4.684589,3.3996928,0.24019238,-0.5,0.8660254,0.139843,2024,1,3.281303,11.075069886095095,4.684588689573332,2
4.686112,0.0070408303,0.24019238,0.5,0.8660254,0.1375883,2024,1,3.2023191,13.357637186521789,4.686111886869192,1
8.854701,0.20235316,0.65,0.8660254,-0.5,0.18238927,2024,3,4.155404,-5.774993893865762,8.854701207531301,4
7.9451504,1.1648308,0.24019238,-0.5,0.8660254,0.1248402,2024,1,3.1816616,11.751055969090665,7.945150412996284,1
4.314231,7.0916214,0.24019238,-0.5,0.8660254,0.19187132,2024,1,3.256666,10.096537599517488,3.291055571682425,2
8.381765,0.70404077,0.75980765,0.5,-0.8660254,0.29951116,2024,3,4.628295,1.6429711181216775,8.381765575581637,4
4.7756934,0.0,0.24019238,-0.5,0.8660254,0.16842353,2024,1,3.3019316,10.936743502735288,4.775693426201683,2
4.3786054,0.11663998,0.24019238,0.5,0.8660254,0.12510347,2024,1,3.200927,13.267682422273413,4.37860525141165,1
6.6310716,0.0010931067,0.24019238,0.5,0.8660254,0.32610187,2024,1,3.1955538,13.675651357046334,6.631071332908928,1
4.846666,0.0,0.24019238,-0.5,0.8660254,0.22046705,2024,1,3.2813568,15.19469429352516,4.846665940185043,2
9.769276,0.2652836,0.65,0.8660254,-0.5,0.43753707,2024,3,4.0658493,10.846417921702233,9.769275997361351,3
7.86016,0.06794626,0.24019238,0.5,0.8660254,0.20113681,2024,1,3.0796137,13.547555739680375,7.860159913830454,0
11.589058,0.07783232,0.75980765,0.5,-0.8660254,0.39881387,2024,3,4.483821,-12.639869914847946,11.589057547312024,4
9.063188,0.31960714,0.75980765,0.5,-0.8660254,0.2588594,2024,3,4.567135,-11.460189165765257,9.063187253594242,4
2.960268,0.024476066,0.24019238,0.5,0.8660254,0.2948127,2024,1,3.1441057,13.123318680396,2.9602679981555555,0
5.8729253,0.16253525,0.24019238,0.5,0.8660254,0.2822395,2024,1,3.0967312,11.426536934663723,5.872925185165997,0
2.0457325,6.393421,0.24019238,-0.5,0.8660254,0.4769928,2024,1,3.3272018,13.497493927858974,2.045732562264749,2
5.269316,0.12355,0.24019238,0.5,0.8660254,0.14535719,2024,1,3.196459,13.364691458536576,5.269316130931775,1
4.1137743,4.037988,0.24019238,-0.5,0.8660254,0.14644271,2024,1,3.3069644,13.40189197789056,4.113774081308764,2
7.95486,1.3070539,0.24019238,-0.5,0.8660254,0.13339558,2024,1,3.18144,13.940055048879033,7.954860004227815,1
12.23094,0.13904078,0.75980765,0.5,-0.8660254,0.4703677,2024,3,4.413199,-7.428494474073041,12.230940260402644,4
6.07841,0.21815747,0.24019238,0.5,0.8660254,0.37535346,2024,1,3.2732465,12.293777900923848,6.078410358822312,2
3.3957763,3.937742,0.24019238,-0.5,0.8660254,0.33083135,2024,1,3.3347101,12.4380295736145,3.395776283010877,3
5.8150134,0.0,0.24019238,0.5,0.8660254,0.16793707,2024,1,3.1794922,10.104078724850863,5.815013340201912,1
7.9798937,1.2069818,0.24019238,-0.5,0.8660254,0.11815838,2024,1,3.179526,13.494176983072444,7.97989347770095,1
4.1853743,0.0002455091,0.5,1.0,6.123234e-17,0.12933622,2024,2,4.1724854,14.720127881961696,4.185374227005166,4
8.0529585,0.0,0.24019238,0.5,0.8660254,0.24331848,2024,1,3.0416164,13.833641565875679,8.052958935479317,0
5.3099675,0.25025412,0.24019238,0.5,0.8660254,0.25061405,2024,1,3.095097,12.540837402757179,5.309967469402221,0
9.943061,0.2730477,0.75980765,0.5,-0.8660254,0.21292576,2024,3,4.4423594,-4.791280391182427,9.94306074943276,4
7.602972,0.29845554,0.24019238,0.5,0.8660254,0.42973295,2024,1,3.2201495,12.755090970855107,7.602971844758447,1
4.726573,0.0,0.24019238,-0.5,0.8660254,0.2785511,2024,1,3.2957268,13.155153972361411,4.726573142092943,2
7.9573603,1.61943,0.24019238,-0.5,0.8660254,0.31811833,2024,1,3.2128506,12.128764902943717,7.957360257471694,1
8.847759,0.27857777,0.65,0.8660254,-0.5,0.3552057,2024,3,4.064249,-15.152927129032992,8.847759100543467,3
4.1957736,0.24670887,0.24019238,0.5,0.8660254,0.15867428,2024,1,3.19875,13.051196616591842,4.195773386909233,1
10.51348,0.7260859,0.75980765,0.5,-0.8660254,0.1129891,2024,3,4.1244383,-24.774336037489274,10.51347986962494,4
6.648956,0.26917192,0.24019238,0.5,0.8660254,0.43321568,2024,1,3.248076,11.768334331533433,6.648955905187715,2
7.9571953,1.10476,0.24019238,-0.5,0.8660254,0.34320933,2024,1,3.1966696,13.694267007874313,7.957195298836255,1
4.416962,4.5402985,0.24019238,-0.5,0.8660254,0.33523497,2024,1,3.3106039,11.660039657107715,4.41696215025256,2
9.086264,0.3577342,0.65,0.8660254,-0.5,0.21877809,2024,3,4.176304,2.366193344371003,9.08626355770495,4
3.1147342,5.2726226,0.24019238,-0.5,0.8660254,0.17237715,2024,1,3.3199985,12.460826899454881,3.114734089904185,2
19.63923,0.27449015,0.24019238,0.5,0.8660254,0.4170006,2024,1,2.16643,-0.36353087613086477,19.63923081241553,0
5.0094576,4.1828327,0.24019238,-0.5,0.8660254,0.44300693,2024,1,3.2648997,11.736996198213596,5.009457822121351,2
8.849201,0.25202858,0.65,0.8660254,-0.5,0.13284971,2024,3,4.107185,9.371445834601625,8.849201156464082,4
5.336989,1.8880249,0.24019238,-0.5,0.8660254,0.23091964,2024,1,3.2369847,12.629550269506232,5.33698879564463,2
10.203064,0.026692852,0.5,1.0,6.123234e-17,0.1816637,2024,2,3.8650422,6.795094920729011,10.203064161150545,3
7.5194926,0.00074528466,0.5,1.0,6.123234e-17,0.23105597,2024,2,4.0139017,13.87041902598754,7.5194926164944835,3
3.4052474,0.19915234,0.24019238,0.5,0.8660254,0.420799,2024,1,3.3950012,10.267527812843488,3.4052474635195438,3
4.825684,0.12376488,0.2,-2.4492937e-16,1.0,0.3601927,2024,1,3.1800785,12.397566251134847,4.8256840856555545,1
4.137979,5.530056,0.24019238,-0.5,0.8660254,0.4654621,2024,1,3.2654214,13.863246798890367,4.13797902229848,2
7.9589467,1.5220124,0.24019238,-0.5,0.8660254,0.41133133,2024,1,3.1542459,13.352637727193416,7.958946791554654,1
4.1867795,0.84058523,0.2,-2.4492937e-16,1.0,0.46149182,2024,1,3.0993154,11.246713627901224,4.186779292828772,0
4.827904,1.0424848,0.2,-2.4492937e-16,1.0,0.4515072,2024,1,3.0962641,10.529271833381822,4.827904339671425,0
4.872217,1.5003576,0.2,-2.4492937e-16,1.0,0.4110067,2024,1,3.16275,14.533094484669961,4.872217133342176,1
7.962766,1.8551964,0.24019238,-0.5,0.8660254,0.31666824,2024,1,3.2123456,13.17045303879401,7.962766332596513,1
4.8288536,0.7272928,0.2,-2.4492937e-16,1.0,0.10143664,2024,1,3.0064116,13.670844516748428,4.828853511507995,0
7.500388,0.0,0.24019238,0.5,0.8660254,0.15506436,2024,1,3.1757722,9.551756350560044,7.500388185213912,1
5.027995,0.450354,0.5,1.0,6.123234e-17,0.22147961,2024,2,4.006375,14.539172506846617,5.027995185715528,3
9.287916,0.17202878,0.75980765,0.5,-0.8660254,0.14889374,2024,3,4.347314,-2.391139011808359,9.28791614787537,4
3.2953038,7.302815,0.24019238,-0.5,0.8660254,0.39599007,2024,1,3.3508973,15.27453788857673,3.295303799941318,3
5.1830344,3.0031154,0.24019238,-0.5,0.8660254,0.12325402,2024,1,3.2591085,14.74826382767334,5.183034414951009,2
7.544013,0.17573093,0.5,1.0,6.123234e-17,0.3229432,2024,2,3.9278686,13.113400007071304,7.544013084233939,3
4.80724,0.98703456,0.2,-2.4492937e-16,1.0,0.18337348,2024,1,3.0122313,14.85878131357523,4.807239994311312,0
8.852133,0.30234262,0.65,0.8660254,-0.5,0.11377956,2024,3,4.0792212,7.263431270751114,8.852132711285366,3
8.729823,0.26010135,0.24019238,0.5,0.8660254,0.20879275,2024,1,3.0265343,12.363726044337932,8.72982274289819,0
8.735059,0.7347663,0.75980765,0.5,-0.8660254,0.25029477,2024,3,4.579978,-1.6638793777549385,8.735058719807872,4
3.4962862,5.174872,0.24019238,-0.5,0.8660254,0.2160222,2024,1,3.3061752,10.670666660088633,3.4962862620411177,2
9.828136,0.2732009,0.75980765,0.5,-0.8660254,0.44210437,2024,3,4.5265784,0.3223401486400488,9.828136152703475,4
4.8039994,0.15544097,0.2,-2.4492937e-16,1.0,0.16041107,2024,1,2.9945788,13.60769036603313,4.803999386733543,0
6.023258,0.12332722,0.24019238,0.5,0.8660254,0.14924622,2024,1,3.194954,12.767598278335067,6.023258135837849,1
5.1067195,6.1762185,0.24019238,-0.5,0.8660254,0.2694357,2024,1,3.2088094,15.596439810029318,5.1067196120035385,1
9.219927,0.21660584,0.65,0.8660254,-0.5,0.45619723,2024,3,4.0715423,11.247564620095163,9.219927173507704,3
9.283681,0.087561876,0.24019238,0.5,0.8660254,0.28003892,2024,1,3.046812,9.90893461507491,9.28368111670951,0
6.3288875,0.20437856,0.24019238,0.5,0.8660254,0.17297497,2024,1,3.159721,11.879400109203308,6.328887388508599,1
8.364353,0.2735206,0.75980765,0.5,-0.8660254,0.23669687,2024,3,4.5921907,1.9262652638818332,8.364352830698339,4
9.198582,6.252088,0.65,-0.8660254,-0.5,0.19535305,2024,4,3.94628,7.271672296164464,9.198581804377492,3
4.9893117,6.7832847,0.65,-0.8660254,-0.5,0.26846713,2024,3,3.7805727,15.029736905324995,4.989311683519066,3
7.0336003,0.111081935,0.24019238,0.5,0.8660254,0.29521194,2024,1,3.1216736,13.039674313569952,7.033600406192728,0
5.578934,6.3533416,0.35,-0.8660254,0.5,0.18004231,2024,1,3.6059933,14.721954232820032,5.578934410374452,3
6.204333,5.0324636,0.75980765,-0.5,-0.8660254,0.3286308,2024,3,4.3549953,-1.297341935655559,6.204332944876394,4
3.9932337,4.4748693,0.24019238,-0.5,0.8660254,0.4422878,2024,1,3.3262966,11.824952412237947,3.9932336127101657,2
5.137903,5.260817,0.24019238,-0.5,0.8660254,0.19833672,2024,1,3.2272537,11.767043510909716,5.137903375115777,2
8.849413,0.23723944,0.65,0.8660254,-0.5,0.32914156,2024,3,4.103417,-1.7993493959802862,8.849412827180513,3
4.028251,4.612231,0.24019238,-0.5,0.8660254,0.23265737,2024,1,3.29022,13.597944674860985,4.028251351467377,2
4.7983603,0.19653606,0.2,-2.4492937e-16,1.0,0.20137875,2024,1,3.041935,10.902551066190016,4.798360465690975,0
8.808982,0.0006199859,0.75980765,0.5,-0.8660254,0.23329699,2024,3,4.567054,1.3350385615148337,8.808981531119107,4
5.3221536,2.3474324,0.24019238,-0.5,0.8660254,0.39545745,2024,1,3.2676964,13.148325076001251,5.3221537123448295,2
13.975092,0.4910438,0.75980765,0.5,-0.8660254,0.30174387,2024,3,4.372343,-14.67696097359648,13.97509211990254,4
6.077291,4.207781,0.24019238,-0.5,0.8660254,0.13683593,2024,1,3.2228322,13.511454453870329,6.077290885882091,2
4.473999,4.166617,0.24019238,-0.5,0.8660254,0.47233737,2024,1,3.237491,15.1712219097676,4.47399916919164,2
5.8418546,0.098449655,0.24019238,0.5,0.8660254,0.13407692,2024,1,3.2120957,11.917548104872886,5.841854677060577,1
7.958036,1.6034192,0.24019238,-0.5,0.8660254,0.39713246,2024,1,3.1544433,10.446289742667702,7.958035875574192,1
9.3265915,0.3411219,0.75980765,0.5,-0.8660254,0.22174037,2024,3,4.534325,2.237660754123618,9.32659163341516,4
8.644953,0.10343812,0.75980765,0.5,-0.8660254,0.45705667,2024,3,4.589034,-13.51700459258906,8.644953166383159,4
3.8925548,4.3700576,0.24019238,-0.5,0.8660254,0.10564759,2024,1,3.2873707,14.462822203951436,3.8925547102389175,2
9.308547,0.13083261,0.24019238,0.5,0.8660254,0.2996005,2024,1,3.1077063,13.045925723224553,9.308546806939828,0
7.8555026,0.22587991,0.65,0.8660254,-0.5,0.16505769,2024,3,4.2476945,0.4198968215311156,7.855502368067224,4
4.8274508,0.25696135,0.2,-2.4492937e-16,1.0,0.12848534,2024,1,2.9858804,12.620910464563357,4.827450836503486,0
7.255177,0.352681,0.5,1.0,6.123234e-17,0.42793152,2024,2,4.049029,12.647385686346272,7.255176962242308,3
13.773108,0.07290227,0.75980765,0.5,-0.8660254,0.3178309,2024,3,4.4098334,-17.69860437119928,13.773107784034533,4
5.6983223,3.3398657,0.24019238,-0.5,0.8660254,0.10868784,2024,1,3.2445283,13.545422549538728,5.698322348357223,2
10.553668,0.0,0.75980765,0.5,-0.8660254,0.40284422,2024,3,4.4741406,-11.76378661501969,10.553667812947872,4
6.419465,0.9438084,0.75980765,0.5,-0.8660254,0.18609875,2024,3,4.705052,10.486468929953597,6.4194651474469655,4
7.86602,0.24750368,0.24019238,0.5,0.8660254,0.22401366,2024,1,3.0622146,13.847979628953286,7.866020251987802,0
7.959325,0.93037343,0.24019238,-0.5,0.8660254,0.36774027,2024,1,3.1796405,13.673790239703699,7.959324750288726,1
6.740965,3.5237722,0.24019238,-0.5,0.8660254,0.17080872,2024,1,3.1817713,13.719953797893844,6.740964822874594,1
11.029442,0.08477115,0.75980765,0.5,-0.8660254,0.1738191,2024,3,4.232241,-6.516187651082209,11.02944142264179,4
9.769276,0.2652836,0.65,0.8660254,-0.5,0.19032496,2024,3,4.058621,6.4590722550396364,9.769275997361351,3
7.912599,0.7431174,0.24019238,-0.5,0.8660254,0.46982327,2024,1,3.0769825,9.511266257969254,7.912599168916449,0
4.2219257,4.600455,0.24019238,-0.5,0.8660254,0.23314111,2024,1,3.2814012,13.592117982439042,4.221925707915712,2
4.875537,0.6665364,0.2,-2.4492937e-16,1.0,0.49460226,2024,1,3.0099669,9.528287134120907,3.821740943182308,0
8.98216,0.17706479,0.65,0.8660254,-0.5,0.24142407,2024,3,4.1844397,11.74018898379589,8.982159645183902,4
7.883842,0.0,0.5,1.0,6.123234e-17,0.1331512,2024,2,4.065721,6.970808654110001,7.883842039115962,3
7.712451,0.9933426,0.24019238,-0.5,0.8660254,0.31045634,2024,1,3.2233212,14.33067577546962,7.712450952501272,2
4.451955,0.10813319,0.24019238,0.5,0.8660254,0.39003146,2024,1,3.3283942,11.677831469532096,4.451954639388547,2
9.146212,2.515439,0.24019238,-0.5,0.8660254,0.43107447,2024,1,3.112814,13.14071344814228,9.146211846711878,0
3.8169343,5.466625,0.24019238,-0.5,0.8660254,0.18521725,2024,1,3.2889373,14.237732305680709,3.8169342882638,2
9.058949,0.6264321,0.75980765,0.5,-0.8660254,0.232721,2024,3,4.5584526,9.35360941664113,9.058949386103771,4
7.935988,1.6380659,0.24019238,-0.5,0.8660254,0.46173733,2024,1,3.0790942,12.674863915440131,7.935988087466763,0
7.917647,1.7792023,0.24019238,-0.5,0.8660254,0.29408076,2024,1,3.160193,10.1345013897627,7.917646979552287,1
10.31561,0.13582699,0.75980765,0.5,-0.8660254,0.2805264,2024,3,4.540139,0.12700137835761227,10.315609804538903,4
8.90858,0.782249,0.75980765,0.5,-0.8660254,0.35833922,2024,3,4.5783815,-18.276975911088705,8.90857947419222,4
5.583271,7.0579076,0.35,-0.8660254,0.5,0.38750947,2024,1,3.3905554,15.060400361976793,5.583270980969666,3
4.7063046,0.16318752,0.5,1.0,6.123234e-17,0.42252547,2024,2,3.891267,14.823020214355598,4.706304484002755,3
6.440423,0.2185058,0.24019238,0.5,0.8660254,0.4513229,2024,1,3.2078,15.386820246355768,6.4404228635362575,1
8.544005,0.24093015,0.24019238,0.5,0.8660254,0.15440439,2024,1,3.1563444,13.01683034520156,8.544005835853563,1
3.8263524,4.8080726,0.24019238,-0.5,0.8660254,0.2840798,2024,1,3.2898579,14.53614714536289,3.8263524139702594,2
5.6995907,0.077741794,0.24019238,0.5,0.8660254,0.23237655,2024,1,3.111269,11.757139111927794,5.69959048841763,0
