group,algo,seed,file,status,detail
frozen_models,bc,123,bc_seed123.d3,SEED_UNVERIFIABLE_FROM_CHECKPOINT,"no seed key in training_manifest.json (keys present: ['alpha', 'batch_size', 'bc_batch_size', 'bc_beta', 'bc_learning_rate', 'bc_n_steps', 'bc_n_steps_per_epoch', 'clip_grad_norm', 'config', 'config_sha1', 'created', 'dataset', 'dataset_sha1', 'gamma', 'learning_rate', 'n_critics', 'n_quantiles', 'n_steps', 'n_steps_per_epoch', 'norm_fingerprint', 'oversample', 'qfunc', 'script_sha1', 'split_seed', 'target_update_interval', 'variant'])"
frozen_models,bc,123,bc_seed123.d3,OK,"observed={'learning_rate': '0.001 (via learning_rate)', 'batch_size': '100 (via batch_size)', 'gamma': '0.99 (via gamma)'} full_flat_config={'batch_size': 100, 'gamma': 0.99, 'observation_scaler': None, 'action_scaler': None, 'reward_scaler': None, 'compile_graph': False, 'learning_rate': 0.001, 'beta': 0.5}"
frozen_models,bc,2024,bc_seed2024.d3,SEED_UNVERIFIABLE_FROM_CHECKPOINT,"no seed key in training_manifest.json (keys present: ['alpha', 'batch_size', 'bc_batch_size', 'bc_beta', 'bc_learning_rate', 'bc_n_steps', 'bc_n_steps_per_epoch', 'clip_grad_norm', 'config', 'config_sha1', 'created', 'dataset', 'dataset_sha1', 'gamma', 'learning_rate', 'n_critics', 'n_quantiles', 'n_steps', 'n_steps_per_epoch', 'norm_fingerprint', 'oversample', 'qfunc', 'script_sha1', 'split_seed', 'target_update_interval', 'variant'])"
frozen_models,bc,2024,bc_seed2024.d3,OK,"observed={'learning_rate': '0.001 (via learning_rate)', 'batch_size': '100 (via batch_size)', 'gamma': '0.99 (via gamma)'} full_flat_config={'batch_size': 100, 'gamma': 0.99, 'observation_scaler': None, 'action_scaler': None, 'reward_scaler': None, 'compile_graph': False, 'learning_rate': 0.001, 'beta': 0.5}"
frozen_models,bc,42,bc_seed42.d3,SEED_UNVERIFIABLE_FROM_CHECKPOINT,"no seed key in training_manifest.json (keys present: ['alpha', 'batch_size', 'bc_batch_size', 'bc_beta', 'bc_learning_rate', 'bc_n_steps', 'bc_n_steps_per_epoch', 'clip_grad_norm', 'config', 'config_sha1', 'created', 'dataset', 'dataset_sha1', 'gamma', 'learning_rate', 'n_critics', 'n_quantiles', 'n_steps', 'n_steps_per_epoch', 'norm_fingerprint', 'oversample', 'qfunc', 'script_sha1', 'split_seed', 'target_update_interval', 'variant'])"
frozen_models,bc,42,bc_seed42.d3,OK,"observed={'learning_rate': '0.001 (via learning_rate)', 'batch_size': '100 (via batch_size)', 'gamma': '0.99 (via gamma)'} full_flat_config={'batch_size': 100, 'gamma': 0.99, 'observation_scaler': None, 'action_scaler': None, 'reward_scaler': None, 'compile_graph': False, 'learning_rate': 0.001, 'beta': 0.5}"
frozen_models,bc,,reports\paper_exp\frozen_models\cql_frozen\training_manifest.json,STEPS_OK,manifest n_steps=20000
frozen_models,cql,123,cql_seed123.d3,SEED_UNVERIFIABLE_FROM_CHECKPOINT,"no seed key in training_manifest.json (keys present: ['alpha', 'batch_size', 'bc_batch_size', 'bc_beta', 'bc_learning_rate', 'bc_n_steps', 'bc_n_steps_per_epoch', 'clip_grad_norm', 'config', 'config_sha1', 'created', 'dataset', 'dataset_sha1', 'gamma', 'learning_rate', 'n_critics', 'n_quantiles', 'n_steps', 'n_steps_per_epoch', 'norm_fingerprint', 'oversample', 'qfunc', 'script_sha1', 'split_seed', 'target_update_interval', 'variant'])"
frozen_models,cql,123,cql_seed123.d3,OK,"observed={'alpha': '1.0 (via alpha)', 'learning_rate': '0.0003 (via learning_rate)', 'batch_size': '100 (via batch_size)', 'gamma': '0.99 (via gamma)', 'n_critics': '1 (via n_critics)', 'target_update_interval': '8000 (via target_update_interval)'} full_flat_config={'batch_size': 100, 'gamma': 0.99, 'observation_scaler': None, 'action_scaler': None, 'reward_scaler': None, 'compile_graph': False, 'learning_rate': 0.0003, 'n_critics': 1, 'target_update_interval': 8000, 'alpha': 1.0}"
frozen_models,cql,2024,cql_seed2024.d3,SEED_UNVERIFIABLE_FROM_CHECKPOINT,"no seed key in training_manifest.json (keys present: ['alpha', 'batch_size', 'bc_batch_size', 'bc_beta', 'bc_learning_rate', 'bc_n_steps', 'bc_n_steps_per_epoch', 'clip_grad_norm', 'config', 'config_sha1', 'created', 'dataset', 'dataset_sha1', 'gamma', 'learning_rate', 'n_critics', 'n_quantiles', 'n_steps', 'n_steps_per_epoch', 'norm_fingerprint', 'oversample', 'qfunc', 'script_sha1', 'split_seed', 'target_update_interval', 'variant'])"
frozen_models,cql,2024,cql_seed2024.d3,OK,"observed={'alpha': '1.0 (via alpha)', 'learning_rate': '0.0003 (via learning_rate)', 'batch_size': '100 (via batch_size)', 'gamma': '0.99 (via gamma)', 'n_critics': '1 (via n_critics)', 'target_update_interval': '8000 (via target_update_interval)'} full_flat_config={'batch_size': 100, 'gamma': 0.99, 'observation_scaler': None, 'action_scaler': None, 'reward_scaler': None, 'compile_graph': False, 'learning_rate': 0.0003, 'n_critics': 1, 'target_update_interval': 8000, 'alpha': 1.0}"
frozen_models,cql,42,cql_seed42.d3,SEED_UNVERIFIABLE_FROM_CHECKPOINT,"no seed key in training_manifest.json (keys present: ['alpha', 'batch_size', 'bc_batch_size', 'bc_beta', 'bc_learning_rate', 'bc_n_steps', 'bc_n_steps_per_epoch', 'clip_grad_norm', 'config', 'config_sha1', 'created', 'dataset', 'dataset_sha1', 'gamma', 'learning_rate', 'n_critics', 'n_quantiles', 'n_steps', 'n_steps_per_epoch', 'norm_fingerprint', 'oversample', 'qfunc', 'script_sha1', 'split_seed', 'target_update_interval', 'variant'])"
frozen_models,cql,42,cql_seed42.d3,OK,"observed={'alpha': '1.0 (via alpha)', 'learning_rate': '0.0003 (via learning_rate)', 'batch_size': '100 (via batch_size)', 'gamma': '0.99 (via gamma)', 'n_critics': '1 (via n_critics)', 'target_update_interval': '8000 (via target_update_interval)'} full_flat_config={'batch_size': 100, 'gamma': 0.99, 'observation_scaler': None, 'action_scaler': None, 'reward_scaler': None, 'compile_graph': False, 'learning_rate': 0.0003, 'n_critics': 1, 'target_update_interval': 8000, 'alpha': 1.0}"
frozen_models,cql,,reports\paper_exp\frozen_models\cql_frozen\training_manifest.json,STEPS_OK,manifest n_steps=20000
frozen_models,,,reports\paper_exp\frozen_models\normalization_manifest.json,HASH_OK,C:\trishna-opal\reports\paper_exp\dataset_normal_train.h5
frozen_models,,,reports\paper_exp\frozen_models\cql_frozen\training_manifest.json,HASH_OK,C:\trishna-opal\reports\paper_exp\dataset_normal_train.h5
ood_models,bc,123,bc_seed123.d3,SEED_UNVERIFIABLE_FROM_CHECKPOINT,"no seed key in training_manifest.json (keys present: ['alpha', 'batch_size', 'bc_batch_size', 'bc_beta', 'bc_learning_rate', 'bc_n_steps', 'bc_n_steps_per_epoch', 'clip_grad_norm', 'config', 'config_sha1', 'created', 'dataset', 'dataset_sha1', 'gamma', 'learning_rate', 'n_critics', 'n_quantiles', 'n_steps', 'n_steps_per_epoch', 'norm_fingerprint', 'oversample', 'qfunc', 'script_sha1', 'split_seed', 'target_update_interval', 'variant'])"
ood_models,bc,123,bc_seed123.d3,OK,"observed={'learning_rate': '0.001 (via learning_rate)', 'batch_size': '100 (via batch_size)', 'gamma': '0.99 (via gamma)'} full_flat_config={'batch_size': 100, 'gamma': 0.99, 'observation_scaler': None, 'action_scaler': None, 'reward_scaler': None, 'compile_graph': False, 'learning_rate': 0.001, 'beta': 0.5}"
ood_models,bc,2024,bc_seed2024.d3,SEED_UNVERIFIABLE_FROM_CHECKPOINT,"no seed key in training_manifest.json (keys present: ['alpha', 'batch_size', 'bc_batch_size', 'bc_beta', 'bc_learning_rate', 'bc_n_steps', 'bc_n_steps_per_epoch', 'clip_grad_norm', 'config', 'config_sha1', 'created', 'dataset', 'dataset_sha1', 'gamma', 'learning_rate', 'n_critics', 'n_quantiles', 'n_steps', 'n_steps_per_epoch', 'norm_fingerprint', 'oversample', 'qfunc', 'script_sha1', 'split_seed', 'target_update_interval', 'variant'])"
ood_models,bc,2024,bc_seed2024.d3,OK,"observed={'learning_rate': '0.001 (via learning_rate)', 'batch_size': '100 (via batch_size)', 'gamma': '0.99 (via gamma)'} full_flat_config={'batch_size': 100, 'gamma': 0.99, 'observation_scaler': None, 'action_scaler': None, 'reward_scaler': None, 'compile_graph': False, 'learning_rate': 0.001, 'beta': 0.5}"
ood_models,bc,42,bc_seed42.d3,SEED_UNVERIFIABLE_FROM_CHECKPOINT,"no seed key in training_manifest.json (keys present: ['alpha', 'batch_size', 'bc_batch_size', 'bc_beta', 'bc_learning_rate', 'bc_n_steps', 'bc_n_steps_per_epoch', 'clip_grad_norm', 'config', 'config_sha1', 'created', 'dataset', 'dataset_sha1', 'gamma', 'learning_rate', 'n_critics', 'n_quantiles', 'n_steps', 'n_steps_per_epoch', 'norm_fingerprint', 'oversample', 'qfunc', 'script_sha1', 'split_seed', 'target_update_interval', 'variant'])"
ood_models,bc,42,bc_seed42.d3,OK,"observed={'learning_rate': '0.001 (via learning_rate)', 'batch_size': '100 (via batch_size)', 'gamma': '0.99 (via gamma)'} full_flat_config={'batch_size': 100, 'gamma': 0.99, 'observation_scaler': None, 'action_scaler': None, 'reward_scaler': None, 'compile_graph': False, 'learning_rate': 0.001, 'beta': 0.5}"
ood_models,bc,,reports\paper_exp\ood_models\cql_frozen\training_manifest.json,STEPS_OK,manifest n_steps=20000
ood_models,cql,123,cql_seed123.d3,SEED_UNVERIFIABLE_FROM_CHECKPOINT,"no seed key in training_manifest.json (keys present: ['alpha', 'batch_size', 'bc_batch_size', 'bc_beta', 'bc_learning_rate', 'bc_n_steps', 'bc_n_steps_per_epoch', 'clip_grad_norm', 'config', 'config_sha1', 'created', 'dataset', 'dataset_sha1', 'gamma', 'learning_rate', 'n_critics', 'n_quantiles', 'n_steps', 'n_steps_per_epoch', 'norm_fingerprint', 'oversample', 'qfunc', 'script_sha1', 'split_seed', 'target_update_interval', 'variant'])"
ood_models,cql,123,cql_seed123.d3,OK,"observed={'alpha': '1.0 (via alpha)', 'learning_rate': '0.0003 (via learning_rate)', 'batch_size': '100 (via batch_size)', 'gamma': '0.99 (via gamma)', 'n_critics': '1 (via n_critics)', 'target_update_interval': '8000 (via target_update_interval)'} full_flat_config={'batch_size': 100, 'gamma': 0.99, 'observation_scaler': None, 'action_scaler': None, 'reward_scaler': None, 'compile_graph': False, 'learning_rate': 0.0003, 'n_critics': 1, 'target_update_interval': 8000, 'alpha': 1.0}"
ood_models,cql,2024,cql_seed2024.d3,SEED_UNVERIFIABLE_FROM_CHECKPOINT,"no seed key in training_manifest.json (keys present: ['alpha', 'batch_size', 'bc_batch_size', 'bc_beta', 'bc_learning_rate', 'bc_n_steps', 'bc_n_steps_per_epoch', 'clip_grad_norm', 'config', 'config_sha1', 'created', 'dataset', 'dataset_sha1', 'gamma', 'learning_rate', 'n_critics', 'n_quantiles', 'n_steps', 'n_steps_per_epoch', 'norm_fingerprint', 'oversample', 'qfunc', 'script_sha1', 'split_seed', 'target_update_interval', 'variant'])"
ood_models,cql,2024,cql_seed2024.d3,OK,"observed={'alpha': '1.0 (via alpha)', 'learning_rate': '0.0003 (via learning_rate)', 'batch_size': '100 (via batch_size)', 'gamma': '0.99 (via gamma)', 'n_critics': '1 (via n_critics)', 'target_update_interval': '8000 (via target_update_interval)'} full_flat_config={'batch_size': 100, 'gamma': 0.99, 'observation_scaler': None, 'action_scaler': None, 'reward_scaler': None, 'compile_graph': False, 'learning_rate': 0.0003, 'n_critics': 1, 'target_update_interval': 8000, 'alpha': 1.0}"
ood_models,cql,42,cql_seed42.d3,SEED_UNVERIFIABLE_FROM_CHECKPOINT,"no seed key in training_manifest.json (keys present: ['alpha', 'batch_size', 'bc_batch_size', 'bc_beta', 'bc_learning_rate', 'bc_n_steps', 'bc_n_steps_per_epoch', 'clip_grad_norm', 'config', 'config_sha1', 'created', 'dataset', 'dataset_sha1', 'gamma', 'learning_rate', 'n_critics', 'n_quantiles', 'n_steps', 'n_steps_per_epoch', 'norm_fingerprint', 'oversample', 'qfunc', 'script_sha1', 'split_seed', 'target_update_interval', 'variant'])"
ood_models,cql,42,cql_seed42.d3,OK,"observed={'alpha': '1.0 (via alpha)', 'learning_rate': '0.0003 (via learning_rate)', 'batch_size': '100 (via batch_size)', 'gamma': '0.99 (via gamma)', 'n_critics': '1 (via n_critics)', 'target_update_interval': '8000 (via target_update_interval)'} full_flat_config={'batch_size': 100, 'gamma': 0.99, 'observation_scaler': None, 'action_scaler': None, 'reward_scaler': None, 'compile_graph': False, 'learning_rate': 0.0003, 'n_critics': 1, 'target_update_interval': 8000, 'alpha': 1.0}"
ood_models,cql,,reports\paper_exp\ood_models\cql_frozen\training_manifest.json,STEPS_OK,manifest n_steps=20000
ood_models,,,reports\paper_exp\ood_models\normalization_manifest.json,HASH_OK,C:\trishna-opal\reports\paper_exp\dataset_normal_train.h5
ood_models,,,reports\paper_exp\ood_models\cql_frozen\training_manifest.json,HASH_OK,C:\trishna-opal\reports\paper_exp\dataset_normal_train.h5
cql_qr,cql,123,cql_seed123.d3,SEED_UNVERIFIABLE_FROM_CHECKPOINT,"no seed key in training_manifest.json (keys present: ['alpha', 'batch_size', 'clip_grad_norm', 'config', 'config_sha1', 'created', 'dataset', 'dataset_sha1', 'gamma', 'learning_rate', 'n_critics', 'n_quantiles', 'n_steps', 'n_steps_per_epoch', 'norm_fingerprint', 'oversample', 'qfunc', 'script_sha1', 'split_seed', 'target_update_interval', 'variant'])"
cql_qr,cql,123,cql_seed123.d3,OK,"observed={'alpha': '1.0 (via alpha)', 'learning_rate': '0.0003 (via learning_rate)', 'batch_size': '100 (via batch_size)', 'gamma': '0.99 (via gamma)', 'n_critics': '1 (via n_critics)', 'target_update_interval': '8000 (via target_update_interval)'} full_flat_config={'batch_size': 100, 'gamma': 0.99, 'observation_scaler': None, 'action_scaler': None, 'reward_scaler': None, 'compile_graph': False, 'learning_rate': 0.0003, 'n_critics': 1, 'target_update_interval': 8000, 'alpha': 1.0}"
cql_qr,cql,2024,cql_seed2024.d3,SEED_UNVERIFIABLE_FROM_CHECKPOINT,"no seed key in training_manifest.json (keys present: ['alpha', 'batch_size', 'clip_grad_norm', 'config', 'config_sha1', 'created', 'dataset', 'dataset_sha1', 'gamma', 'learning_rate', 'n_critics', 'n_quantiles', 'n_steps', 'n_steps_per_epoch', 'norm_fingerprint', 'oversample', 'qfunc', 'script_sha1', 'split_seed', 'target_update_interval', 'variant'])"
cql_qr,cql,2024,cql_seed2024.d3,OK,"observed={'alpha': '1.0 (via alpha)', 'learning_rate': '0.0003 (via learning_rate)', 'batch_size': '100 (via batch_size)', 'gamma': '0.99 (via gamma)', 'n_critics': '1 (via n_critics)', 'target_update_interval': '8000 (via target_update_interval)'} full_flat_config={'batch_size': 100, 'gamma': 0.99, 'observation_scaler': None, 'action_scaler': None, 'reward_scaler': None, 'compile_graph': False, 'learning_rate': 0.0003, 'n_critics': 1, 'target_update_interval': 8000, 'alpha': 1.0}"
cql_qr,cql,42,cql_seed42.d3,SEED_UNVERIFIABLE_FROM_CHECKPOINT,"no seed key in training_manifest.json (keys present: ['alpha', 'batch_size', 'clip_grad_norm', 'config', 'config_sha1', 'created', 'dataset', 'dataset_sha1', 'gamma', 'learning_rate', 'n_critics', 'n_quantiles', 'n_steps', 'n_steps_per_epoch', 'norm_fingerprint', 'oversample', 'qfunc', 'script_sha1', 'split_seed', 'target_update_interval', 'variant'])"
cql_qr,cql,42,cql_seed42.d3,OK,"observed={'alpha': '1.0 (via alpha)', 'learning_rate': '0.0003 (via learning_rate)', 'batch_size': '100 (via batch_size)', 'gamma': '0.99 (via gamma)', 'n_critics': '1 (via n_critics)', 'target_update_interval': '8000 (via target_update_interval)'} full_flat_config={'batch_size': 100, 'gamma': 0.99, 'observation_scaler': None, 'action_scaler': None, 'reward_scaler': None, 'compile_graph': False, 'learning_rate': 0.0003, 'n_critics': 1, 'target_update_interval': 8000, 'alpha': 1.0}"
cql_qr,cql,,reports\paper_exp\cql_qr\training_manifest.json,STEPS_OK,manifest n_steps=20000
cql_qr,,,reports\paper_exp\normalization_manifest.json,HASH_OK,C:\trishna-opal\reports\paper_exp\dataset_normal_train.h5
cql_qr,,,reports\paper_exp\cql_qr\training_manifest.json,HASH_OK,C:\trishna-opal\reports\paper_exp\dataset_normal_train.h5
cql_mean,cql,123,cql_seed123.d3,SEED_UNVERIFIABLE_FROM_CHECKPOINT,"no seed key in training_manifest.json (keys present: ['alpha', 'batch_size', 'clip_grad_norm', 'config', 'config_sha1', 'created', 'dataset', 'dataset_sha1', 'gamma', 'learning_rate', 'n_critics', 'n_quantiles', 'n_steps', 'n_steps_per_epoch', 'norm_fingerprint', 'oversample', 'qfunc', 'script_sha1', 'split_seed', 'target_update_interval', 'variant'])"
cql_mean,cql,123,cql_seed123.d3,OK,"observed={'alpha': '1.0 (via alpha)', 'learning_rate': '0.0003 (via learning_rate)', 'batch_size': '100 (via batch_size)', 'gamma': '0.99 (via gamma)', 'n_critics': '1 (via n_critics)', 'target_update_interval': '8000 (via target_update_interval)'} full_flat_config={'batch_size': 100, 'gamma': 0.99, 'observation_scaler': None, 'action_scaler': None, 'reward_scaler': None, 'compile_graph': False, 'learning_rate': 0.0003, 'n_critics': 1, 'target_update_interval': 8000, 'alpha': 1.0}"
cql_mean,cql,2024,cql_seed2024.d3,SEED_UNVERIFIABLE_FROM_CHECKPOINT,"no seed key in training_manifest.json (keys present: ['alpha', 'batch_size', 'clip_grad_norm', 'config', 'config_sha1', 'created', 'dataset', 'dataset_sha1', 'gamma', 'learning_rate', 'n_critics', 'n_quantiles', 'n_steps', 'n_steps_per_epoch', 'norm_fingerprint', 'oversample', 'qfunc', 'script_sha1', 'split_seed', 'target_update_interval', 'variant'])"
cql_mean,cql,2024,cql_seed2024.d3,OK,"observed={'alpha': '1.0 (via alpha)', 'learning_rate': '0.0003 (via learning_rate)', 'batch_size': '100 (via batch_size)', 'gamma': '0.99 (via gamma)', 'n_critics': '1 (via n_critics)', 'target_update_interval': '8000 (via target_update_interval)'} full_flat_config={'batch_size': 100, 'gamma': 0.99, 'observation_scaler': None, 'action_scaler': None, 'reward_scaler': None, 'compile_graph': False, 'learning_rate': 0.0003, 'n_critics': 1, 'target_update_interval': 8000, 'alpha': 1.0}"
cql_mean,cql,42,cql_seed42.d3,SEED_UNVERIFIABLE_FROM_CHECKPOINT,"no seed key in training_manifest.json (keys present: ['alpha', 'batch_size', 'clip_grad_norm', 'config', 'config_sha1', 'created', 'dataset', 'dataset_sha1', 'gamma', 'learning_rate', 'n_critics', 'n_quantiles', 'n_steps', 'n_steps_per_epoch', 'norm_fingerprint', 'oversample', 'qfunc', 'script_sha1', 'split_seed', 'target_update_interval', 'variant'])"
cql_mean,cql,42,cql_seed42.d3,OK,"observed={'alpha': '1.0 (via alpha)', 'learning_rate': '0.0003 (via learning_rate)', 'batch_size': '100 (via batch_size)', 'gamma': '0.99 (via gamma)', 'n_critics': '1 (via n_critics)', 'target_update_interval': '8000 (via target_update_interval)'} full_flat_config={'batch_size': 100, 'gamma': 0.99, 'observation_scaler': None, 'action_scaler': None, 'reward_scaler': None, 'compile_graph': False, 'learning_rate': 0.0003, 'n_critics': 1, 'target_update_interval': 8000, 'alpha': 1.0}"
cql_mean,cql,,reports\paper_exp\cql_mean\training_manifest.json,STEPS_OK,manifest n_steps=20000
cql_mean,,,reports\paper_exp\normalization_manifest.json,HASH_OK,C:\trishna-opal\reports\paper_exp\dataset_normal_train.h5
cql_mean,,,reports\paper_exp\cql_mean\training_manifest.json,HASH_OK,C:\trishna-opal\reports\paper_exp\dataset_normal_train.h5
adapt_drought_gw15,bc,123,bc_seed123.d3,SEED_UNVERIFIABLE_FROM_CHECKPOINT,"no seed key in training_manifest.json (keys present: ['alpha', 'batch_size', 'bc_batch_size', 'bc_beta', 'bc_learning_rate', 'bc_n_steps', 'bc_n_steps_per_epoch', 'clip_grad_norm', 'config', 'config_sha1', 'created', 'dataset', 'dataset_sha1', 'gamma', 'learning_rate', 'n_critics', 'n_quantiles', 'n_steps', 'n_steps_per_epoch', 'norm_fingerprint', 'oversample', 'qfunc', 'script_sha1', 'split_seed', 'target_update_interval', 'variant'])"
adapt_drought_gw15,bc,123,bc_seed123.d3,OK,"observed={'learning_rate': '0.001 (via learning_rate)', 'batch_size': '100 (via batch_size)', 'gamma': '0.99 (via gamma)'} full_flat_config={'batch_size': 100, 'gamma': 0.99, 'observation_scaler': None, 'action_scaler': None, 'reward_scaler': None, 'compile_graph': False, 'learning_rate': 0.001, 'beta': 0.5}"
adapt_drought_gw15,bc,2024,bc_seed2024.d3,SEED_UNVERIFIABLE_FROM_CHECKPOINT,"no seed key in training_manifest.json (keys present: ['alpha', 'batch_size', 'bc_batch_size', 'bc_beta', 'bc_learning_rate', 'bc_n_steps', 'bc_n_steps_per_epoch', 'clip_grad_norm', 'config', 'config_sha1', 'created', 'dataset', 'dataset_sha1', 'gamma', 'learning_rate', 'n_critics', 'n_quantiles', 'n_steps', 'n_steps_per_epoch', 'norm_fingerprint', 'oversample', 'qfunc', 'script_sha1', 'split_seed', 'target_update_interval', 'variant'])"
adapt_drought_gw15,bc,2024,bc_seed2024.d3,OK,"observed={'learning_rate': '0.001 (via learning_rate)', 'batch_size': '100 (via batch_size)', 'gamma': '0.99 (via gamma)'} full_flat_config={'batch_size': 100, 'gamma': 0.99, 'observation_scaler': None, 'action_scaler': None, 'reward_scaler': None, 'compile_graph': False, 'learning_rate': 0.001, 'beta': 0.5}"
adapt_drought_gw15,bc,42,bc_seed42.d3,SEED_UNVERIFIABLE_FROM_CHECKPOINT,"no seed key in training_manifest.json (keys present: ['alpha', 'batch_size', 'bc_batch_size', 'bc_beta', 'bc_learning_rate', 'bc_n_steps', 'bc_n_steps_per_epoch', 'clip_grad_norm', 'config', 'config_sha1', 'created', 'dataset', 'dataset_sha1', 'gamma', 'learning_rate', 'n_critics', 'n_quantiles', 'n_steps', 'n_steps_per_epoch', 'norm_fingerprint', 'oversample', 'qfunc', 'script_sha1', 'split_seed', 'target_update_interval', 'variant'])"
adapt_drought_gw15,bc,42,bc_seed42.d3,OK,"observed={'learning_rate': '0.001 (via learning_rate)', 'batch_size': '100 (via batch_size)', 'gamma': '0.99 (via gamma)'} full_flat_config={'batch_size': 100, 'gamma': 0.99, 'observation_scaler': None, 'action_scaler': None, 'reward_scaler': None, 'compile_graph': False, 'learning_rate': 0.001, 'beta': 0.5}"
adapt_drought_gw15,bc,,reports\paper_exp\adapt_drought_gw15\cql_frozen\training_manifest.json,STEPS_OK,manifest n_steps=20000
adapt_drought_gw15,cql,123,cql_seed123.d3,SEED_UNVERIFIABLE_FROM_CHECKPOINT,"no seed key in training_manifest.json (keys present: ['alpha', 'batch_size', 'bc_batch_size', 'bc_beta', 'bc_learning_rate', 'bc_n_steps', 'bc_n_steps_per_epoch', 'clip_grad_norm', 'config', 'config_sha1', 'created', 'dataset', 'dataset_sha1', 'gamma', 'learning_rate', 'n_critics', 'n_quantiles', 'n_steps', 'n_steps_per_epoch', 'norm_fingerprint', 'oversample', 'qfunc', 'script_sha1', 'split_seed', 'target_update_interval', 'variant'])"
adapt_drought_gw15,cql,123,cql_seed123.d3,OK,"observed={'alpha': '1.0 (via alpha)', 'learning_rate': '0.0003 (via learning_rate)', 'batch_size': '100 (via batch_size)', 'gamma': '0.99 (via gamma)', 'n_critics': '1 (via n_critics)', 'target_update_interval': '8000 (via target_update_interval)'} full_flat_config={'batch_size': 100, 'gamma': 0.99, 'observation_scaler': None, 'action_scaler': None, 'reward_scaler': None, 'compile_graph': False, 'learning_rate': 0.0003, 'n_critics': 1, 'target_update_interval': 8000, 'alpha': 1.0}"
adapt_drought_gw15,cql,2024,cql_seed2024.d3,SEED_UNVERIFIABLE_FROM_CHECKPOINT,"no seed key in training_manifest.json (keys present: ['alpha', 'batch_size', 'bc_batch_size', 'bc_beta', 'bc_learning_rate', 'bc_n_steps', 'bc_n_steps_per_epoch', 'clip_grad_norm', 'config', 'config_sha1', 'created', 'dataset', 'dataset_sha1', 'gamma', 'learning_rate', 'n_critics', 'n_quantiles', 'n_steps', 'n_steps_per_epoch', 'norm_fingerprint', 'oversample', 'qfunc', 'script_sha1', 'split_seed', 'target_update_interval', 'variant'])"
adapt_drought_gw15,cql,2024,cql_seed2024.d3,OK,"observed={'alpha': '1.0 (via alpha)', 'learning_rate': '0.0003 (via learning_rate)', 'batch_size': '100 (via batch_size)', 'gamma': '0.99 (via gamma)', 'n_critics': '1 (via n_critics)', 'target_update_interval': '8000 (via target_update_interval)'} full_flat_config={'batch_size': 100, 'gamma': 0.99, 'observation_scaler': None, 'action_scaler': None, 'reward_scaler': None, 'compile_graph': False, 'learning_rate': 0.0003, 'n_critics': 1, 'target_update_interval': 8000, 'alpha': 1.0}"
adapt_drought_gw15,cql,42,cql_seed42.d3,SEED_UNVERIFIABLE_FROM_CHECKPOINT,"no seed key in training_manifest.json (keys present: ['alpha', 'batch_size', 'bc_batch_size', 'bc_beta', 'bc_learning_rate', 'bc_n_steps', 'bc_n_steps_per_epoch', 'clip_grad_norm', 'config', 'config_sha1', 'created', 'dataset', 'dataset_sha1', 'gamma', 'learning_rate', 'n_critics', 'n_quantiles', 'n_steps', 'n_steps_per_epoch', 'norm_fingerprint', 'oversample', 'qfunc', 'script_sha1', 'split_seed', 'target_update_interval', 'variant'])"
adapt_drought_gw15,cql,42,cql_seed42.d3,OK,"observed={'alpha': '1.0 (via alpha)', 'learning_rate': '0.0003 (via learning_rate)', 'batch_size': '100 (via batch_size)', 'gamma': '0.99 (via gamma)', 'n_critics': '1 (via n_critics)', 'target_update_interval': '8000 (via target_update_interval)'} full_flat_config={'batch_size': 100, 'gamma': 0.99, 'observation_scaler': None, 'action_scaler': None, 'reward_scaler': None, 'compile_graph': False, 'learning_rate': 0.0003, 'n_critics': 1, 'target_update_interval': 8000, 'alpha': 1.0}"
adapt_drought_gw15,cql,,reports\paper_exp\adapt_drought_gw15\cql_frozen\training_manifest.json,STEPS_OK,manifest n_steps=20000
adapt_drought_gw15,,,reports\paper_exp\adapt_drought_gw15\normalization_manifest.json,HASH_OK,C:\trishna-opal\reports\paper_exp\dataset_adapt_drought_gw15.h5
adapt_drought_gw15,,,reports\paper_exp\adapt_drought_gw15\cql_frozen\training_manifest.json,HASH_OK,C:\trishna-opal\reports\paper_exp\dataset_adapt_drought_gw15.h5
adapt_drought_gw25,bc,123,bc_seed123.d3,SEED_UNVERIFIABLE_FROM_CHECKPOINT,"no seed key in training_manifest.json (keys present: ['alpha', 'batch_size', 'bc_batch_size', 'bc_beta', 'bc_learning_rate', 'bc_n_steps', 'bc_n_steps_per_epoch', 'clip_grad_norm', 'config', 'config_sha1', 'created', 'dataset', 'dataset_sha1', 'gamma', 'learning_rate', 'n_critics', 'n_quantiles', 'n_steps', 'n_steps_per_epoch', 'norm_fingerprint', 'oversample', 'qfunc', 'script_sha1', 'split_seed', 'target_update_interval', 'variant'])"
adapt_drought_gw25,bc,123,bc_seed123.d3,OK,"observed={'learning_rate': '0.001 (via learning_rate)', 'batch_size': '100 (via batch_size)', 'gamma': '0.99 (via gamma)'} full_flat_config={'batch_size': 100, 'gamma': 0.99, 'observation_scaler': None, 'action_scaler': None, 'reward_scaler': None, 'compile_graph': False, 'learning_rate': 0.001, 'beta': 0.5}"
adapt_drought_gw25,bc,2024,bc_seed2024.d3,SEED_UNVERIFIABLE_FROM_CHECKPOINT,"no seed key in training_manifest.json (keys present: ['alpha', 'batch_size', 'bc_batch_size', 'bc_beta', 'bc_learning_rate', 'bc_n_steps', 'bc_n_steps_per_epoch', 'clip_grad_norm', 'config', 'config_sha1', 'created', 'dataset', 'dataset_sha1', 'gamma', 'learning_rate', 'n_critics', 'n_quantiles', 'n_steps', 'n_steps_per_epoch', 'norm_fingerprint', 'oversample', 'qfunc', 'script_sha1', 'split_seed', 'target_update_interval', 'variant'])"
adapt_drought_gw25,bc,2024,bc_seed2024.d3,OK,"observed={'learning_rate': '0.001 (via learning_rate)', 'batch_size': '100 (via batch_size)', 'gamma': '0.99 (via gamma)'} full_flat_config={'batch_size': 100, 'gamma': 0.99, 'observation_scaler': None, 'action_scaler': None, 'reward_scaler': None, 'compile_graph': False, 'learning_rate': 0.001, 'beta': 0.5}"
adapt_drought_gw25,bc,42,bc_seed42.d3,SEED_UNVERIFIABLE_FROM_CHECKPOINT,"no seed key in training_manifest.json (keys present: ['alpha', 'batch_size', 'bc_batch_size', 'bc_beta', 'bc_learning_rate', 'bc_n_steps', 'bc_n_steps_per_epoch', 'clip_grad_norm', 'config', 'config_sha1', 'created', 'dataset', 'dataset_sha1', 'gamma', 'learning_rate', 'n_critics', 'n_quantiles', 'n_steps', 'n_steps_per_epoch', 'norm_fingerprint', 'oversample', 'qfunc', 'script_sha1', 'split_seed', 'target_update_interval', 'variant'])"
adapt_drought_gw25,bc,42,bc_seed42.d3,OK,"observed={'learning_rate': '0.001 (via learning_rate)', 'batch_size': '100 (via batch_size)', 'gamma': '0.99 (via gamma)'} full_flat_config={'batch_size': 100, 'gamma': 0.99, 'observation_scaler': None, 'action_scaler': None, 'reward_scaler': None, 'compile_graph': False, 'learning_rate': 0.001, 'beta': 0.5}"
adapt_drought_gw25,bc,,reports\paper_exp\adapt_drought_gw25\cql_frozen\training_manifest.json,STEPS_OK,manifest n_steps=20000
adapt_drought_gw25,cql,123,cql_seed123.d3,SEED_UNVERIFIABLE_FROM_CHECKPOINT,"no seed key in training_manifest.json (keys present: ['alpha', 'batch_size', 'bc_batch_size', 'bc_beta', 'bc_learning_rate', 'bc_n_steps', 'bc_n_steps_per_epoch', 'clip_grad_norm', 'config', 'config_sha1', 'created', 'dataset', 'dataset_sha1', 'gamma', 'learning_rate', 'n_critics', 'n_quantiles', 'n_steps', 'n_steps_per_epoch', 'norm_fingerprint', 'oversample', 'qfunc', 'script_sha1', 'split_seed', 'target_update_interval', 'variant'])"
adapt_drought_gw25,cql,123,cql_seed123.d3,OK,"observed={'alpha': '1.0 (via alpha)', 'learning_rate': '0.0003 (via learning_rate)', 'batch_size': '100 (via batch_size)', 'gamma': '0.99 (via gamma)', 'n_critics': '1 (via n_critics)', 'target_update_interval': '8000 (via target_update_interval)'} full_flat_config={'batch_size': 100, 'gamma': 0.99, 'observation_scaler': None, 'action_scaler': None, 'reward_scaler': None, 'compile_graph': False, 'learning_rate': 0.0003, 'n_critics': 1, 'target_update_interval': 8000, 'alpha': 1.0}"
adapt_drought_gw25,cql,2024,cql_seed2024.d3,SEED_UNVERIFIABLE_FROM_CHECKPOINT,"no seed key in training_manifest.json (keys present: ['alpha', 'batch_size', 'bc_batch_size', 'bc_beta', 'bc_learning_rate', 'bc_n_steps', 'bc_n_steps_per_epoch', 'clip_grad_norm', 'config', 'config_sha1', 'created', 'dataset', 'dataset_sha1', 'gamma', 'learning_rate', 'n_critics', 'n_quantiles', 'n_steps', 'n_steps_per_epoch', 'norm_fingerprint', 'oversample', 'qfunc', 'script_sha1', 'split_seed', 'target_update_interval', 'variant'])"
adapt_drought_gw25,cql,2024,cql_seed2024.d3,OK,"observed={'alpha': '1.0 (via alpha)', 'learning_rate': '0.0003 (via learning_rate)', 'batch_size': '100 (via batch_size)', 'gamma': '0.99 (via gamma)', 'n_critics': '1 (via n_critics)', 'target_update_interval': '8000 (via target_update_interval)'} full_flat_config={'batch_size': 100, 'gamma': 0.99, 'observation_scaler': None, 'action_scaler': None, 'reward_scaler': None, 'compile_graph': False, 'learning_rate': 0.0003, 'n_critics': 1, 'target_update_interval': 8000, 'alpha': 1.0}"
adapt_drought_gw25,cql,42,cql_seed42.d3,SEED_UNVERIFIABLE_FROM_CHECKPOINT,"no seed key in training_manifest.json (keys present: ['alpha', 'batch_size', 'bc_batch_size', 'bc_beta', 'bc_learning_rate', 'bc_n_steps', 'bc_n_steps_per_epoch', 'clip_grad_norm', 'config', 'config_sha1', 'created', 'dataset', 'dataset_sha1', 'gamma', 'learning_rate', 'n_critics', 'n_quantiles', 'n_steps', 'n_steps_per_epoch', 'norm_fingerprint', 'oversample', 'qfunc', 'script_sha1', 'split_seed', 'target_update_interval', 'variant'])"
adapt_drought_gw25,cql,42,cql_seed42.d3,OK,"observed={'alpha': '1.0 (via alpha)', 'learning_rate': '0.0003 (via learning_rate)', 'batch_size': '100 (via batch_size)', 'gamma': '0.99 (via gamma)', 'n_critics': '1 (via n_critics)', 'target_update_interval': '8000 (via target_update_interval)'} full_flat_config={'batch_size': 100, 'gamma': 0.99, 'observation_scaler': None, 'action_scaler': None, 'reward_scaler': None, 'compile_graph': False, 'learning_rate': 0.0003, 'n_critics': 1, 'target_update_interval': 8000, 'alpha': 1.0}"
adapt_drought_gw25,cql,,reports\paper_exp\adapt_drought_gw25\cql_frozen\training_manifest.json,STEPS_OK,manifest n_steps=20000
adapt_drought_gw25,,,reports\paper_exp\adapt_drought_gw25\normalization_manifest.json,HASH_OK,C:\trishna-opal\reports\paper_exp\dataset_adapt_drought_gw25.h5
adapt_drought_gw25,,,reports\paper_exp\adapt_drought_gw25\cql_frozen\training_manifest.json,HASH_OK,C:\trishna-opal\reports\paper_exp\dataset_adapt_drought_gw25.h5
adapt_drought_gw5,bc,123,bc_seed123.d3,SEED_UNVERIFIABLE_FROM_CHECKPOINT,"no seed key in training_manifest.json (keys present: ['alpha', 'batch_size', 'bc_batch_size', 'bc_beta', 'bc_learning_rate', 'bc_n_steps', 'bc_n_steps_per_epoch', 'clip_grad_norm', 'config', 'config_sha1', 'created', 'dataset', 'dataset_sha1', 'gamma', 'learning_rate', 'n_critics', 'n_quantiles', 'n_steps', 'n_steps_per_epoch', 'norm_fingerprint', 'oversample', 'qfunc', 'script_sha1', 'split_seed', 'target_update_interval', 'variant'])"
adapt_drought_gw5,bc,123,bc_seed123.d3,OK,"observed={'learning_rate': '0.001 (via learning_rate)', 'batch_size': '100 (via batch_size)', 'gamma': '0.99 (via gamma)'} full_flat_config={'batch_size': 100, 'gamma': 0.99, 'observation_scaler': None, 'action_scaler': None, 'reward_scaler': None, 'compile_graph': False, 'learning_rate': 0.001, 'beta': 0.5}"
adapt_drought_gw5,bc,2024,bc_seed2024.d3,SEED_UNVERIFIABLE_FROM_CHECKPOINT,"no seed key in training_manifest.json (keys present: ['alpha', 'batch_size', 'bc_batch_size', 'bc_beta', 'bc_learning_rate', 'bc_n_steps', 'bc_n_steps_per_epoch', 'clip_grad_norm', 'config', 'config_sha1', 'created', 'dataset', 'dataset_sha1', 'gamma', 'learning_rate', 'n_critics', 'n_quantiles', 'n_steps', 'n_steps_per_epoch', 'norm_fingerprint', 'oversample', 'qfunc', 'script_sha1', 'split_seed', 'target_update_interval', 'variant'])"
adapt_drought_gw5,bc,2024,bc_seed2024.d3,OK,"observed={'learning_rate': '0.001 (via learning_rate)', 'batch_size': '100 (via batch_size)', 'gamma': '0.99 (via gamma)'} full_flat_config={'batch_size': 100, 'gamma': 0.99, 'observation_scaler': None, 'action_scaler': None, 'reward_scaler': None, 'compile_graph': False, 'learning_rate': 0.001, 'beta': 0.5}"
adapt_drought_gw5,bc,42,bc_seed42.d3,SEED_UNVERIFIABLE_FROM_CHECKPOINT,"no seed key in training_manifest.json (keys present: ['alpha', 'batch_size', 'bc_batch_size', 'bc_beta', 'bc_learning_rate', 'bc_n_steps', 'bc_n_steps_per_epoch', 'clip_grad_norm', 'config', 'config_sha1', 'created', 'dataset', 'dataset_sha1', 'gamma', 'learning_rate', 'n_critics', 'n_quantiles', 'n_steps', 'n_steps_per_epoch', 'norm_fingerprint', 'oversample', 'qfunc', 'script_sha1', 'split_seed', 'target_update_interval', 'variant'])"
adapt_drought_gw5,bc,42,bc_seed42.d3,OK,"observed={'learning_rate': '0.001 (via learning_rate)', 'batch_size': '100 (via batch_size)', 'gamma': '0.99 (via gamma)'} full_flat_config={'batch_size': 100, 'gamma': 0.99, 'observation_scaler': None, 'action_scaler': None, 'reward_scaler': None, 'compile_graph': False, 'learning_rate': 0.001, 'beta': 0.5}"
adapt_drought_gw5,bc,,reports\paper_exp\adapt_drought_gw5\cql_frozen\training_manifest.json,STEPS_OK,manifest n_steps=20000
adapt_drought_gw5,cql,123,cql_seed123.d3,SEED_UNVERIFIABLE_FROM_CHECKPOINT,"no seed key in training_manifest.json (keys present: ['alpha', 'batch_size', 'bc_batch_size', 'bc_beta', 'bc_learning_rate', 'bc_n_steps', 'bc_n_steps_per_epoch', 'clip_grad_norm', 'config', 'config_sha1', 'created', 'dataset', 'dataset_sha1', 'gamma', 'learning_rate', 'n_critics', 'n_quantiles', 'n_steps', 'n_steps_per_epoch', 'norm_fingerprint', 'oversample', 'qfunc', 'script_sha1', 'split_seed', 'target_update_interval', 'variant'])"
adapt_drought_gw5,cql,123,cql_seed123.d3,OK,"observed={'alpha': '1.0 (via alpha)', 'learning_rate': '0.0003 (via learning_rate)', 'batch_size': '100 (via batch_size)', 'gamma': '0.99 (via gamma)', 'n_critics': '1 (via n_critics)', 'target_update_interval': '8000 (via target_update_interval)'} full_flat_config={'batch_size': 100, 'gamma': 0.99, 'observation_scaler': None, 'action_scaler': None, 'reward_scaler': None, 'compile_graph': False, 'learning_rate': 0.0003, 'n_critics': 1, 'target_update_interval': 8000, 'alpha': 1.0}"
adapt_drought_gw5,cql,2024,cql_seed2024.d3,SEED_UNVERIFIABLE_FROM_CHECKPOINT,"no seed key in training_manifest.json (keys present: ['alpha', 'batch_size', 'bc_batch_size', 'bc_beta', 'bc_learning_rate', 'bc_n_steps', 'bc_n_steps_per_epoch', 'clip_grad_norm', 'config', 'config_sha1', 'created', 'dataset', 'dataset_sha1', 'gamma', 'learning_rate', 'n_critics', 'n_quantiles', 'n_steps', 'n_steps_per_epoch', 'norm_fingerprint', 'oversample', 'qfunc', 'script_sha1', 'split_seed', 'target_update_interval', 'variant'])"
adapt_drought_gw5,cql,2024,cql_seed2024.d3,OK,"observed={'alpha': '1.0 (via alpha)', 'learning_rate': '0.0003 (via learning_rate)', 'batch_size': '100 (via batch_size)', 'gamma': '0.99 (via gamma)', 'n_critics': '1 (via n_critics)', 'target_update_interval': '8000 (via target_update_interval)'} full_flat_config={'batch_size': 100, 'gamma': 0.99, 'observation_scaler': None, 'action_scaler': None, 'reward_scaler': None, 'compile_graph': False, 'learning_rate': 0.0003, 'n_critics': 1, 'target_update_interval': 8000, 'alpha': 1.0}"
adapt_drought_gw5,cql,42,cql_seed42.d3,SEED_UNVERIFIABLE_FROM_CHECKPOINT,"no seed key in training_manifest.json (keys present: ['alpha', 'batch_size', 'bc_batch_size', 'bc_beta', 'bc_learning_rate', 'bc_n_steps', 'bc_n_steps_per_epoch', 'clip_grad_norm', 'config', 'config_sha1', 'created', 'dataset', 'dataset_sha1', 'gamma', 'learning_rate', 'n_critics', 'n_quantiles', 'n_steps', 'n_steps_per_epoch', 'norm_fingerprint', 'oversample', 'qfunc', 'script_sha1', 'split_seed', 'target_update_interval', 'variant'])"
adapt_drought_gw5,cql,42,cql_seed42.d3,OK,"observed={'alpha': '1.0 (via alpha)', 'learning_rate': '0.0003 (via learning_rate)', 'batch_size': '100 (via batch_size)', 'gamma': '0.99 (via gamma)', 'n_critics': '1 (via n_critics)', 'target_update_interval': '8000 (via target_update_interval)'} full_flat_config={'batch_size': 100, 'gamma': 0.99, 'observation_scaler': None, 'action_scaler': None, 'reward_scaler': None, 'compile_graph': False, 'learning_rate': 0.0003, 'n_critics': 1, 'target_update_interval': 8000, 'alpha': 1.0}"
adapt_drought_gw5,cql,,reports\paper_exp\adapt_drought_gw5\cql_frozen\training_manifest.json,STEPS_OK,manifest n_steps=20000
adapt_drought_gw5,,,reports\paper_exp\adapt_drought_gw5\normalization_manifest.json,HASH_OK,C:\trishna-opal\reports\paper_exp\dataset_adapt_drought_gw5.h5
adapt_drought_gw5,,,reports\paper_exp\adapt_drought_gw5\cql_frozen\training_manifest.json,HASH_OK,C:\trishna-opal\reports\paper_exp\dataset_adapt_drought_gw5.h5
adapt_high_gw15,bc,123,bc_seed123.d3,SEED_UNVERIFIABLE_FROM_CHECKPOINT,"no seed key in training_manifest.json (keys present: ['alpha', 'batch_size', 'bc_batch_size', 'bc_beta', 'bc_learning_rate', 'bc_n_steps', 'bc_n_steps_per_epoch', 'clip_grad_norm', 'config', 'config_sha1', 'created', 'dataset', 'dataset_sha1', 'gamma', 'learning_rate', 'n_critics', 'n_quantiles', 'n_steps', 'n_steps_per_epoch', 'norm_fingerprint', 'oversample', 'qfunc', 'script_sha1', 'split_seed', 'target_update_interval', 'variant'])"
adapt_high_gw15,bc,123,bc_seed123.d3,OK,"observed={'learning_rate': '0.001 (via learning_rate)', 'batch_size': '100 (via batch_size)', 'gamma': '0.99 (via gamma)'} full_flat_config={'batch_size': 100, 'gamma': 0.99, 'observation_scaler': None, 'action_scaler': None, 'reward_scaler': None, 'compile_graph': False, 'learning_rate': 0.001, 'beta': 0.5}"
adapt_high_gw15,bc,2024,bc_seed2024.d3,SEED_UNVERIFIABLE_FROM_CHECKPOINT,"no seed key in training_manifest.json (keys present: ['alpha', 'batch_size', 'bc_batch_size', 'bc_beta', 'bc_learning_rate', 'bc_n_steps', 'bc_n_steps_per_epoch', 'clip_grad_norm', 'config', 'config_sha1', 'created', 'dataset', 'dataset_sha1', 'gamma', 'learning_rate', 'n_critics', 'n_quantiles', 'n_steps', 'n_steps_per_epoch', 'norm_fingerprint', 'oversample', 'qfunc', 'script_sha1', 'split_seed', 'target_update_interval', 'variant'])"
adapt_high_gw15,bc,2024,bc_seed2024.d3,OK,"observed={'learning_rate': '0.001 (via learning_rate)', 'batch_size': '100 (via batch_size)', 'gamma': '0.99 (via gamma)'} full_flat_config={'batch_size': 100, 'gamma': 0.99, 'observation_scaler': None, 'action_scaler': None, 'reward_scaler': None, 'compile_graph': False, 'learning_rate': 0.001, 'beta': 0.5}"
adapt_high_gw15,bc,42,bc_seed42.d3,SEED_UNVERIFIABLE_FROM_CHECKPOINT,"no seed key in training_manifest.json (keys present: ['alpha', 'batch_size', 'bc_batch_size', 'bc_beta', 'bc_learning_rate', 'bc_n_steps', 'bc_n_steps_per_epoch', 'clip_grad_norm', 'config', 'config_sha1', 'created', 'dataset', 'dataset_sha1', 'gamma', 'learning_rate', 'n_critics', 'n_quantiles', 'n_steps', 'n_steps_per_epoch', 'norm_fingerprint', 'oversample', 'qfunc', 'script_sha1', 'split_seed', 'target_update_interval', 'variant'])"
adapt_high_gw15,bc,42,bc_seed42.d3,OK,"observed={'learning_rate': '0.001 (via learning_rate)', 'batch_size': '100 (via batch_size)', 'gamma': '0.99 (via gamma)'} full_flat_config={'batch_size': 100, 'gamma': 0.99, 'observation_scaler': None, 'action_scaler': None, 'reward_scaler': None, 'compile_graph': False, 'learning_rate': 0.001, 'beta': 0.5}"
adapt_high_gw15,bc,,reports\paper_exp\adapt_high_gw15\cql_frozen\training_manifest.json,STEPS_OK,manifest n_steps=20000
adapt_high_gw15,cql,123,cql_seed123.d3,SEED_UNVERIFIABLE_FROM_CHECKPOINT,"no seed key in training_manifest.json (keys present: ['alpha', 'batch_size', 'bc_batch_size', 'bc_beta', 'bc_learning_rate', 'bc_n_steps', 'bc_n_steps_per_epoch', 'clip_grad_norm', 'config', 'config_sha1', 'created', 'dataset', 'dataset_sha1', 'gamma', 'learning_rate', 'n_critics', 'n_quantiles', 'n_steps', 'n_steps_per_epoch', 'norm_fingerprint', 'oversample', 'qfunc', 'script_sha1', 'split_seed', 'target_update_interval', 'variant'])"
adapt_high_gw15,cql,123,cql_seed123.d3,OK,"observed={'alpha': '1.0 (via alpha)', 'learning_rate': '0.0003 (via learning_rate)', 'batch_size': '100 (via batch_size)', 'gamma': '0.99 (via gamma)', 'n_critics': '1 (via n_critics)', 'target_update_interval': '8000 (via target_update_interval)'} full_flat_config={'batch_size': 100, 'gamma': 0.99, 'observation_scaler': None, 'action_scaler': None, 'reward_scaler': None, 'compile_graph': False, 'learning_rate': 0.0003, 'n_critics': 1, 'target_update_interval': 8000, 'alpha': 1.0}"
adapt_high_gw15,cql,2024,cql_seed2024.d3,SEED_UNVERIFIABLE_FROM_CHECKPOINT,"no seed key in training_manifest.json (keys present: ['alpha', 'batch_size', 'bc_batch_size', 'bc_beta', 'bc_learning_rate', 'bc_n_steps', 'bc_n_steps_per_epoch', 'clip_grad_norm', 'config', 'config_sha1', 'created', 'dataset', 'dataset_sha1', 'gamma', 'learning_rate', 'n_critics', 'n_quantiles', 'n_steps', 'n_steps_per_epoch', 'norm_fingerprint', 'oversample', 'qfunc', 'script_sha1', 'split_seed', 'target_update_interval', 'variant'])"
adapt_high_gw15,cql,2024,cql_seed2024.d3,OK,"observed={'alpha': '1.0 (via alpha)', 'learning_rate': '0.0003 (via learning_rate)', 'batch_size': '100 (via batch_size)', 'gamma': '0.99 (via gamma)', 'n_critics': '1 (via n_critics)', 'target_update_interval': '8000 (via target_update_interval)'} full_flat_config={'batch_size': 100, 'gamma': 0.99, 'observation_scaler': None, 'action_scaler': None, 'reward_scaler': None, 'compile_graph': False, 'learning_rate': 0.0003, 'n_critics': 1, 'target_update_interval': 8000, 'alpha': 1.0}"
adapt_high_gw15,cql,42,cql_seed42.d3,SEED_UNVERIFIABLE_FROM_CHECKPOINT,"no seed key in training_manifest.json (keys present: ['alpha', 'batch_size', 'bc_batch_size', 'bc_beta', 'bc_learning_rate', 'bc_n_steps', 'bc_n_steps_per_epoch', 'clip_grad_norm', 'config', 'config_sha1', 'created', 'dataset', 'dataset_sha1', 'gamma', 'learning_rate', 'n_critics', 'n_quantiles', 'n_steps', 'n_steps_per_epoch', 'norm_fingerprint', 'oversample', 'qfunc', 'script_sha1', 'split_seed', 'target_update_interval', 'variant'])"
adapt_high_gw15,cql,42,cql_seed42.d3,OK,"observed={'alpha': '1.0 (via alpha)', 'learning_rate': '0.0003 (via learning_rate)', 'batch_size': '100 (via batch_size)', 'gamma': '0.99 (via gamma)', 'n_critics': '1 (via n_critics)', 'target_update_interval': '8000 (via target_update_interval)'} full_flat_config={'batch_size': 100, 'gamma': 0.99, 'observation_scaler': None, 'action_scaler': None, 'reward_scaler': None, 'compile_graph': False, 'learning_rate': 0.0003, 'n_critics': 1, 'target_update_interval': 8000, 'alpha': 1.0}"
adapt_high_gw15,cql,,reports\paper_exp\adapt_high_gw15\cql_frozen\training_manifest.json,STEPS_OK,manifest n_steps=20000
adapt_high_gw15,,,reports\paper_exp\adapt_high_gw15\normalization_manifest.json,HASH_OK,C:\trishna-opal\reports\paper_exp\dataset_adapt_high_gw15.h5
adapt_high_gw15,,,reports\paper_exp\adapt_high_gw15\cql_frozen\training_manifest.json,HASH_OK,C:\trishna-opal\reports\paper_exp\dataset_adapt_high_gw15.h5
adapt_high_gw25,bc,123,bc_seed123.d3,SEED_UNVERIFIABLE_FROM_CHECKPOINT,"no seed key in training_manifest.json (keys present: ['alpha', 'batch_size', 'bc_batch_size', 'bc_beta', 'bc_learning_rate', 'bc_n_steps', 'bc_n_steps_per_epoch', 'clip_grad_norm', 'config', 'config_sha1', 'created', 'dataset', 'dataset_sha1', 'gamma', 'learning_rate', 'n_critics', 'n_quantiles', 'n_steps', 'n_steps_per_epoch', 'norm_fingerprint', 'oversample', 'qfunc', 'script_sha1', 'split_seed', 'target_update_interval', 'variant'])"
adapt_high_gw25,bc,123,bc_seed123.d3,OK,"observed={'learning_rate': '0.001 (via learning_rate)', 'batch_size': '100 (via batch_size)', 'gamma': '0.99 (via gamma)'} full_flat_config={'batch_size': 100, 'gamma': 0.99, 'observation_scaler': None, 'action_scaler': None, 'reward_scaler': None, 'compile_graph': False, 'learning_rate': 0.001, 'beta': 0.5}"
adapt_high_gw25,bc,2024,bc_seed2024.d3,SEED_UNVERIFIABLE_FROM_CHECKPOINT,"no seed key in training_manifest.json (keys present: ['alpha', 'batch_size', 'bc_batch_size', 'bc_beta', 'bc_learning_rate', 'bc_n_steps', 'bc_n_steps_per_epoch', 'clip_grad_norm', 'config', 'config_sha1', 'created', 'dataset', 'dataset_sha1', 'gamma', 'learning_rate', 'n_critics', 'n_quantiles', 'n_steps', 'n_steps_per_epoch', 'norm_fingerprint', 'oversample', 'qfunc', 'script_sha1', 'split_seed', 'target_update_interval', 'variant'])"
adapt_high_gw25,bc,2024,bc_seed2024.d3,OK,"observed={'learning_rate': '0.001 (via learning_rate)', 'batch_size': '100 (via batch_size)', 'gamma': '0.99 (via gamma)'} full_flat_config={'batch_size': 100, 'gamma': 0.99, 'observation_scaler': None, 'action_scaler': None, 'reward_scaler': None, 'compile_graph': False, 'learning_rate': 0.001, 'beta': 0.5}"
adapt_high_gw25,bc,42,bc_seed42.d3,SEED_UNVERIFIABLE_FROM_CHECKPOINT,"no seed key in training_manifest.json (keys present: ['alpha', 'batch_size', 'bc_batch_size', 'bc_beta', 'bc_learning_rate', 'bc_n_steps', 'bc_n_steps_per_epoch', 'clip_grad_norm', 'config', 'config_sha1', 'created', 'dataset', 'dataset_sha1', 'gamma', 'learning_rate', 'n_critics', 'n_quantiles', 'n_steps', 'n_steps_per_epoch', 'norm_fingerprint', 'oversample', 'qfunc', 'script_sha1', 'split_seed', 'target_update_interval', 'variant'])"
adapt_high_gw25,bc,42,bc_seed42.d3,OK,"observed={'learning_rate': '0.001 (via learning_rate)', 'batch_size': '100 (via batch_size)', 'gamma': '0.99 (via gamma)'} full_flat_config={'batch_size': 100, 'gamma': 0.99, 'observation_scaler': None, 'action_scaler': None, 'reward_scaler': None, 'compile_graph': False, 'learning_rate': 0.001, 'beta': 0.5}"
adapt_high_gw25,bc,,reports\paper_exp\adapt_high_gw25\cql_frozen\training_manifest.json,STEPS_OK,manifest n_steps=20000
adapt_high_gw25,cql,123,cql_seed123.d3,SEED_UNVERIFIABLE_FROM_CHECKPOINT,"no seed key in training_manifest.json (keys present: ['alpha', 'batch_size', 'bc_batch_size', 'bc_beta', 'bc_learning_rate', 'bc_n_steps', 'bc_n_steps_per_epoch', 'clip_grad_norm', 'config', 'config_sha1', 'created', 'dataset', 'dataset_sha1', 'gamma', 'learning_rate', 'n_critics', 'n_quantiles', 'n_steps', 'n_steps_per_epoch', 'norm_fingerprint', 'oversample', 'qfunc', 'script_sha1', 'split_seed', 'target_update_interval', 'variant'])"
adapt_high_gw25,cql,123,cql_seed123.d3,OK,"observed={'alpha': '1.0 (via alpha)', 'learning_rate': '0.0003 (via learning_rate)', 'batch_size': '100 (via batch_size)', 'gamma': '0.99 (via gamma)', 'n_critics': '1 (via n_critics)', 'target_update_interval': '8000 (via target_update_interval)'} full_flat_config={'batch_size': 100, 'gamma': 0.99, 'observation_scaler': None, 'action_scaler': None, 'reward_scaler': None, 'compile_graph': False, 'learning_rate': 0.0003, 'n_critics': 1, 'target_update_interval': 8000, 'alpha': 1.0}"
adapt_high_gw25,cql,2024,cql_seed2024.d3,SEED_UNVERIFIABLE_FROM_CHECKPOINT,"no seed key in training_manifest.json (keys present: ['alpha', 'batch_size', 'bc_batch_size', 'bc_beta', 'bc_learning_rate', 'bc_n_steps', 'bc_n_steps_per_epoch', 'clip_grad_norm', 'config', 'config_sha1', 'created', 'dataset', 'dataset_sha1', 'gamma', 'learning_rate', 'n_critics', 'n_quantiles', 'n_steps', 'n_steps_per_epoch', 'norm_fingerprint', 'oversample', 'qfunc', 'script_sha1', 'split_seed', 'target_update_interval', 'variant'])"
adapt_high_gw25,cql,2024,cql_seed2024.d3,OK,"observed={'alpha': '1.0 (via alpha)', 'learning_rate': '0.0003 (via learning_rate)', 'batch_size': '100 (via batch_size)', 'gamma': '0.99 (via gamma)', 'n_critics': '1 (via n_critics)', 'target_update_interval': '8000 (via target_update_interval)'} full_flat_config={'batch_size': 100, 'gamma': 0.99, 'observation_scaler': None, 'action_scaler': None, 'reward_scaler': None, 'compile_graph': False, 'learning_rate': 0.0003, 'n_critics': 1, 'target_update_interval': 8000, 'alpha': 1.0}"
adapt_high_gw25,cql,42,cql_seed42.d3,SEED_UNVERIFIABLE_FROM_CHECKPOINT,"no seed key in training_manifest.json (keys present: ['alpha', 'batch_size', 'bc_batch_size', 'bc_beta', 'bc_learning_rate', 'bc_n_steps', 'bc_n_steps_per_epoch', 'clip_grad_norm', 'config', 'config_sha1', 'created', 'dataset', 'dataset_sha1', 'gamma', 'learning_rate', 'n_critics', 'n_quantiles', 'n_steps', 'n_steps_per_epoch', 'norm_fingerprint', 'oversample', 'qfunc', 'script_sha1', 'split_seed', 'target_update_interval', 'variant'])"
adapt_high_gw25,cql,42,cql_seed42.d3,OK,"observed={'alpha': '1.0 (via alpha)', 'learning_rate': '0.0003 (via learning_rate)', 'batch_size': '100 (via batch_size)', 'gamma': '0.99 (via gamma)', 'n_critics': '1 (via n_critics)', 'target_update_interval': '8000 (via target_update_interval)'} full_flat_config={'batch_size': 100, 'gamma': 0.99, 'observation_scaler': None, 'action_scaler': None, 'reward_scaler': None, 'compile_graph': False, 'learning_rate': 0.0003, 'n_critics': 1, 'target_update_interval': 8000, 'alpha': 1.0}"
adapt_high_gw25,cql,,reports\paper_exp\adapt_high_gw25\cql_frozen\training_manifest.json,STEPS_OK,manifest n_steps=20000
adapt_high_gw25,,,reports\paper_exp\adapt_high_gw25\normalization_manifest.json,HASH_OK,C:\trishna-opal\reports\paper_exp\dataset_adapt_high_gw25.h5
adapt_high_gw25,,,reports\paper_exp\adapt_high_gw25\cql_frozen\training_manifest.json,HASH_OK,C:\trishna-opal\reports\paper_exp\dataset_adapt_high_gw25.h5
adapt_high_gw5,bc,123,bc_seed123.d3,SEED_UNVERIFIABLE_FROM_CHECKPOINT,"no seed key in training_manifest.json (keys present: ['alpha', 'batch_size', 'bc_batch_size', 'bc_beta', 'bc_learning_rate', 'bc_n_steps', 'bc_n_steps_per_epoch', 'clip_grad_norm', 'config', 'config_sha1', 'created', 'dataset', 'dataset_sha1', 'gamma', 'learning_rate', 'n_critics', 'n_quantiles', 'n_steps', 'n_steps_per_epoch', 'norm_fingerprint', 'oversample', 'qfunc', 'script_sha1', 'split_seed', 'target_update_interval', 'variant'])"
adapt_high_gw5,bc,123,bc_seed123.d3,OK,"observed={'learning_rate': '0.001 (via learning_rate)', 'batch_size': '100 (via batch_size)', 'gamma': '0.99 (via gamma)'} full_flat_config={'batch_size': 100, 'gamma': 0.99, 'observation_scaler': None, 'action_scaler': None, 'reward_scaler': None, 'compile_graph': False, 'learning_rate': 0.001, 'beta': 0.5}"
adapt_high_gw5,bc,2024,bc_seed2024.d3,SEED_UNVERIFIABLE_FROM_CHECKPOINT,"no seed key in training_manifest.json (keys present: ['alpha', 'batch_size', 'bc_batch_size', 'bc_beta', 'bc_learning_rate', 'bc_n_steps', 'bc_n_steps_per_epoch', 'clip_grad_norm', 'config', 'config_sha1', 'created', 'dataset', 'dataset_sha1', 'gamma', 'learning_rate', 'n_critics', 'n_quantiles', 'n_steps', 'n_steps_per_epoch', 'norm_fingerprint', 'oversample', 'qfunc', 'script_sha1', 'split_seed', 'target_update_interval', 'variant'])"
adapt_high_gw5,bc,2024,bc_seed2024.d3,OK,"observed={'learning_rate': '0.001 (via learning_rate)', 'batch_size': '100 (via batch_size)', 'gamma': '0.99 (via gamma)'} full_flat_config={'batch_size': 100, 'gamma': 0.99, 'observation_scaler': None, 'action_scaler': None, 'reward_scaler': None, 'compile_graph': False, 'learning_rate': 0.001, 'beta': 0.5}"
adapt_high_gw5,bc,42,bc_seed42.d3,SEED_UNVERIFIABLE_FROM_CHECKPOINT,"no seed key in training_manifest.json (keys present: ['alpha', 'batch_size', 'bc_batch_size', 'bc_beta', 'bc_learning_rate', 'bc_n_steps', 'bc_n_steps_per_epoch', 'clip_grad_norm', 'config', 'config_sha1', 'created', 'dataset', 'dataset_sha1', 'gamma', 'learning_rate', 'n_critics', 'n_quantiles', 'n_steps', 'n_steps_per_epoch', 'norm_fingerprint', 'oversample', 'qfunc', 'script_sha1', 'split_seed', 'target_update_interval', 'variant'])"
adapt_high_gw5,bc,42,bc_seed42.d3,OK,"observed={'learning_rate': '0.001 (via learning_rate)', 'batch_size': '100 (via batch_size)', 'gamma': '0.99 (via gamma)'} full_flat_config={'batch_size': 100, 'gamma': 0.99, 'observation_scaler': None, 'action_scaler': None, 'reward_scaler': None, 'compile_graph': False, 'learning_rate': 0.001, 'beta': 0.5}"
adapt_high_gw5,bc,,reports\paper_exp\adapt_high_gw5\cql_frozen\training_manifest.json,STEPS_OK,manifest n_steps=20000
adapt_high_gw5,cql,123,cql_seed123.d3,SEED_UNVERIFIABLE_FROM_CHECKPOINT,"no seed key in training_manifest.json (keys present: ['alpha', 'batch_size', 'bc_batch_size', 'bc_beta', 'bc_learning_rate', 'bc_n_steps', 'bc_n_steps_per_epoch', 'clip_grad_norm', 'config', 'config_sha1', 'created', 'dataset', 'dataset_sha1', 'gamma', 'learning_rate', 'n_critics', 'n_quantiles', 'n_steps', 'n_steps_per_epoch', 'norm_fingerprint', 'oversample', 'qfunc', 'script_sha1', 'split_seed', 'target_update_interval', 'variant'])"
adapt_high_gw5,cql,123,cql_seed123.d3,OK,"observed={'alpha': '1.0 (via alpha)', 'learning_rate': '0.0003 (via learning_rate)', 'batch_size': '100 (via batch_size)', 'gamma': '0.99 (via gamma)', 'n_critics': '1 (via n_critics)', 'target_update_interval': '8000 (via target_update_interval)'} full_flat_config={'batch_size': 100, 'gamma': 0.99, 'observation_scaler': None, 'action_scaler': None, 'reward_scaler': None, 'compile_graph': False, 'learning_rate': 0.0003, 'n_critics': 1, 'target_update_interval': 8000, 'alpha': 1.0}"
adapt_high_gw5,cql,2024,cql_seed2024.d3,SEED_UNVERIFIABLE_FROM_CHECKPOINT,"no seed key in training_manifest.json (keys present: ['alpha', 'batch_size', 'bc_batch_size', 'bc_beta', 'bc_learning_rate', 'bc_n_steps', 'bc_n_steps_per_epoch', 'clip_grad_norm', 'config', 'config_sha1', 'created', 'dataset', 'dataset_sha1', 'gamma', 'learning_rate', 'n_critics', 'n_quantiles', 'n_steps', 'n_steps_per_epoch', 'norm_fingerprint', 'oversample', 'qfunc', 'script_sha1', 'split_seed', 'target_update_interval', 'variant'])"
adapt_high_gw5,cql,2024,cql_seed2024.d3,OK,"observed={'alpha': '1.0 (via alpha)', 'learning_rate': '0.0003 (via learning_rate)', 'batch_size': '100 (via batch_size)', 'gamma': '0.99 (via gamma)', 'n_critics': '1 (via n_critics)', 'target_update_interval': '8000 (via target_update_interval)'} full_flat_config={'batch_size': 100, 'gamma': 0.99, 'observation_scaler': None, 'action_scaler': None, 'reward_scaler': None, 'compile_graph': False, 'learning_rate': 0.0003, 'n_critics': 1, 'target_update_interval': 8000, 'alpha': 1.0}"
adapt_high_gw5,cql,42,cql_seed42.d3,SEED_UNVERIFIABLE_FROM_CHECKPOINT,"no seed key in training_manifest.json (keys present: ['alpha', 'batch_size', 'bc_batch_size', 'bc_beta', 'bc_learning_rate', 'bc_n_steps', 'bc_n_steps_per_epoch', 'clip_grad_norm', 'config', 'config_sha1', 'created', 'dataset', 'dataset_sha1', 'gamma', 'learning_rate', 'n_critics', 'n_quantiles', 'n_steps', 'n_steps_per_epoch', 'norm_fingerprint', 'oversample', 'qfunc', 'script_sha1', 'split_seed', 'target_update_interval', 'variant'])"
adapt_high_gw5,cql,42,cql_seed42.d3,OK,"observed={'alpha': '1.0 (via alpha)', 'learning_rate': '0.0003 (via learning_rate)', 'batch_size': '100 (via batch_size)', 'gamma': '0.99 (via gamma)', 'n_critics': '1 (via n_critics)', 'target_update_interval': '8000 (via target_update_interval)'} full_flat_config={'batch_size': 100, 'gamma': 0.99, 'observation_scaler': None, 'action_scaler': None, 'reward_scaler': None, 'compile_graph': False, 'learning_rate': 0.0003, 'n_critics': 1, 'target_update_interval': 8000, 'alpha': 1.0}"
adapt_high_gw5,cql,,reports\paper_exp\adapt_high_gw5\cql_frozen\training_manifest.json,STEPS_OK,manifest n_steps=20000
adapt_high_gw5,,,reports\paper_exp\adapt_high_gw5\normalization_manifest.json,HASH_OK,C:\trishna-opal\reports\paper_exp\dataset_adapt_high_gw5.h5
adapt_high_gw5,,,reports\paper_exp\adapt_high_gw5\cql_frozen\training_manifest.json,HASH_OK,C:\trishna-opal\reports\paper_exp\dataset_adapt_high_gw5.h5
adapt_normal_gw15,bc,123,bc_seed123.d3,SEED_UNVERIFIABLE_FROM_CHECKPOINT,"no seed key in training_manifest.json (keys present: ['alpha', 'batch_size', 'bc_batch_size', 'bc_beta', 'bc_learning_rate', 'bc_n_steps', 'bc_n_steps_per_epoch', 'clip_grad_norm', 'config', 'config_sha1', 'created', 'dataset', 'dataset_sha1', 'gamma', 'learning_rate', 'n_critics', 'n_quantiles', 'n_steps', 'n_steps_per_epoch', 'norm_fingerprint', 'oversample', 'qfunc', 'script_sha1', 'split_seed', 'target_update_interval', 'variant'])"
adapt_normal_gw15,bc,123,bc_seed123.d3,OK,"observed={'learning_rate': '0.001 (via learning_rate)', 'batch_size': '100 (via batch_size)', 'gamma': '0.99 (via gamma)'} full_flat_config={'batch_size': 100, 'gamma': 0.99, 'observation_scaler': None, 'action_scaler': None, 'reward_scaler': None, 'compile_graph': False, 'learning_rate': 0.001, 'beta': 0.5}"
adapt_normal_gw15,bc,2024,bc_seed2024.d3,SEED_UNVERIFIABLE_FROM_CHECKPOINT,"no seed key in training_manifest.json (keys present: ['alpha', 'batch_size', 'bc_batch_size', 'bc_beta', 'bc_learning_rate', 'bc_n_steps', 'bc_n_steps_per_epoch', 'clip_grad_norm', 'config', 'config_sha1', 'created', 'dataset', 'dataset_sha1', 'gamma', 'learning_rate', 'n_critics', 'n_quantiles', 'n_steps', 'n_steps_per_epoch', 'norm_fingerprint', 'oversample', 'qfunc', 'script_sha1', 'split_seed', 'target_update_interval', 'variant'])"
adapt_normal_gw15,bc,2024,bc_seed2024.d3,OK,"observed={'learning_rate': '0.001 (via learning_rate)', 'batch_size': '100 (via batch_size)', 'gamma': '0.99 (via gamma)'} full_flat_config={'batch_size': 100, 'gamma': 0.99, 'observation_scaler': None, 'action_scaler': None, 'reward_scaler': None, 'compile_graph': False, 'learning_rate': 0.001, 'beta': 0.5}"
adapt_normal_gw15,bc,42,bc_seed42.d3,SEED_UNVERIFIABLE_FROM_CHECKPOINT,"no seed key in training_manifest.json (keys present: ['alpha', 'batch_size', 'bc_batch_size', 'bc_beta', 'bc_learning_rate', 'bc_n_steps', 'bc_n_steps_per_epoch', 'clip_grad_norm', 'config', 'config_sha1', 'created', 'dataset', 'dataset_sha1', 'gamma', 'learning_rate', 'n_critics', 'n_quantiles', 'n_steps', 'n_steps_per_epoch', 'norm_fingerprint', 'oversample', 'qfunc', 'script_sha1', 'split_seed', 'target_update_interval', 'variant'])"
adapt_normal_gw15,bc,42,bc_seed42.d3,OK,"observed={'learning_rate': '0.001 (via learning_rate)', 'batch_size': '100 (via batch_size)', 'gamma': '0.99 (via gamma)'} full_flat_config={'batch_size': 100, 'gamma': 0.99, 'observation_scaler': None, 'action_scaler': None, 'reward_scaler': None, 'compile_graph': False, 'learning_rate': 0.001, 'beta': 0.5}"
adapt_normal_gw15,bc,,reports\paper_exp\adapt_normal_gw15\cql_frozen\training_manifest.json,STEPS_OK,manifest n_steps=20000
adapt_normal_gw15,cql,123,cql_seed123.d3,SEED_UNVERIFIABLE_FROM_CHECKPOINT,"no seed key in training_manifest.json (keys present: ['alpha', 'batch_size', 'bc_batch_size', 'bc_beta', 'bc_learning_rate', 'bc_n_steps', 'bc_n_steps_per_epoch', 'clip_grad_norm', 'config', 'config_sha1', 'created', 'dataset', 'dataset_sha1', 'gamma', 'learning_rate', 'n_critics', 'n_quantiles', 'n_steps', 'n_steps_per_epoch', 'norm_fingerprint', 'oversample', 'qfunc', 'script_sha1', 'split_seed', 'target_update_interval', 'variant'])"
adapt_normal_gw15,cql,123,cql_seed123.d3,OK,"observed={'alpha': '1.0 (via alpha)', 'learning_rate': '0.0003 (via learning_rate)', 'batch_size': '100 (via batch_size)', 'gamma': '0.99 (via gamma)', 'n_critics': '1 (via n_critics)', 'target_update_interval': '8000 (via target_update_interval)'} full_flat_config={'batch_size': 100, 'gamma': 0.99, 'observation_scaler': None, 'action_scaler': None, 'reward_scaler': None, 'compile_graph': False, 'learning_rate': 0.0003, 'n_critics': 1, 'target_update_interval': 8000, 'alpha': 1.0}"
adapt_normal_gw15,cql,2024,cql_seed2024.d3,SEED_UNVERIFIABLE_FROM_CHECKPOINT,"no seed key in training_manifest.json (keys present: ['alpha', 'batch_size', 'bc_batch_size', 'bc_beta', 'bc_learning_rate', 'bc_n_steps', 'bc_n_steps_per_epoch', 'clip_grad_norm', 'config', 'config_sha1', 'created', 'dataset', 'dataset_sha1', 'gamma', 'learning_rate', 'n_critics', 'n_quantiles', 'n_steps', 'n_steps_per_epoch', 'norm_fingerprint', 'oversample', 'qfunc', 'script_sha1', 'split_seed', 'target_update_interval', 'variant'])"
adapt_normal_gw15,cql,2024,cql_seed2024.d3,OK,"observed={'alpha': '1.0 (via alpha)', 'learning_rate': '0.0003 (via learning_rate)', 'batch_size': '100 (via batch_size)', 'gamma': '0.99 (via gamma)', 'n_critics': '1 (via n_critics)', 'target_update_interval': '8000 (via target_update_interval)'} full_flat_config={'batch_size': 100, 'gamma': 0.99, 'observation_scaler': None, 'action_scaler': None, 'reward_scaler': None, 'compile_graph': False, 'learning_rate': 0.0003, 'n_critics': 1, 'target_update_interval': 8000, 'alpha': 1.0}"
adapt_normal_gw15,cql,42,cql_seed42.d3,SEED_UNVERIFIABLE_FROM_CHECKPOINT,"no seed key in training_manifest.json (keys present: ['alpha', 'batch_size', 'bc_batch_size', 'bc_beta', 'bc_learning_rate', 'bc_n_steps', 'bc_n_steps_per_epoch', 'clip_grad_norm', 'config', 'config_sha1', 'created', 'dataset', 'dataset_sha1', 'gamma', 'learning_rate', 'n_critics', 'n_quantiles', 'n_steps', 'n_steps_per_epoch', 'norm_fingerprint', 'oversample', 'qfunc', 'script_sha1', 'split_seed', 'target_update_interval', 'variant'])"
adapt_normal_gw15,cql,42,cql_seed42.d3,OK,"observed={'alpha': '1.0 (via alpha)', 'learning_rate': '0.0003 (via learning_rate)', 'batch_size': '100 (via batch_size)', 'gamma': '0.99 (via gamma)', 'n_critics': '1 (via n_critics)', 'target_update_interval': '8000 (via target_update_interval)'} full_flat_config={'batch_size': 100, 'gamma': 0.99, 'observation_scaler': None, 'action_scaler': None, 'reward_scaler': None, 'compile_graph': False, 'learning_rate': 0.0003, 'n_critics': 1, 'target_update_interval': 8000, 'alpha': 1.0}"
adapt_normal_gw15,cql,,reports\paper_exp\adapt_normal_gw15\cql_frozen\training_manifest.json,STEPS_OK,manifest n_steps=20000
adapt_normal_gw15,,,reports\paper_exp\adapt_normal_gw15\normalization_manifest.json,HASH_OK,C:\trishna-opal\reports\paper_exp\dataset_adapt_normal_gw15.h5
adapt_normal_gw15,,,reports\paper_exp\adapt_normal_gw15\cql_frozen\training_manifest.json,HASH_OK,C:\trishna-opal\reports\paper_exp\dataset_adapt_normal_gw15.h5
adapt_normal_gw25,bc,123,bc_seed123.d3,SEED_UNVERIFIABLE_FROM_CHECKPOINT,"no seed key in training_manifest.json (keys present: ['alpha', 'batch_size', 'bc_batch_size', 'bc_beta', 'bc_learning_rate', 'bc_n_steps', 'bc_n_steps_per_epoch', 'clip_grad_norm', 'config', 'config_sha1', 'created', 'dataset', 'dataset_sha1', 'gamma', 'learning_rate', 'n_critics', 'n_quantiles', 'n_steps', 'n_steps_per_epoch', 'norm_fingerprint', 'oversample', 'qfunc', 'script_sha1', 'split_seed', 'target_update_interval', 'variant'])"
adapt_normal_gw25,bc,123,bc_seed123.d3,OK,"observed={'learning_rate': '0.001 (via learning_rate)', 'batch_size': '100 (via batch_size)', 'gamma': '0.99 (via gamma)'} full_flat_config={'batch_size': 100, 'gamma': 0.99, 'observation_scaler': None, 'action_scaler': None, 'reward_scaler': None, 'compile_graph': False, 'learning_rate': 0.001, 'beta': 0.5}"
adapt_normal_gw25,bc,2024,bc_seed2024.d3,SEED_UNVERIFIABLE_FROM_CHECKPOINT,"no seed key in training_manifest.json (keys present: ['alpha', 'batch_size', 'bc_batch_size', 'bc_beta', 'bc_learning_rate', 'bc_n_steps', 'bc_n_steps_per_epoch', 'clip_grad_norm', 'config', 'config_sha1', 'created', 'dataset', 'dataset_sha1', 'gamma', 'learning_rate', 'n_critics', 'n_quantiles', 'n_steps', 'n_steps_per_epoch', 'norm_fingerprint', 'oversample', 'qfunc', 'script_sha1', 'split_seed', 'target_update_interval', 'variant'])"
adapt_normal_gw25,bc,2024,bc_seed2024.d3,OK,"observed={'learning_rate': '0.001 (via learning_rate)', 'batch_size': '100 (via batch_size)', 'gamma': '0.99 (via gamma)'} full_flat_config={'batch_size': 100, 'gamma': 0.99, 'observation_scaler': None, 'action_scaler': None, 'reward_scaler': None, 'compile_graph': False, 'learning_rate': 0.001, 'beta': 0.5}"
adapt_normal_gw25,bc,42,bc_seed42.d3,SEED_UNVERIFIABLE_FROM_CHECKPOINT,"no seed key in training_manifest.json (keys present: ['alpha', 'batch_size', 'bc_batch_size', 'bc_beta', 'bc_learning_rate', 'bc_n_steps', 'bc_n_steps_per_epoch', 'clip_grad_norm', 'config', 'config_sha1', 'created', 'dataset', 'dataset_sha1', 'gamma', 'learning_rate', 'n_critics', 'n_quantiles', 'n_steps', 'n_steps_per_epoch', 'norm_fingerprint', 'oversample', 'qfunc', 'script_sha1', 'split_seed', 'target_update_interval', 'variant'])"
adapt_normal_gw25,bc,42,bc_seed42.d3,OK,"observed={'learning_rate': '0.001 (via learning_rate)', 'batch_size': '100 (via batch_size)', 'gamma': '0.99 (via gamma)'} full_flat_config={'batch_size': 100, 'gamma': 0.99, 'observation_scaler': None, 'action_scaler': None, 'reward_scaler': None, 'compile_graph': False, 'learning_rate': 0.001, 'beta': 0.5}"
adapt_normal_gw25,bc,,reports\paper_exp\adapt_normal_gw25\cql_frozen\training_manifest.json,STEPS_OK,manifest n_steps=20000
adapt_normal_gw25,cql,123,cql_seed123.d3,SEED_UNVERIFIABLE_FROM_CHECKPOINT,"no seed key in training_manifest.json (keys present: ['alpha', 'batch_size', 'bc_batch_size', 'bc_beta', 'bc_learning_rate', 'bc_n_steps', 'bc_n_steps_per_epoch', 'clip_grad_norm', 'config', 'config_sha1', 'created', 'dataset', 'dataset_sha1', 'gamma', 'learning_rate', 'n_critics', 'n_quantiles', 'n_steps', 'n_steps_per_epoch', 'norm_fingerprint', 'oversample', 'qfunc', 'script_sha1', 'split_seed', 'target_update_interval', 'variant'])"
adapt_normal_gw25,cql,123,cql_seed123.d3,OK,"observed={'alpha': '1.0 (via alpha)', 'learning_rate': '0.0003 (via learning_rate)', 'batch_size': '100 (via batch_size)', 'gamma': '0.99 (via gamma)', 'n_critics': '1 (via n_critics)', 'target_update_interval': '8000 (via target_update_interval)'} full_flat_config={'batch_size': 100, 'gamma': 0.99, 'observation_scaler': None, 'action_scaler': None, 'reward_scaler': None, 'compile_graph': False, 'learning_rate': 0.0003, 'n_critics': 1, 'target_update_interval': 8000, 'alpha': 1.0}"
adapt_normal_gw25,cql,2024,cql_seed2024.d3,SEED_UNVERIFIABLE_FROM_CHECKPOINT,"no seed key in training_manifest.json (keys present: ['alpha', 'batch_size', 'bc_batch_size', 'bc_beta', 'bc_learning_rate', 'bc_n_steps', 'bc_n_steps_per_epoch', 'clip_grad_norm', 'config', 'config_sha1', 'created', 'dataset', 'dataset_sha1', 'gamma', 'learning_rate', 'n_critics', 'n_quantiles', 'n_steps', 'n_steps_per_epoch', 'norm_fingerprint', 'oversample', 'qfunc', 'script_sha1', 'split_seed', 'target_update_interval', 'variant'])"
adapt_normal_gw25,cql,2024,cql_seed2024.d3,OK,"observed={'alpha': '1.0 (via alpha)', 'learning_rate': '0.0003 (via learning_rate)', 'batch_size': '100 (via batch_size)', 'gamma': '0.99 (via gamma)', 'n_critics': '1 (via n_critics)', 'target_update_interval': '8000 (via target_update_interval)'} full_flat_config={'batch_size': 100, 'gamma': 0.99, 'observation_scaler': None, 'action_scaler': None, 'reward_scaler': None, 'compile_graph': False, 'learning_rate': 0.0003, 'n_critics': 1, 'target_update_interval': 8000, 'alpha': 1.0}"
adapt_normal_gw25,cql,42,cql_seed42.d3,SEED_UNVERIFIABLE_FROM_CHECKPOINT,"no seed key in training_manifest.json (keys present: ['alpha', 'batch_size', 'bc_batch_size', 'bc_beta', 'bc_learning_rate', 'bc_n_steps', 'bc_n_steps_per_epoch', 'clip_grad_norm', 'config', 'config_sha1', 'created', 'dataset', 'dataset_sha1', 'gamma', 'learning_rate', 'n_critics', 'n_quantiles', 'n_steps', 'n_steps_per_epoch', 'norm_fingerprint', 'oversample', 'qfunc', 'script_sha1', 'split_seed', 'target_update_interval', 'variant'])"
adapt_normal_gw25,cql,42,cql_seed42.d3,OK,"observed={'alpha': '1.0 (via alpha)', 'learning_rate': '0.0003 (via learning_rate)', 'batch_size': '100 (via batch_size)', 'gamma': '0.99 (via gamma)', 'n_critics': '1 (via n_critics)', 'target_update_interval': '8000 (via target_update_interval)'} full_flat_config={'batch_size': 100, 'gamma': 0.99, 'observation_scaler': None, 'action_scaler': None, 'reward_scaler': None, 'compile_graph': False, 'learning_rate': 0.0003, 'n_critics': 1, 'target_update_interval': 8000, 'alpha': 1.0}"
adapt_normal_gw25,cql,,reports\paper_exp\adapt_normal_gw25\cql_frozen\training_manifest.json,STEPS_OK,manifest n_steps=20000
adapt_normal_gw25,,,reports\paper_exp\adapt_normal_gw25\normalization_manifest.json,HASH_OK,C:\trishna-opal\reports\paper_exp\dataset_adapt_normal_gw25.h5
adapt_normal_gw25,,,reports\paper_exp\adapt_normal_gw25\cql_frozen\training_manifest.json,HASH_OK,C:\trishna-opal\reports\paper_exp\dataset_adapt_normal_gw25.h5
adapt_normal_gw5,bc,123,bc_seed123.d3,SEED_UNVERIFIABLE_FROM_CHECKPOINT,"no seed key in training_manifest.json (keys present: ['alpha', 'batch_size', 'bc_batch_size', 'bc_beta', 'bc_learning_rate', 'bc_n_steps', 'bc_n_steps_per_epoch', 'clip_grad_norm', 'config', 'config_sha1', 'created', 'dataset', 'dataset_sha1', 'gamma', 'learning_rate', 'n_critics', 'n_quantiles', 'n_steps', 'n_steps_per_epoch', 'norm_fingerprint', 'oversample', 'qfunc', 'script_sha1', 'split_seed', 'target_update_interval', 'variant'])"
adapt_normal_gw5,bc,123,bc_seed123.d3,OK,"observed={'learning_rate': '0.001 (via learning_rate)', 'batch_size': '100 (via batch_size)', 'gamma': '0.99 (via gamma)'} full_flat_config={'batch_size': 100, 'gamma': 0.99, 'observation_scaler': None, 'action_scaler': None, 'reward_scaler': None, 'compile_graph': False, 'learning_rate': 0.001, 'beta': 0.5}"
adapt_normal_gw5,bc,2024,bc_seed2024.d3,SEED_UNVERIFIABLE_FROM_CHECKPOINT,"no seed key in training_manifest.json (keys present: ['alpha', 'batch_size', 'bc_batch_size', 'bc_beta', 'bc_learning_rate', 'bc_n_steps', 'bc_n_steps_per_epoch', 'clip_grad_norm', 'config', 'config_sha1', 'created', 'dataset', 'dataset_sha1', 'gamma', 'learning_rate', 'n_critics', 'n_quantiles', 'n_steps', 'n_steps_per_epoch', 'norm_fingerprint', 'oversample', 'qfunc', 'script_sha1', 'split_seed', 'target_update_interval', 'variant'])"
adapt_normal_gw5,bc,2024,bc_seed2024.d3,OK,"observed={'learning_rate': '0.001 (via learning_rate)', 'batch_size': '100 (via batch_size)', 'gamma': '0.99 (via gamma)'} full_flat_config={'batch_size': 100, 'gamma': 0.99, 'observation_scaler': None, 'action_scaler': None, 'reward_scaler': None, 'compile_graph': False, 'learning_rate': 0.001, 'beta': 0.5}"
adapt_normal_gw5,bc,42,bc_seed42.d3,SEED_UNVERIFIABLE_FROM_CHECKPOINT,"no seed key in training_manifest.json (keys present: ['alpha', 'batch_size', 'bc_batch_size', 'bc_beta', 'bc_learning_rate', 'bc_n_steps', 'bc_n_steps_per_epoch', 'clip_grad_norm', 'config', 'config_sha1', 'created', 'dataset', 'dataset_sha1', 'gamma', 'learning_rate', 'n_critics', 'n_quantiles', 'n_steps', 'n_steps_per_epoch', 'norm_fingerprint', 'oversample', 'qfunc', 'script_sha1', 'split_seed', 'target_update_interval', 'variant'])"
adapt_normal_gw5,bc,42,bc_seed42.d3,OK,"observed={'learning_rate': '0.001 (via learning_rate)', 'batch_size': '100 (via batch_size)', 'gamma': '0.99 (via gamma)'} full_flat_config={'batch_size': 100, 'gamma': 0.99, 'observation_scaler': None, 'action_scaler': None, 'reward_scaler': None, 'compile_graph': False, 'learning_rate': 0.001, 'beta': 0.5}"
adapt_normal_gw5,bc,,reports\paper_exp\adapt_normal_gw5\cql_frozen\training_manifest.json,STEPS_OK,manifest n_steps=20000
adapt_normal_gw5,cql,123,cql_seed123.d3,SEED_UNVERIFIABLE_FROM_CHECKPOINT,"no seed key in training_manifest.json (keys present: ['alpha', 'batch_size', 'bc_batch_size', 'bc_beta', 'bc_learning_rate', 'bc_n_steps', 'bc_n_steps_per_epoch', 'clip_grad_norm', 'config', 'config_sha1', 'created', 'dataset', 'dataset_sha1', 'gamma', 'learning_rate', 'n_critics', 'n_quantiles', 'n_steps', 'n_steps_per_epoch', 'norm_fingerprint', 'oversample', 'qfunc', 'script_sha1', 'split_seed', 'target_update_interval', 'variant'])"
adapt_normal_gw5,cql,123,cql_seed123.d3,OK,"observed={'alpha': '1.0 (via alpha)', 'learning_rate': '0.0003 (via learning_rate)', 'batch_size': '100 (via batch_size)', 'gamma': '0.99 (via gamma)', 'n_critics': '1 (via n_critics)', 'target_update_interval': '8000 (via target_update_interval)'} full_flat_config={'batch_size': 100, 'gamma': 0.99, 'observation_scaler': None, 'action_scaler': None, 'reward_scaler': None, 'compile_graph': False, 'learning_rate': 0.0003, 'n_critics': 1, 'target_update_interval': 8000, 'alpha': 1.0}"
adapt_normal_gw5,cql,2024,cql_seed2024.d3,SEED_UNVERIFIABLE_FROM_CHECKPOINT,"no seed key in training_manifest.json (keys present: ['alpha', 'batch_size', 'bc_batch_size', 'bc_beta', 'bc_learning_rate', 'bc_n_steps', 'bc_n_steps_per_epoch', 'clip_grad_norm', 'config', 'config_sha1', 'created', 'dataset', 'dataset_sha1', 'gamma', 'learning_rate', 'n_critics', 'n_quantiles', 'n_steps', 'n_steps_per_epoch', 'norm_fingerprint', 'oversample', 'qfunc', 'script_sha1', 'split_seed', 'target_update_interval', 'variant'])"
adapt_normal_gw5,cql,2024,cql_seed2024.d3,OK,"observed={'alpha': '1.0 (via alpha)', 'learning_rate': '0.0003 (via learning_rate)', 'batch_size': '100 (via batch_size)', 'gamma': '0.99 (via gamma)', 'n_critics': '1 (via n_critics)', 'target_update_interval': '8000 (via target_update_interval)'} full_flat_config={'batch_size': 100, 'gamma': 0.99, 'observation_scaler': None, 'action_scaler': None, 'reward_scaler': None, 'compile_graph': False, 'learning_rate': 0.0003, 'n_critics': 1, 'target_update_interval': 8000, 'alpha': 1.0}"
adapt_normal_gw5,cql,42,cql_seed42.d3,SEED_UNVERIFIABLE_FROM_CHECKPOINT,"no seed key in training_manifest.json (keys present: ['alpha', 'batch_size', 'bc_batch_size', 'bc_beta', 'bc_learning_rate', 'bc_n_steps', 'bc_n_steps_per_epoch', 'clip_grad_norm', 'config', 'config_sha1', 'created', 'dataset', 'dataset_sha1', 'gamma', 'learning_rate', 'n_critics', 'n_quantiles', 'n_steps', 'n_steps_per_epoch', 'norm_fingerprint', 'oversample', 'qfunc', 'script_sha1', 'split_seed', 'target_update_interval', 'variant'])"
adapt_normal_gw5,cql,42,cql_seed42.d3,OK,"observed={'alpha': '1.0 (via alpha)', 'learning_rate': '0.0003 (via learning_rate)', 'batch_size': '100 (via batch_size)', 'gamma': '0.99 (via gamma)', 'n_critics': '1 (via n_critics)', 'target_update_interval': '8000 (via target_update_interval)'} full_flat_config={'batch_size': 100, 'gamma': 0.99, 'observation_scaler': None, 'action_scaler': None, 'reward_scaler': None, 'compile_graph': False, 'learning_rate': 0.0003, 'n_critics': 1, 'target_update_interval': 8000, 'alpha': 1.0}"
adapt_normal_gw5,cql,,reports\paper_exp\adapt_normal_gw5\cql_frozen\training_manifest.json,STEPS_OK,manifest n_steps=20000
adapt_normal_gw5,,,reports\paper_exp\adapt_normal_gw5\normalization_manifest.json,HASH_OK,C:\trishna-opal\reports\paper_exp\dataset_adapt_normal_gw5.h5
adapt_normal_gw5,,,reports\paper_exp\adapt_normal_gw5\cql_frozen\training_manifest.json,HASH_OK,C:\trishna-opal\reports\paper_exp\dataset_adapt_normal_gw5.h5
w0.0_2.0_0.5,bc,123,bc_seed123.d3,SEED_UNVERIFIABLE_FROM_CHECKPOINT,"no seed key in training_manifest.json (keys present: ['alpha', 'batch_size', 'bc_batch_size', 'bc_beta', 'bc_learning_rate', 'bc_n_steps', 'bc_n_steps_per_epoch', 'clip_grad_norm', 'config', 'config_sha1', 'created', 'dataset', 'dataset_sha1', 'gamma', 'learning_rate', 'n_critics', 'n_quantiles', 'n_steps', 'n_steps_per_epoch', 'norm_fingerprint', 'oversample', 'qfunc', 'script_sha1', 'split_seed', 'target_update_interval', 'variant'])"
w0.0_2.0_0.5,bc,123,bc_seed123.d3,OK,"observed={'learning_rate': '0.001 (via learning_rate)', 'batch_size': '100 (via batch_size)', 'gamma': '0.99 (via gamma)'} full_flat_config={'batch_size': 100, 'gamma': 0.99, 'observation_scaler': None, 'action_scaler': None, 'reward_scaler': None, 'compile_graph': False, 'learning_rate': 0.001, 'beta': 0.5}"
w0.0_2.0_0.5,bc,2024,bc_seed2024.d3,SEED_UNVERIFIABLE_FROM_CHECKPOINT,"no seed key in training_manifest.json (keys present: ['alpha', 'batch_size', 'bc_batch_size', 'bc_beta', 'bc_learning_rate', 'bc_n_steps', 'bc_n_steps_per_epoch', 'clip_grad_norm', 'config', 'config_sha1', 'created', 'dataset', 'dataset_sha1', 'gamma', 'learning_rate', 'n_critics', 'n_quantiles', 'n_steps', 'n_steps_per_epoch', 'norm_fingerprint', 'oversample', 'qfunc', 'script_sha1', 'split_seed', 'target_update_interval', 'variant'])"
w0.0_2.0_0.5,bc,2024,bc_seed2024.d3,OK,"observed={'learning_rate': '0.001 (via learning_rate)', 'batch_size': '100 (via batch_size)', 'gamma': '0.99 (via gamma)'} full_flat_config={'batch_size': 100, 'gamma': 0.99, 'observation_scaler': None, 'action_scaler': None, 'reward_scaler': None, 'compile_graph': False, 'learning_rate': 0.001, 'beta': 0.5}"
w0.0_2.0_0.5,bc,42,bc_seed42.d3,SEED_UNVERIFIABLE_FROM_CHECKPOINT,"no seed key in training_manifest.json (keys present: ['alpha', 'batch_size', 'bc_batch_size', 'bc_beta', 'bc_learning_rate', 'bc_n_steps', 'bc_n_steps_per_epoch', 'clip_grad_norm', 'config', 'config_sha1', 'created', 'dataset', 'dataset_sha1', 'gamma', 'learning_rate', 'n_critics', 'n_quantiles', 'n_steps', 'n_steps_per_epoch', 'norm_fingerprint', 'oversample', 'qfunc', 'script_sha1', 'split_seed', 'target_update_interval', 'variant'])"
w0.0_2.0_0.5,bc,42,bc_seed42.d3,OK,"observed={'learning_rate': '0.001 (via learning_rate)', 'batch_size': '100 (via batch_size)', 'gamma': '0.99 (via gamma)'} full_flat_config={'batch_size': 100, 'gamma': 0.99, 'observation_scaler': None, 'action_scaler': None, 'reward_scaler': None, 'compile_graph': False, 'learning_rate': 0.001, 'beta': 0.5}"
w0.0_2.0_0.5,bc,,reports\paper_exp\w0.0_2.0_0.5\cql_frozen\training_manifest.json,STEPS_OK,manifest n_steps=20000
w0.0_2.0_0.5,cql,123,cql_seed123.d3,SEED_UNVERIFIABLE_FROM_CHECKPOINT,"no seed key in training_manifest.json (keys present: ['alpha', 'batch_size', 'bc_batch_size', 'bc_beta', 'bc_learning_rate', 'bc_n_steps', 'bc_n_steps_per_epoch', 'clip_grad_norm', 'config', 'config_sha1', 'created', 'dataset', 'dataset_sha1', 'gamma', 'learning_rate', 'n_critics', 'n_quantiles', 'n_steps', 'n_steps_per_epoch', 'norm_fingerprint', 'oversample', 'qfunc', 'script_sha1', 'split_seed', 'target_update_interval', 'variant'])"
w0.0_2.0_0.5,cql,123,cql_seed123.d3,OK,"observed={'alpha': '1.0 (via alpha)', 'learning_rate': '0.0003 (via learning_rate)', 'batch_size': '100 (via batch_size)', 'gamma': '0.99 (via gamma)', 'n_critics': '1 (via n_critics)', 'target_update_interval': '8000 (via target_update_interval)'} full_flat_config={'batch_size': 100, 'gamma': 0.99, 'observation_scaler': None, 'action_scaler': None, 'reward_scaler': None, 'compile_graph': False, 'learning_rate': 0.0003, 'n_critics': 1, 'target_update_interval': 8000, 'alpha': 1.0}"
w0.0_2.0_0.5,cql,2024,cql_seed2024.d3,SEED_UNVERIFIABLE_FROM_CHECKPOINT,"no seed key in training_manifest.json (keys present: ['alpha', 'batch_size', 'bc_batch_size', 'bc_beta', 'bc_learning_rate', 'bc_n_steps', 'bc_n_steps_per_epoch', 'clip_grad_norm', 'config', 'config_sha1', 'created', 'dataset', 'dataset_sha1', 'gamma', 'learning_rate', 'n_critics', 'n_quantiles', 'n_steps', 'n_steps_per_epoch', 'norm_fingerprint', 'oversample', 'qfunc', 'script_sha1', 'split_seed', 'target_update_interval', 'variant'])"
w0.0_2.0_0.5,cql,2024,cql_seed2024.d3,OK,"observed={'alpha': '1.0 (via alpha)', 'learning_rate': '0.0003 (via learning_rate)', 'batch_size': '100 (via batch_size)', 'gamma': '0.99 (via gamma)', 'n_critics': '1 (via n_critics)', 'target_update_interval': '8000 (via target_update_interval)'} full_flat_config={'batch_size': 100, 'gamma': 0.99, 'observation_scaler': None, 'action_scaler': None, 'reward_scaler': None, 'compile_graph': False, 'learning_rate': 0.0003, 'n_critics': 1, 'target_update_interval': 8000, 'alpha': 1.0}"
w0.0_2.0_0.5,cql,42,cql_seed42.d3,SEED_UNVERIFIABLE_FROM_CHECKPOINT,"no seed key in training_manifest.json (keys present: ['alpha', 'batch_size', 'bc_batch_size', 'bc_beta', 'bc_learning_rate', 'bc_n_steps', 'bc_n_steps_per_epoch', 'clip_grad_norm', 'config', 'config_sha1', 'created', 'dataset', 'dataset_sha1', 'gamma', 'learning_rate', 'n_critics', 'n_quantiles', 'n_steps', 'n_steps_per_epoch', 'norm_fingerprint', 'oversample', 'qfunc', 'script_sha1', 'split_seed', 'target_update_interval', 'variant'])"
w0.0_2.0_0.5,cql,42,cql_seed42.d3,OK,"observed={'alpha': '1.0 (via alpha)', 'learning_rate': '0.0003 (via learning_rate)', 'batch_size': '100 (via batch_size)', 'gamma': '0.99 (via gamma)', 'n_critics': '1 (via n_critics)', 'target_update_interval': '8000 (via target_update_interval)'} full_flat_config={'batch_size': 100, 'gamma': 0.99, 'observation_scaler': None, 'action_scaler': None, 'reward_scaler': None, 'compile_graph': False, 'learning_rate': 0.0003, 'n_critics': 1, 'target_update_interval': 8000, 'alpha': 1.0}"
w0.0_2.0_0.5,cql,,reports\paper_exp\w0.0_2.0_0.5\cql_frozen\training_manifest.json,STEPS_OK,manifest n_steps=20000
w0.0_2.0_0.5,,,reports\paper_exp\w0.0_2.0_0.5\normalization_manifest.json,HASH_OK,C:\trishna-opal\reports\paper_exp\dataset_w0.0_2.0_0.5.h5
w0.0_2.0_0.5,,,reports\paper_exp\w0.0_2.0_0.5\cql_frozen\training_manifest.json,HASH_OK,C:\trishna-opal\reports\paper_exp\dataset_w0.0_2.0_0.5.h5
w1.0_0.0_0.0,bc,123,bc_seed123.d3,SEED_UNVERIFIABLE_FROM_CHECKPOINT,"no seed key in training_manifest.json (keys present: ['alpha', 'batch_size', 'bc_batch_size', 'bc_beta', 'bc_learning_rate', 'bc_n_steps', 'bc_n_steps_per_epoch', 'clip_grad_norm', 'config', 'config_sha1', 'created', 'dataset', 'dataset_sha1', 'gamma', 'learning_rate', 'n_critics', 'n_quantiles', 'n_steps', 'n_steps_per_epoch', 'norm_fingerprint', 'oversample', 'qfunc', 'script_sha1', 'split_seed', 'target_update_interval', 'variant'])"
w1.0_0.0_0.0,bc,123,bc_seed123.d3,OK,"observed={'learning_rate': '0.001 (via learning_rate)', 'batch_size': '100 (via batch_size)', 'gamma': '0.99 (via gamma)'} full_flat_config={'batch_size': 100, 'gamma': 0.99, 'observation_scaler': None, 'action_scaler': None, 'reward_scaler': None, 'compile_graph': False, 'learning_rate': 0.001, 'beta': 0.5}"
w1.0_0.0_0.0,bc,2024,bc_seed2024.d3,SEED_UNVERIFIABLE_FROM_CHECKPOINT,"no seed key in training_manifest.json (keys present: ['alpha', 'batch_size', 'bc_batch_size', 'bc_beta', 'bc_learning_rate', 'bc_n_steps', 'bc_n_steps_per_epoch', 'clip_grad_norm', 'config', 'config_sha1', 'created', 'dataset', 'dataset_sha1', 'gamma', 'learning_rate', 'n_critics', 'n_quantiles', 'n_steps', 'n_steps_per_epoch', 'norm_fingerprint', 'oversample', 'qfunc', 'script_sha1', 'split_seed', 'target_update_interval', 'variant'])"
w1.0_0.0_0.0,bc,2024,bc_seed2024.d3,OK,"observed={'learning_rate': '0.001 (via learning_rate)', 'batch_size': '100 (via batch_size)', 'gamma': '0.99 (via gamma)'} full_flat_config={'batch_size': 100, 'gamma': 0.99, 'observation_scaler': None, 'action_scaler': None, 'reward_scaler': None, 'compile_graph': False, 'learning_rate': 0.001, 'beta': 0.5}"
w1.0_0.0_0.0,bc,42,bc_seed42.d3,SEED_UNVERIFIABLE_FROM_CHECKPOINT,"no seed key in training_manifest.json (keys present: ['alpha', 'batch_size', 'bc_batch_size', 'bc_beta', 'bc_learning_rate', 'bc_n_steps', 'bc_n_steps_per_epoch', 'clip_grad_norm', 'config', 'config_sha1', 'created', 'dataset', 'dataset_sha1', 'gamma', 'learning_rate', 'n_critics', 'n_quantiles', 'n_steps', 'n_steps_per_epoch', 'norm_fingerprint', 'oversample', 'qfunc', 'script_sha1', 'split_seed', 'target_update_interval', 'variant'])"
w1.0_0.0_0.0,bc,42,bc_seed42.d3,OK,"observed={'learning_rate': '0.001 (via learning_rate)', 'batch_size': '100 (via batch_size)', 'gamma': '0.99 (via gamma)'} full_flat_config={'batch_size': 100, 'gamma': 0.99, 'observation_scaler': None, 'action_scaler': None, 'reward_scaler': None, 'compile_graph': False, 'learning_rate': 0.001, 'beta': 0.5}"
w1.0_0.0_0.0,bc,,reports\paper_exp\w1.0_0.0_0.0\cql_frozen\training_manifest.json,STEPS_OK,manifest n_steps=20000
w1.0_0.0_0.0,cql,123,cql_seed123.d3,SEED_UNVERIFIABLE_FROM_CHECKPOINT,"no seed key in training_manifest.json (keys present: ['alpha', 'batch_size', 'bc_batch_size', 'bc_beta', 'bc_learning_rate', 'bc_n_steps', 'bc_n_steps_per_epoch', 'clip_grad_norm', 'config', 'config_sha1', 'created', 'dataset', 'dataset_sha1', 'gamma', 'learning_rate', 'n_critics', 'n_quantiles', 'n_steps', 'n_steps_per_epoch', 'norm_fingerprint', 'oversample', 'qfunc', 'script_sha1', 'split_seed', 'target_update_interval', 'variant'])"
w1.0_0.0_0.0,cql,123,cql_seed123.d3,OK,"observed={'alpha': '1.0 (via alpha)', 'learning_rate': '0.0003 (via learning_rate)', 'batch_size': '100 (via batch_size)', 'gamma': '0.99 (via gamma)', 'n_critics': '1 (via n_critics)', 'target_update_interval': '8000 (via target_update_interval)'} full_flat_config={'batch_size': 100, 'gamma': 0.99, 'observation_scaler': None, 'action_scaler': None, 'reward_scaler': None, 'compile_graph': False, 'learning_rate': 0.0003, 'n_critics': 1, 'target_update_interval': 8000, 'alpha': 1.0}"
w1.0_0.0_0.0,cql,2024,cql_seed2024.d3,SEED_UNVERIFIABLE_FROM_CHECKPOINT,"no seed key in training_manifest.json (keys present: ['alpha', 'batch_size', 'bc_batch_size', 'bc_beta', 'bc_learning_rate', 'bc_n_steps', 'bc_n_steps_per_epoch', 'clip_grad_norm', 'config', 'config_sha1', 'created', 'dataset', 'dataset_sha1', 'gamma', 'learning_rate', 'n_critics', 'n_quantiles', 'n_steps', 'n_steps_per_epoch', 'norm_fingerprint', 'oversample', 'qfunc', 'script_sha1', 'split_seed', 'target_update_interval', 'variant'])"
w1.0_0.0_0.0,cql,2024,cql_seed2024.d3,OK,"observed={'alpha': '1.0 (via alpha)', 'learning_rate': '0.0003 (via learning_rate)', 'batch_size': '100 (via batch_size)', 'gamma': '0.99 (via gamma)', 'n_critics': '1 (via n_critics)', 'target_update_interval': '8000 (via target_update_interval)'} full_flat_config={'batch_size': 100, 'gamma': 0.99, 'observation_scaler': None, 'action_scaler': None, 'reward_scaler': None, 'compile_graph': False, 'learning_rate': 0.0003, 'n_critics': 1, 'target_update_interval': 8000, 'alpha': 1.0}"
w1.0_0.0_0.0,cql,42,cql_seed42.d3,SEED_UNVERIFIABLE_FROM_CHECKPOINT,"no seed key in training_manifest.json (keys present: ['alpha', 'batch_size', 'bc_batch_size', 'bc_beta', 'bc_learning_rate', 'bc_n_steps', 'bc_n_steps_per_epoch', 'clip_grad_norm', 'config', 'config_sha1', 'created', 'dataset', 'dataset_sha1', 'gamma', 'learning_rate', 'n_critics', 'n_quantiles', 'n_steps', 'n_steps_per_epoch', 'norm_fingerprint', 'oversample', 'qfunc', 'script_sha1', 'split_seed', 'target_update_interval', 'variant'])"
w1.0_0.0_0.0,cql,42,cql_seed42.d3,OK,"observed={'alpha': '1.0 (via alpha)', 'learning_rate': '0.0003 (via learning_rate)', 'batch_size': '100 (via batch_size)', 'gamma': '0.99 (via gamma)', 'n_critics': '1 (via n_critics)', 'target_update_interval': '8000 (via target_update_interval)'} full_flat_config={'batch_size': 100, 'gamma': 0.99, 'observation_scaler': None, 'action_scaler': None, 'reward_scaler': None, 'compile_graph': False, 'learning_rate': 0.0003, 'n_critics': 1, 'target_update_interval': 8000, 'alpha': 1.0}"
w1.0_0.0_0.0,cql,,reports\paper_exp\w1.0_0.0_0.0\cql_frozen\training_manifest.json,STEPS_OK,manifest n_steps=20000
w1.0_0.0_0.0,,,reports\paper_exp\w1.0_0.0_0.0\normalization_manifest.json,HASH_OK,C:\trishna-opal\reports\paper_exp\dataset_w1.0_0.0_0.0.h5
w1.0_0.0_0.0,,,reports\paper_exp\w1.0_0.0_0.0\cql_frozen\training_manifest.json,HASH_OK,C:\trishna-opal\reports\paper_exp\dataset_w1.0_0.0_0.0.h5
w1.0_0.0_0.5,bc,123,bc_seed123.d3,SEED_UNVERIFIABLE_FROM_CHECKPOINT,"no seed key in training_manifest.json (keys present: ['alpha', 'batch_size', 'bc_batch_size', 'bc_beta', 'bc_learning_rate', 'bc_n_steps', 'bc_n_steps_per_epoch', 'clip_grad_norm', 'config', 'config_sha1', 'created', 'dataset', 'dataset_sha1', 'gamma', 'learning_rate', 'n_critics', 'n_quantiles', 'n_steps', 'n_steps_per_epoch', 'norm_fingerprint', 'oversample', 'qfunc', 'script_sha1', 'split_seed', 'target_update_interval', 'variant'])"
w1.0_0.0_0.5,bc,123,bc_seed123.d3,OK,"observed={'learning_rate': '0.001 (via learning_rate)', 'batch_size': '100 (via batch_size)', 'gamma': '0.99 (via gamma)'} full_flat_config={'batch_size': 100, 'gamma': 0.99, 'observation_scaler': None, 'action_scaler': None, 'reward_scaler': None, 'compile_graph': False, 'learning_rate': 0.001, 'beta': 0.5}"
w1.0_0.0_0.5,bc,2024,bc_seed2024.d3,SEED_UNVERIFIABLE_FROM_CHECKPOINT,"no seed key in training_manifest.json (keys present: ['alpha', 'batch_size', 'bc_batch_size', 'bc_beta', 'bc_learning_rate', 'bc_n_steps', 'bc_n_steps_per_epoch', 'clip_grad_norm', 'config', 'config_sha1', 'created', 'dataset', 'dataset_sha1', 'gamma', 'learning_rate', 'n_critics', 'n_quantiles', 'n_steps', 'n_steps_per_epoch', 'norm_fingerprint', 'oversample', 'qfunc', 'script_sha1', 'split_seed', 'target_update_interval', 'variant'])"
w1.0_0.0_0.5,bc,2024,bc_seed2024.d3,OK,"observed={'learning_rate': '0.001 (via learning_rate)', 'batch_size': '100 (via batch_size)', 'gamma': '0.99 (via gamma)'} full_flat_config={'batch_size': 100, 'gamma': 0.99, 'observation_scaler': None, 'action_scaler': None, 'reward_scaler': None, 'compile_graph': False, 'learning_rate': 0.001, 'beta': 0.5}"
w1.0_0.0_0.5,bc,42,bc_seed42.d3,SEED_UNVERIFIABLE_FROM_CHECKPOINT,"no seed key in training_manifest.json (keys present: ['alpha', 'batch_size', 'bc_batch_size', 'bc_beta', 'bc_learning_rate', 'bc_n_steps', 'bc_n_steps_per_epoch', 'clip_grad_norm', 'config', 'config_sha1', 'created', 'dataset', 'dataset_sha1', 'gamma', 'learning_rate', 'n_critics', 'n_quantiles', 'n_steps', 'n_steps_per_epoch', 'norm_fingerprint', 'oversample', 'qfunc', 'script_sha1', 'split_seed', 'target_update_interval', 'variant'])"
w1.0_0.0_0.5,bc,42,bc_seed42.d3,OK,"observed={'learning_rate': '0.001 (via learning_rate)', 'batch_size': '100 (via batch_size)', 'gamma': '0.99 (via gamma)'} full_flat_config={'batch_size': 100, 'gamma': 0.99, 'observation_scaler': None, 'action_scaler': None, 'reward_scaler': None, 'compile_graph': False, 'learning_rate': 0.001, 'beta': 0.5}"
w1.0_0.0_0.5,bc,,reports\paper_exp\w1.0_0.0_0.5\cql_frozen\training_manifest.json,STEPS_OK,manifest n_steps=20000
w1.0_0.0_0.5,cql,123,cql_seed123.d3,SEED_UNVERIFIABLE_FROM_CHECKPOINT,"no seed key in training_manifest.json (keys present: ['alpha', 'batch_size', 'bc_batch_size', 'bc_beta', 'bc_learning_rate', 'bc_n_steps', 'bc_n_steps_per_epoch', 'clip_grad_norm', 'config', 'config_sha1', 'created', 'dataset', 'dataset_sha1', 'gamma', 'learning_rate', 'n_critics', 'n_quantiles', 'n_steps', 'n_steps_per_epoch', 'norm_fingerprint', 'oversample', 'qfunc', 'script_sha1', 'split_seed', 'target_update_interval', 'variant'])"
w1.0_0.0_0.5,cql,123,cql_seed123.d3,OK,"observed={'alpha': '1.0 (via alpha)', 'learning_rate': '0.0003 (via learning_rate)', 'batch_size': '100 (via batch_size)', 'gamma': '0.99 (via gamma)', 'n_critics': '1 (via n_critics)', 'target_update_interval': '8000 (via target_update_interval)'} full_flat_config={'batch_size': 100, 'gamma': 0.99, 'observation_scaler': None, 'action_scaler': None, 'reward_scaler': None, 'compile_graph': False, 'learning_rate': 0.0003, 'n_critics': 1, 'target_update_interval': 8000, 'alpha': 1.0}"
w1.0_0.0_0.5,cql,2024,cql_seed2024.d3,SEED_UNVERIFIABLE_FROM_CHECKPOINT,"no seed key in training_manifest.json (keys present: ['alpha', 'batch_size', 'bc_batch_size', 'bc_beta', 'bc_learning_rate', 'bc_n_steps', 'bc_n_steps_per_epoch', 'clip_grad_norm', 'config', 'config_sha1', 'created', 'dataset', 'dataset_sha1', 'gamma', 'learning_rate', 'n_critics', 'n_quantiles', 'n_steps', 'n_steps_per_epoch', 'norm_fingerprint', 'oversample', 'qfunc', 'script_sha1', 'split_seed', 'target_update_interval', 'variant'])"
w1.0_0.0_0.5,cql,2024,cql_seed2024.d3,OK,"observed={'alpha': '1.0 (via alpha)', 'learning_rate': '0.0003 (via learning_rate)', 'batch_size': '100 (via batch_size)', 'gamma': '0.99 (via gamma)', 'n_critics': '1 (via n_critics)', 'target_update_interval': '8000 (via target_update_interval)'} full_flat_config={'batch_size': 100, 'gamma': 0.99, 'observation_scaler': None, 'action_scaler': None, 'reward_scaler': None, 'compile_graph': False, 'learning_rate': 0.0003, 'n_critics': 1, 'target_update_interval': 8000, 'alpha': 1.0}"
w1.0_0.0_0.5,cql,42,cql_seed42.d3,SEED_UNVERIFIABLE_FROM_CHECKPOINT,"no seed key in training_manifest.json (keys present: ['alpha', 'batch_size', 'bc_batch_size', 'bc_beta', 'bc_learning_rate', 'bc_n_steps', 'bc_n_steps_per_epoch', 'clip_grad_norm', 'config', 'config_sha1', 'created', 'dataset', 'dataset_sha1', 'gamma', 'learning_rate', 'n_critics', 'n_quantiles', 'n_steps', 'n_steps_per_epoch', 'norm_fingerprint', 'oversample', 'qfunc', 'script_sha1', 'split_seed', 'target_update_interval', 'variant'])"
w1.0_0.0_0.5,cql,42,cql_seed42.d3,OK,"observed={'alpha': '1.0 (via alpha)', 'learning_rate': '0.0003 (via learning_rate)', 'batch_size': '100 (via batch_size)', 'gamma': '0.99 (via gamma)', 'n_critics': '1 (via n_critics)', 'target_update_interval': '8000 (via target_update_interval)'} full_flat_config={'batch_size': 100, 'gamma': 0.99, 'observation_scaler': None, 'action_scaler': None, 'reward_scaler': None, 'compile_graph': False, 'learning_rate': 0.0003, 'n_critics': 1, 'target_update_interval': 8000, 'alpha': 1.0}"
w1.0_0.0_0.5,cql,,reports\paper_exp\w1.0_0.0_0.5\cql_frozen\training_manifest.json,STEPS_OK,manifest n_steps=20000
w1.0_0.0_0.5,,,reports\paper_exp\w1.0_0.0_0.5\normalization_manifest.json,HASH_OK,C:\trishna-opal\reports\paper_exp\dataset_w1.0_0.0_0.5.h5
w1.0_0.0_0.5,,,reports\paper_exp\w1.0_0.0_0.5\cql_frozen\training_manifest.json,HASH_OK,C:\trishna-opal\reports\paper_exp\dataset_w1.0_0.0_0.5.h5
w1.0_1.0_0.5,bc,123,bc_seed123.d3,SEED_UNVERIFIABLE_FROM_CHECKPOINT,"no seed key in training_manifest.json (keys present: ['alpha', 'batch_size', 'bc_batch_size', 'bc_beta', 'bc_learning_rate', 'bc_n_steps', 'bc_n_steps_per_epoch', 'clip_grad_norm', 'config', 'config_sha1', 'created', 'dataset', 'dataset_sha1', 'gamma', 'learning_rate', 'n_critics', 'n_quantiles', 'n_steps', 'n_steps_per_epoch', 'norm_fingerprint', 'oversample', 'qfunc', 'script_sha1', 'split_seed', 'target_update_interval', 'variant'])"
w1.0_1.0_0.5,bc,123,bc_seed123.d3,OK,"observed={'learning_rate': '0.001 (via learning_rate)', 'batch_size': '100 (via batch_size)', 'gamma': '0.99 (via gamma)'} full_flat_config={'batch_size': 100, 'gamma': 0.99, 'observation_scaler': None, 'action_scaler': None, 'reward_scaler': None, 'compile_graph': False, 'learning_rate': 0.001, 'beta': 0.5}"
w1.0_1.0_0.5,bc,2024,bc_seed2024.d3,SEED_UNVERIFIABLE_FROM_CHECKPOINT,"no seed key in training_manifest.json (keys present: ['alpha', 'batch_size', 'bc_batch_size', 'bc_beta', 'bc_learning_rate', 'bc_n_steps', 'bc_n_steps_per_epoch', 'clip_grad_norm', 'config', 'config_sha1', 'created', 'dataset', 'dataset_sha1', 'gamma', 'learning_rate', 'n_critics', 'n_quantiles', 'n_steps', 'n_steps_per_epoch', 'norm_fingerprint', 'oversample', 'qfunc', 'script_sha1', 'split_seed', 'target_update_interval', 'variant'])"
w1.0_1.0_0.5,bc,2024,bc_seed2024.d3,OK,"observed={'learning_rate': '0.001 (via learning_rate)', 'batch_size': '100 (via batch_size)', 'gamma': '0.99 (via gamma)'} full_flat_config={'batch_size': 100, 'gamma': 0.99, 'observation_scaler': None, 'action_scaler': None, 'reward_scaler': None, 'compile_graph': False, 'learning_rate': 0.001, 'beta': 0.5}"
w1.0_1.0_0.5,bc,42,bc_seed42.d3,SEED_UNVERIFIABLE_FROM_CHECKPOINT,"no seed key in training_manifest.json (keys present: ['alpha', 'batch_size', 'bc_batch_size', 'bc_beta', 'bc_learning_rate', 'bc_n_steps', 'bc_n_steps_per_epoch', 'clip_grad_norm', 'config', 'config_sha1', 'created', 'dataset', 'dataset_sha1', 'gamma', 'learning_rate', 'n_critics', 'n_quantiles', 'n_steps', 'n_steps_per_epoch', 'norm_fingerprint', 'oversample', 'qfunc', 'script_sha1', 'split_seed', 'target_update_interval', 'variant'])"
w1.0_1.0_0.5,bc,42,bc_seed42.d3,OK,"observed={'learning_rate': '0.001 (via learning_rate)', 'batch_size': '100 (via batch_size)', 'gamma': '0.99 (via gamma)'} full_flat_config={'batch_size': 100, 'gamma': 0.99, 'observation_scaler': None, 'action_scaler': None, 'reward_scaler': None, 'compile_graph': False, 'learning_rate': 0.001, 'beta': 0.5}"
w1.0_1.0_0.5,bc,,reports\paper_exp\w1.0_1.0_0.5\cql_frozen\training_manifest.json,STEPS_OK,manifest n_steps=20000
w1.0_1.0_0.5,cql,123,cql_seed123.d3,SEED_UNVERIFIABLE_FROM_CHECKPOINT,"no seed key in training_manifest.json (keys present: ['alpha', 'batch_size', 'bc_batch_size', 'bc_beta', 'bc_learning_rate', 'bc_n_steps', 'bc_n_steps_per_epoch', 'clip_grad_norm', 'config', 'config_sha1', 'created', 'dataset', 'dataset_sha1', 'gamma', 'learning_rate', 'n_critics', 'n_quantiles', 'n_steps', 'n_steps_per_epoch', 'norm_fingerprint', 'oversample', 'qfunc', 'script_sha1', 'split_seed', 'target_update_interval', 'variant'])"
w1.0_1.0_0.5,cql,123,cql_seed123.d3,OK,"observed={'alpha': '1.0 (via alpha)', 'learning_rate': '0.0003 (via learning_rate)', 'batch_size': '100 (via batch_size)', 'gamma': '0.99 (via gamma)', 'n_critics': '1 (via n_critics)', 'target_update_interval': '8000 (via target_update_interval)'} full_flat_config={'batch_size': 100, 'gamma': 0.99, 'observation_scaler': None, 'action_scaler': None, 'reward_scaler': None, 'compile_graph': False, 'learning_rate': 0.0003, 'n_critics': 1, 'target_update_interval': 8000, 'alpha': 1.0}"
w1.0_1.0_0.5,cql,2024,cql_seed2024.d3,SEED_UNVERIFIABLE_FROM_CHECKPOINT,"no seed key in training_manifest.json (keys present: ['alpha', 'batch_size', 'bc_batch_size', 'bc_beta', 'bc_learning_rate', 'bc_n_steps', 'bc_n_steps_per_epoch', 'clip_grad_norm', 'config', 'config_sha1', 'created', 'dataset', 'dataset_sha1', 'gamma', 'learning_rate', 'n_critics', 'n_quantiles', 'n_steps', 'n_steps_per_epoch', 'norm_fingerprint', 'oversample', 'qfunc', 'script_sha1', 'split_seed', 'target_update_interval', 'variant'])"
w1.0_1.0_0.5,cql,2024,cql_seed2024.d3,OK,"observed={'alpha': '1.0 (via alpha)', 'learning_rate': '0.0003 (via learning_rate)', 'batch_size': '100 (via batch_size)', 'gamma': '0.99 (via gamma)', 'n_critics': '1 (via n_critics)', 'target_update_interval': '8000 (via target_update_interval)'} full_flat_config={'batch_size': 100, 'gamma': 0.99, 'observation_scaler': None, 'action_scaler': None, 'reward_scaler': None, 'compile_graph': False, 'learning_rate': 0.0003, 'n_critics': 1, 'target_update_interval': 8000, 'alpha': 1.0}"
w1.0_1.0_0.5,cql,42,cql_seed42.d3,SEED_UNVERIFIABLE_FROM_CHECKPOINT,"no seed key in training_manifest.json (keys present: ['alpha', 'batch_size', 'bc_batch_size', 'bc_beta', 'bc_learning_rate', 'bc_n_steps', 'bc_n_steps_per_epoch', 'clip_grad_norm', 'config', 'config_sha1', 'created', 'dataset', 'dataset_sha1', 'gamma', 'learning_rate', 'n_critics', 'n_quantiles', 'n_steps', 'n_steps_per_epoch', 'norm_fingerprint', 'oversample', 'qfunc', 'script_sha1', 'split_seed', 'target_update_interval', 'variant'])"
w1.0_1.0_0.5,cql,42,cql_seed42.d3,OK,"observed={'alpha': '1.0 (via alpha)', 'learning_rate': '0.0003 (via learning_rate)', 'batch_size': '100 (via batch_size)', 'gamma': '0.99 (via gamma)', 'n_critics': '1 (via n_critics)', 'target_update_interval': '8000 (via target_update_interval)'} full_flat_config={'batch_size': 100, 'gamma': 0.99, 'observation_scaler': None, 'action_scaler': None, 'reward_scaler': None, 'compile_graph': False, 'learning_rate': 0.0003, 'n_critics': 1, 'target_update_interval': 8000, 'alpha': 1.0}"
w1.0_1.0_0.5,cql,,reports\paper_exp\w1.0_1.0_0.5\cql_frozen\training_manifest.json,STEPS_OK,manifest n_steps=20000
w1.0_1.0_0.5,,,reports\paper_exp\w1.0_1.0_0.5\normalization_manifest.json,HASH_OK,C:\trishna-opal\reports\paper_exp\dataset_w1.0_1.0_0.5.h5
w1.0_1.0_0.5,,,reports\paper_exp\w1.0_1.0_0.5\cql_frozen\training_manifest.json,HASH_OK,C:\trishna-opal\reports\paper_exp\dataset_w1.0_1.0_0.5.h5
w1.0_2.0_0.0,bc,123,bc_seed123.d3,SEED_UNVERIFIABLE_FROM_CHECKPOINT,"no seed key in training_manifest.json (keys present: ['alpha', 'batch_size', 'bc_batch_size', 'bc_beta', 'bc_learning_rate', 'bc_n_steps', 'bc_n_steps_per_epoch', 'clip_grad_norm', 'config', 'config_sha1', 'created', 'dataset', 'dataset_sha1', 'gamma', 'learning_rate', 'n_critics', 'n_quantiles', 'n_steps', 'n_steps_per_epoch', 'norm_fingerprint', 'oversample', 'qfunc', 'script_sha1', 'split_seed', 'target_update_interval', 'variant'])"
w1.0_2.0_0.0,bc,123,bc_seed123.d3,OK,"observed={'learning_rate': '0.001 (via learning_rate)', 'batch_size': '100 (via batch_size)', 'gamma': '0.99 (via gamma)'} full_flat_config={'batch_size': 100, 'gamma': 0.99, 'observation_scaler': None, 'action_scaler': None, 'reward_scaler': None, 'compile_graph': False, 'learning_rate': 0.001, 'beta': 0.5}"
w1.0_2.0_0.0,bc,2024,bc_seed2024.d3,SEED_UNVERIFIABLE_FROM_CHECKPOINT,"no seed key in training_manifest.json (keys present: ['alpha', 'batch_size', 'bc_batch_size', 'bc_beta', 'bc_learning_rate', 'bc_n_steps', 'bc_n_steps_per_epoch', 'clip_grad_norm', 'config', 'config_sha1', 'created', 'dataset', 'dataset_sha1', 'gamma', 'learning_rate', 'n_critics', 'n_quantiles', 'n_steps', 'n_steps_per_epoch', 'norm_fingerprint', 'oversample', 'qfunc', 'script_sha1', 'split_seed', 'target_update_interval', 'variant'])"
w1.0_2.0_0.0,bc,2024,bc_seed2024.d3,OK,"observed={'learning_rate': '0.001 (via learning_rate)', 'batch_size': '100 (via batch_size)', 'gamma': '0.99 (via gamma)'} full_flat_config={'batch_size': 100, 'gamma': 0.99, 'observation_scaler': None, 'action_scaler': None, 'reward_scaler': None, 'compile_graph': False, 'learning_rate': 0.001, 'beta': 0.5}"
w1.0_2.0_0.0,bc,42,bc_seed42.d3,SEED_UNVERIFIABLE_FROM_CHECKPOINT,"no seed key in training_manifest.json (keys present: ['alpha', 'batch_size', 'bc_batch_size', 'bc_beta', 'bc_learning_rate', 'bc_n_steps', 'bc_n_steps_per_epoch', 'clip_grad_norm', 'config', 'config_sha1', 'created', 'dataset', 'dataset_sha1', 'gamma', 'learning_rate', 'n_critics', 'n_quantiles', 'n_steps', 'n_steps_per_epoch', 'norm_fingerprint', 'oversample', 'qfunc', 'script_sha1', 'split_seed', 'target_update_interval', 'variant'])"
w1.0_2.0_0.0,bc,42,bc_seed42.d3,OK,"observed={'learning_rate': '0.001 (via learning_rate)', 'batch_size': '100 (via batch_size)', 'gamma': '0.99 (via gamma)'} full_flat_config={'batch_size': 100, 'gamma': 0.99, 'observation_scaler': None, 'action_scaler': None, 'reward_scaler': None, 'compile_graph': False, 'learning_rate': 0.001, 'beta': 0.5}"
w1.0_2.0_0.0,bc,,reports\paper_exp\w1.0_2.0_0.0\cql_frozen\training_manifest.json,STEPS_OK,manifest n_steps=20000
w1.0_2.0_0.0,cql,123,cql_seed123.d3,SEED_UNVERIFIABLE_FROM_CHECKPOINT,"no seed key in training_manifest.json (keys present: ['alpha', 'batch_size', 'bc_batch_size', 'bc_beta', 'bc_learning_rate', 'bc_n_steps', 'bc_n_steps_per_epoch', 'clip_grad_norm', 'config', 'config_sha1', 'created', 'dataset', 'dataset_sha1', 'gamma', 'learning_rate', 'n_critics', 'n_quantiles', 'n_steps', 'n_steps_per_epoch', 'norm_fingerprint', 'oversample', 'qfunc', 'script_sha1', 'split_seed', 'target_update_interval', 'variant'])"
w1.0_2.0_0.0,cql,123,cql_seed123.d3,OK,"observed={'alpha': '1.0 (via alpha)', 'learning_rate': '0.0003 (via learning_rate)', 'batch_size': '100 (via batch_size)', 'gamma': '0.99 (via gamma)', 'n_critics': '1 (via n_critics)', 'target_update_interval': '8000 (via target_update_interval)'} full_flat_config={'batch_size': 100, 'gamma': 0.99, 'observation_scaler': None, 'action_scaler': None, 'reward_scaler': None, 'compile_graph': False, 'learning_rate': 0.0003, 'n_critics': 1, 'target_update_interval': 8000, 'alpha': 1.0}"
w1.0_2.0_0.0,cql,2024,cql_seed2024.d3,SEED_UNVERIFIABLE_FROM_CHECKPOINT,"no seed key in training_manifest.json (keys present: ['alpha', 'batch_size', 'bc_batch_size', 'bc_beta', 'bc_learning_rate', 'bc_n_steps', 'bc_n_steps_per_epoch', 'clip_grad_norm', 'config', 'config_sha1', 'created', 'dataset', 'dataset_sha1', 'gamma', 'learning_rate', 'n_critics', 'n_quantiles', 'n_steps', 'n_steps_per_epoch', 'norm_fingerprint', 'oversample', 'qfunc', 'script_sha1', 'split_seed', 'target_update_interval', 'variant'])"
w1.0_2.0_0.0,cql,2024,cql_seed2024.d3,OK,"observed={'alpha': '1.0 (via alpha)', 'learning_rate': '0.0003 (via learning_rate)', 'batch_size': '100 (via batch_size)', 'gamma': '0.99 (via gamma)', 'n_critics': '1 (via n_critics)', 'target_update_interval': '8000 (via target_update_interval)'} full_flat_config={'batch_size': 100, 'gamma': 0.99, 'observation_scaler': None, 'action_scaler': None, 'reward_scaler': None, 'compile_graph': False, 'learning_rate': 0.0003, 'n_critics': 1, 'target_update_interval': 8000, 'alpha': 1.0}"
w1.0_2.0_0.0,cql,42,cql_seed42.d3,SEED_UNVERIFIABLE_FROM_CHECKPOINT,"no seed key in training_manifest.json (keys present: ['alpha', 'batch_size', 'bc_batch_size', 'bc_beta', 'bc_learning_rate', 'bc_n_steps', 'bc_n_steps_per_epoch', 'clip_grad_norm', 'config', 'config_sha1', 'created', 'dataset', 'dataset_sha1', 'gamma', 'learning_rate', 'n_critics', 'n_quantiles', 'n_steps', 'n_steps_per_epoch', 'norm_fingerprint', 'oversample', 'qfunc', 'script_sha1', 'split_seed', 'target_update_interval', 'variant'])"
w1.0_2.0_0.0,cql,42,cql_seed42.d3,OK,"observed={'alpha': '1.0 (via alpha)', 'learning_rate': '0.0003 (via learning_rate)', 'batch_size': '100 (via batch_size)', 'gamma': '0.99 (via gamma)', 'n_critics': '1 (via n_critics)', 'target_update_interval': '8000 (via target_update_interval)'} full_flat_config={'batch_size': 100, 'gamma': 0.99, 'observation_scaler': None, 'action_scaler': None, 'reward_scaler': None, 'compile_graph': False, 'learning_rate': 0.0003, 'n_critics': 1, 'target_update_interval': 8000, 'alpha': 1.0}"
w1.0_2.0_0.0,cql,,reports\paper_exp\w1.0_2.0_0.0\cql_frozen\training_manifest.json,STEPS_OK,manifest n_steps=20000
w1.0_2.0_0.0,,,reports\paper_exp\w1.0_2.0_0.0\normalization_manifest.json,HASH_OK,C:\trishna-opal\reports\paper_exp\dataset_w1.0_2.0_0.0.h5
w1.0_2.0_0.0,,,reports\paper_exp\w1.0_2.0_0.0\cql_frozen\training_manifest.json,HASH_OK,C:\trishna-opal\reports\paper_exp\dataset_w1.0_2.0_0.0.h5
w1.0_2.0_0.5,bc,123,bc_seed123.d3,SEED_UNVERIFIABLE_FROM_CHECKPOINT,"no seed key in training_manifest.json (keys present: ['alpha', 'batch_size', 'bc_batch_size', 'bc_beta', 'bc_learning_rate', 'bc_n_steps', 'bc_n_steps_per_epoch', 'clip_grad_norm', 'config', 'config_sha1', 'created', 'dataset', 'dataset_sha1', 'gamma', 'learning_rate', 'n_critics', 'n_quantiles', 'n_steps', 'n_steps_per_epoch', 'norm_fingerprint', 'oversample', 'qfunc', 'script_sha1', 'split_seed', 'target_update_interval', 'variant'])"
w1.0_2.0_0.5,bc,123,bc_seed123.d3,OK,"observed={'learning_rate': '0.001 (via learning_rate)', 'batch_size': '100 (via batch_size)', 'gamma': '0.99 (via gamma)'} full_flat_config={'batch_size': 100, 'gamma': 0.99, 'observation_scaler': None, 'action_scaler': None, 'reward_scaler': None, 'compile_graph': False, 'learning_rate': 0.001, 'beta': 0.5}"
w1.0_2.0_0.5,bc,2024,bc_seed2024.d3,SEED_UNVERIFIABLE_FROM_CHECKPOINT,"no seed key in training_manifest.json (keys present: ['alpha', 'batch_size', 'bc_batch_size', 'bc_beta', 'bc_learning_rate', 'bc_n_steps', 'bc_n_steps_per_epoch', 'clip_grad_norm', 'config', 'config_sha1', 'created', 'dataset', 'dataset_sha1', 'gamma', 'learning_rate', 'n_critics', 'n_quantiles', 'n_steps', 'n_steps_per_epoch', 'norm_fingerprint', 'oversample', 'qfunc', 'script_sha1', 'split_seed', 'target_update_interval', 'variant'])"
w1.0_2.0_0.5,bc,2024,bc_seed2024.d3,OK,"observed={'learning_rate': '0.001 (via learning_rate)', 'batch_size': '100 (via batch_size)', 'gamma': '0.99 (via gamma)'} full_flat_config={'batch_size': 100, 'gamma': 0.99, 'observation_scaler': None, 'action_scaler': None, 'reward_scaler': None, 'compile_graph': False, 'learning_rate': 0.001, 'beta': 0.5}"
w1.0_2.0_0.5,bc,42,bc_seed42.d3,SEED_UNVERIFIABLE_FROM_CHECKPOINT,"no seed key in training_manifest.json (keys present: ['alpha', 'batch_size', 'bc_batch_size', 'bc_beta', 'bc_learning_rate', 'bc_n_steps', 'bc_n_steps_per_epoch', 'clip_grad_norm', 'config', 'config_sha1', 'created', 'dataset', 'dataset_sha1', 'gamma', 'learning_rate', 'n_critics', 'n_quantiles', 'n_steps', 'n_steps_per_epoch', 'norm_fingerprint', 'oversample', 'qfunc', 'script_sha1', 'split_seed', 'target_update_interval', 'variant'])"
w1.0_2.0_0.5,bc,42,bc_seed42.d3,OK,"observed={'learning_rate': '0.001 (via learning_rate)', 'batch_size': '100 (via batch_size)', 'gamma': '0.99 (via gamma)'} full_flat_config={'batch_size': 100, 'gamma': 0.99, 'observation_scaler': None, 'action_scaler': None, 'reward_scaler': None, 'compile_graph': False, 'learning_rate': 0.001, 'beta': 0.5}"
w1.0_2.0_0.5,bc,,reports\paper_exp\w1.0_2.0_0.5\cql_frozen\training_manifest.json,STEPS_OK,manifest n_steps=20000
w1.0_2.0_0.5,cql,123,cql_seed123.d3,SEED_UNVERIFIABLE_FROM_CHECKPOINT,"no seed key in training_manifest.json (keys present: ['alpha', 'batch_size', 'bc_batch_size', 'bc_beta', 'bc_learning_rate', 'bc_n_steps', 'bc_n_steps_per_epoch', 'clip_grad_norm', 'config', 'config_sha1', 'created', 'dataset', 'dataset_sha1', 'gamma', 'learning_rate', 'n_critics', 'n_quantiles', 'n_steps', 'n_steps_per_epoch', 'norm_fingerprint', 'oversample', 'qfunc', 'script_sha1', 'split_seed', 'target_update_interval', 'variant'])"
w1.0_2.0_0.5,cql,123,cql_seed123.d3,OK,"observed={'alpha': '1.0 (via alpha)', 'learning_rate': '0.0003 (via learning_rate)', 'batch_size': '100 (via batch_size)', 'gamma': '0.99 (via gamma)', 'n_critics': '1 (via n_critics)', 'target_update_interval': '8000 (via target_update_interval)'} full_flat_config={'batch_size': 100, 'gamma': 0.99, 'observation_scaler': None, 'action_scaler': None, 'reward_scaler': None, 'compile_graph': False, 'learning_rate': 0.0003, 'n_critics': 1, 'target_update_interval': 8000, 'alpha': 1.0}"
w1.0_2.0_0.5,cql,2024,cql_seed2024.d3,SEED_UNVERIFIABLE_FROM_CHECKPOINT,"no seed key in training_manifest.json (keys present: ['alpha', 'batch_size', 'bc_batch_size', 'bc_beta', 'bc_learning_rate', 'bc_n_steps', 'bc_n_steps_per_epoch', 'clip_grad_norm', 'config', 'config_sha1', 'created', 'dataset', 'dataset_sha1', 'gamma', 'learning_rate', 'n_critics', 'n_quantiles', 'n_steps', 'n_steps_per_epoch', 'norm_fingerprint', 'oversample', 'qfunc', 'script_sha1', 'split_seed', 'target_update_interval', 'variant'])"
w1.0_2.0_0.5,cql,2024,cql_seed2024.d3,OK,"observed={'alpha': '1.0 (via alpha)', 'learning_rate': '0.0003 (via learning_rate)', 'batch_size': '100 (via batch_size)', 'gamma': '0.99 (via gamma)', 'n_critics': '1 (via n_critics)', 'target_update_interval': '8000 (via target_update_interval)'} full_flat_config={'batch_size': 100, 'gamma': 0.99, 'observation_scaler': None, 'action_scaler': None, 'reward_scaler': None, 'compile_graph': False, 'learning_rate': 0.0003, 'n_critics': 1, 'target_update_interval': 8000, 'alpha': 1.0}"
w1.0_2.0_0.5,cql,42,cql_seed42.d3,SEED_UNVERIFIABLE_FROM_CHECKPOINT,"no seed key in training_manifest.json (keys present: ['alpha', 'batch_size', 'bc_batch_size', 'bc_beta', 'bc_learning_rate', 'bc_n_steps', 'bc_n_steps_per_epoch', 'clip_grad_norm', 'config', 'config_sha1', 'created', 'dataset', 'dataset_sha1', 'gamma', 'learning_rate', 'n_critics', 'n_quantiles', 'n_steps', 'n_steps_per_epoch', 'norm_fingerprint', 'oversample', 'qfunc', 'script_sha1', 'split_seed', 'target_update_interval', 'variant'])"
w1.0_2.0_0.5,cql,42,cql_seed42.d3,OK,"observed={'alpha': '1.0 (via alpha)', 'learning_rate': '0.0003 (via learning_rate)', 'batch_size': '100 (via batch_size)', 'gamma': '0.99 (via gamma)', 'n_critics': '1 (via n_critics)', 'target_update_interval': '8000 (via target_update_interval)'} full_flat_config={'batch_size': 100, 'gamma': 0.99, 'observation_scaler': None, 'action_scaler': None, 'reward_scaler': None, 'compile_graph': False, 'learning_rate': 0.0003, 'n_critics': 1, 'target_update_interval': 8000, 'alpha': 1.0}"
w1.0_2.0_0.5,cql,,reports\paper_exp\w1.0_2.0_0.5\cql_frozen\training_manifest.json,STEPS_OK,manifest n_steps=20000
w1.0_2.0_0.5,,,reports\paper_exp\w1.0_2.0_0.5\normalization_manifest.json,HASH_OK,C:\trishna-opal\reports\paper_exp\dataset_w1.0_2.0_0.5.h5
w1.0_2.0_0.5,,,reports\paper_exp\w1.0_2.0_0.5\cql_frozen\training_manifest.json,HASH_OK,C:\trishna-opal\reports\paper_exp\dataset_w1.0_2.0_0.5.h5
w1.0_4.0_0.5,bc,123,bc_seed123.d3,SEED_UNVERIFIABLE_FROM_CHECKPOINT,"no seed key in training_manifest.json (keys present: ['alpha', 'batch_size', 'bc_batch_size', 'bc_beta', 'bc_learning_rate', 'bc_n_steps', 'bc_n_steps_per_epoch', 'clip_grad_norm', 'config', 'config_sha1', 'created', 'dataset', 'dataset_sha1', 'gamma', 'learning_rate', 'n_critics', 'n_quantiles', 'n_steps', 'n_steps_per_epoch', 'norm_fingerprint', 'oversample', 'qfunc', 'script_sha1', 'split_seed', 'target_update_interval', 'variant'])"
w1.0_4.0_0.5,bc,123,bc_seed123.d3,OK,"observed={'learning_rate': '0.001 (via learning_rate)', 'batch_size': '100 (via batch_size)', 'gamma': '0.99 (via gamma)'} full_flat_config={'batch_size': 100, 'gamma': 0.99, 'observation_scaler': None, 'action_scaler': None, 'reward_scaler': None, 'compile_graph': False, 'learning_rate': 0.001, 'beta': 0.5}"
w1.0_4.0_0.5,bc,2024,bc_seed2024.d3,SEED_UNVERIFIABLE_FROM_CHECKPOINT,"no seed key in training_manifest.json (keys present: ['alpha', 'batch_size', 'bc_batch_size', 'bc_beta', 'bc_learning_rate', 'bc_n_steps', 'bc_n_steps_per_epoch', 'clip_grad_norm', 'config', 'config_sha1', 'created', 'dataset', 'dataset_sha1', 'gamma', 'learning_rate', 'n_critics', 'n_quantiles', 'n_steps', 'n_steps_per_epoch', 'norm_fingerprint', 'oversample', 'qfunc', 'script_sha1', 'split_seed', 'target_update_interval', 'variant'])"
w1.0_4.0_0.5,bc,2024,bc_seed2024.d3,OK,"observed={'learning_rate': '0.001 (via learning_rate)', 'batch_size': '100 (via batch_size)', 'gamma': '0.99 (via gamma)'} full_flat_config={'batch_size': 100, 'gamma': 0.99, 'observation_scaler': None, 'action_scaler': None, 'reward_scaler': None, 'compile_graph': False, 'learning_rate': 0.001, 'beta': 0.5}"
w1.0_4.0_0.5,bc,42,bc_seed42.d3,SEED_UNVERIFIABLE_FROM_CHECKPOINT,"no seed key in training_manifest.json (keys present: ['alpha', 'batch_size', 'bc_batch_size', 'bc_beta', 'bc_learning_rate', 'bc_n_steps', 'bc_n_steps_per_epoch', 'clip_grad_norm', 'config', 'config_sha1', 'created', 'dataset', 'dataset_sha1', 'gamma', 'learning_rate', 'n_critics', 'n_quantiles', 'n_steps', 'n_steps_per_epoch', 'norm_fingerprint', 'oversample', 'qfunc', 'script_sha1', 'split_seed', 'target_update_interval', 'variant'])"
w1.0_4.0_0.5,bc,42,bc_seed42.d3,OK,"observed={'learning_rate': '0.001 (via learning_rate)', 'batch_size': '100 (via batch_size)', 'gamma': '0.99 (via gamma)'} full_flat_config={'batch_size': 100, 'gamma': 0.99, 'observation_scaler': None, 'action_scaler': None, 'reward_scaler': None, 'compile_graph': False, 'learning_rate': 0.001, 'beta': 0.5}"
w1.0_4.0_0.5,bc,,reports\paper_exp\w1.0_4.0_0.5\cql_frozen\training_manifest.json,STEPS_OK,manifest n_steps=20000
w1.0_4.0_0.5,cql,123,cql_seed123.d3,SEED_UNVERIFIABLE_FROM_CHECKPOINT,"no seed key in training_manifest.json (keys present: ['alpha', 'batch_size', 'bc_batch_size', 'bc_beta', 'bc_learning_rate', 'bc_n_steps', 'bc_n_steps_per_epoch', 'clip_grad_norm', 'config', 'config_sha1', 'created', 'dataset', 'dataset_sha1', 'gamma', 'learning_rate', 'n_critics', 'n_quantiles', 'n_steps', 'n_steps_per_epoch', 'norm_fingerprint', 'oversample', 'qfunc', 'script_sha1', 'split_seed', 'target_update_interval', 'variant'])"
w1.0_4.0_0.5,cql,123,cql_seed123.d3,OK,"observed={'alpha': '1.0 (via alpha)', 'learning_rate': '0.0003 (via learning_rate)', 'batch_size': '100 (via batch_size)', 'gamma': '0.99 (via gamma)', 'n_critics': '1 (via n_critics)', 'target_update_interval': '8000 (via target_update_interval)'} full_flat_config={'batch_size': 100, 'gamma': 0.99, 'observation_scaler': None, 'action_scaler': None, 'reward_scaler': None, 'compile_graph': False, 'learning_rate': 0.0003, 'n_critics': 1, 'target_update_interval': 8000, 'alpha': 1.0}"
w1.0_4.0_0.5,cql,2024,cql_seed2024.d3,SEED_UNVERIFIABLE_FROM_CHECKPOINT,"no seed key in training_manifest.json (keys present: ['alpha', 'batch_size', 'bc_batch_size', 'bc_beta', 'bc_learning_rate', 'bc_n_steps', 'bc_n_steps_per_epoch', 'clip_grad_norm', 'config', 'config_sha1', 'created', 'dataset', 'dataset_sha1', 'gamma', 'learning_rate', 'n_critics', 'n_quantiles', 'n_steps', 'n_steps_per_epoch', 'norm_fingerprint', 'oversample', 'qfunc', 'script_sha1', 'split_seed', 'target_update_interval', 'variant'])"
w1.0_4.0_0.5,cql,2024,cql_seed2024.d3,OK,"observed={'alpha': '1.0 (via alpha)', 'learning_rate': '0.0003 (via learning_rate)', 'batch_size': '100 (via batch_size)', 'gamma': '0.99 (via gamma)', 'n_critics': '1 (via n_critics)', 'target_update_interval': '8000 (via target_update_interval)'} full_flat_config={'batch_size': 100, 'gamma': 0.99, 'observation_scaler': None, 'action_scaler': None, 'reward_scaler': None, 'compile_graph': False, 'learning_rate': 0.0003, 'n_critics': 1, 'target_update_interval': 8000, 'alpha': 1.0}"
w1.0_4.0_0.5,cql,42,cql_seed42.d3,SEED_UNVERIFIABLE_FROM_CHECKPOINT,"no seed key in training_manifest.json (keys present: ['alpha', 'batch_size', 'bc_batch_size', 'bc_beta', 'bc_learning_rate', 'bc_n_steps', 'bc_n_steps_per_epoch', 'clip_grad_norm', 'config', 'config_sha1', 'created', 'dataset', 'dataset_sha1', 'gamma', 'learning_rate', 'n_critics', 'n_quantiles', 'n_steps', 'n_steps_per_epoch', 'norm_fingerprint', 'oversample', 'qfunc', 'script_sha1', 'split_seed', 'target_update_interval', 'variant'])"
w1.0_4.0_0.5,cql,42,cql_seed42.d3,OK,"observed={'alpha': '1.0 (via alpha)', 'learning_rate': '0.0003 (via learning_rate)', 'batch_size': '100 (via batch_size)', 'gamma': '0.99 (via gamma)', 'n_critics': '1 (via n_critics)', 'target_update_interval': '8000 (via target_update_interval)'} full_flat_config={'batch_size': 100, 'gamma': 0.99, 'observation_scaler': None, 'action_scaler': None, 'reward_scaler': None, 'compile_graph': False, 'learning_rate': 0.0003, 'n_critics': 1, 'target_update_interval': 8000, 'alpha': 1.0}"
w1.0_4.0_0.5,cql,,reports\paper_exp\w1.0_4.0_0.5\cql_frozen\training_manifest.json,STEPS_OK,manifest n_steps=20000
w1.0_4.0_0.5,,,reports\paper_exp\w1.0_4.0_0.5\normalization_manifest.json,HASH_OK,C:\trishna-opal\reports\paper_exp\dataset_w1.0_4.0_0.5.h5
w1.0_4.0_0.5,,,reports\paper_exp\w1.0_4.0_0.5\cql_frozen\training_manifest.json,HASH_OK,C:\trishna-opal\reports\paper_exp\dataset_w1.0_4.0_0.5.h5
