well_id,date,lat,lon,actual,pred_v1,pred_v2,kriging
W_17.0417_80.65,2016-11-04,17.04167,80.65,3.4,4.574986413796462,4.692054726428176,4.226095676422119
W_17.0417_80.65,2018-11-18,17.04167,80.65,4.7,7.2358539010140035,5.901987321372636,3.234066963195801
W_17.0417_80.65,2018-11-25,17.04167,80.65,4.8,7.2358539010140035,5.901987321372636,3.234066963195801
W_17.0417_80.65,2018-12-04,17.04167,80.65,4.9,3.3409785722640093,4.30057228684416,3.234066963195801
W_17.0417_80.65,2018-12-11,17.04167,80.65,5.1,3.3409785722640093,4.30057228684416,3.234066963195801
W_17.0417_80.65,2018-12-18,17.04167,80.65,5.3,4.451900537378801,3.756183162940727,7.569740772247314
W_17.0417_80.65,2018-12-25,17.04167,80.65,5.5,4.451900537378802,3.756183162940727,7.569740772247314
W_17.0417_80.65,2019-01-04,17.04167,80.65,5.32,5.518469842142233,5.071886486213465,7.569740772247314
W_17.0417_80.65,2019-05-04,17.04167,80.65,8.39,9.846897162505593,9.051288390687851,11.898297309875488
W_17.0417_80.65,2019-10-31,17.04167,80.65,3.58,4.9207427279216915,5.309567261096485,4.275356769561768
W_17.0417_80.65,2020-01-09,17.04167,80.65,6.26,4.80740869312376,4.905862770637689,5.4661478996276855
W_17.0417_80.65,2020-11-29,17.04167,80.65,5.5,3.8264843034648055,3.54035313811708,3.6753361225128174
W_17.0417_80.65,2021-01-09,17.04167,80.65,4.53,3.9380549424954543,4.678700227641806,4.016212463378906
W_16.9014_80.0958,2016-11-04,16.90139,80.09583,10.5,4.467308147940564,4.40846321419237,3.594161033630371
W_16.9014_80.0958,2017-01-04,16.90139,80.09583,11.43,5.333902174516328,4.791675497029391,5.590134620666504
W_16.9014_80.0958,2018-11-04,16.90139,80.09583,11.23,7.957291520104703,6.92620356230705,7.962258815765381
W_16.9014_80.0958,2019-01-04,16.90139,80.09583,13.57,5.050605050075433,5.714711653963951,3.902565717697144
W_16.9014_80.0958,2019-05-04,16.90139,80.09583,15.52,8.110158456919692,8.504612142790503,9.191187858581545
W_16.9014_80.0958,2019-10-31,16.90139,80.09583,8.63,4.7646333998542065,4.520936934881991,4.275356769561768
W_16.9014_80.0958,2020-01-09,16.90139,80.09583,11.7,6.076197755650167,4.7307489758637695,7.21063232421875
W_16.9014_80.0958,2020-11-29,16.90139,80.09583,8.9,3.994553125809154,3.373830901483456,2.477654457092285
W_16.9014_80.0958,2021-01-09,16.90139,80.09583,10.88,3.1037663701215163,3.408177117672188,2.997556447982788
W_16.5569_80.8461,2016-11-04,16.55694,80.84611,6.42,5.080017976624324,4.867352452282164,4.8789381980896
W_16.7889_80.7242,2016-11-04,16.78889,80.72417,7.7,6.015725183960593,5.489384076354986,5.392053127288818
W_16.8647_80.09,2018-11-04,16.86472,80.09,8.88,7.958878158243497,7.070202708845998,7.962258815765381
W_16.8647_80.09,2019-01-04,16.86472,80.09,9.73,5.81155235552556,6.183869809447941,4.607922077178955
W_16.8647_80.09,2019-10-31,16.86472,80.09,8.83,5.231819396766406,4.481949743235161,4.275356769561768
W_16.8647_80.09,2020-01-09,16.86472,80.09,8.78,6.62339829429432,4.752003624951728,7.927199840545654
W_16.8647_80.09,2021-01-09,16.86472,80.09,9.73,3.506903049588866,3.4183548944738824,3.02602219581604
W_17.1083_80.6083,2015-11-04,17.10833,80.60833,5.37,4.621991881563229,4.741097066721292,4.181875228881836
W_17.1083_80.6083,2016-11-04,17.10833,80.60833,4.7,4.379522298738451,4.412024477789292,3.7275450229644775
W_17.1083_80.6083,2017-01-04,17.10833,80.60833,6.88,5.290159164252278,5.016447693417911,4.915657043457031
W_17.1083_80.6083,2018-11-04,17.10833,80.60833,3.45,7.874499746356279,5.2798279361579326,7.962258815765381
W_17.1083_80.6083,2018-11-18,17.10833,80.60833,3.9,6.192897482011944,5.176916803808437,2.849252462387085
W_17.1083_80.6083,2018-11-25,17.10833,80.60833,4.15,6.192897482011944,5.176916803808437,2.849252462387085
W_17.1083_80.6083,2018-12-04,17.10833,80.60833,4.4,3.46838515744547,4.048018408429336,2.849252462387085
W_17.1083_80.6083,2018-12-11,17.10833,80.60833,4.45,3.46838515744547,4.048018408429336,2.849252462387085
W_17.1083_80.6083,2018-12-18,17.10833,80.60833,4.5,4.611241855713293,3.5402658650178465,5.386350631713867
W_17.1083_80.6083,2018-12-25,17.10833,80.60833,4.75,4.611241855713293,3.5402658650178465,5.386350631713867
W_17.1083_80.6083,2019-01-04,17.10833,80.60833,4.71,5.038028953551144,4.727070920228224,5.386350631713867
W_17.1083_80.6083,2019-05-04,17.10833,80.60833,8.93,8.453934974545495,8.5653400729326,7.405840873718262
W_17.1083_80.6083,2019-10-31,17.10833,80.60833,3.02,4.556989850558559,4.331105007139169,4.275356769561768
W_17.1083_80.6083,2020-01-09,17.10833,80.60833,4.6,5.0511754015380745,4.807991080411847,5.534242153167725
W_17.1083_80.6083,2020-11-29,17.10833,80.60833,1.95,4.274052706812719,3.544392064658681,3.03287935256958
W_17.1083_80.6083,2021-01-09,17.10833,80.60833,1.0,3.7332440795276565,3.920184952265788,3.679765462875366
W_17.02_80.555,2016-11-04,17.02,80.555,0.85,4.378103825077958,4.679995964932578,3.393601655960083
W_17.02_80.555,2019-01-04,17.02,80.555,0.43,5.309967469402221,4.77008647808563,6.327483654022217
W_17.02_80.555,2019-05-04,17.02,80.555,6.1,8.65222377346535,8.627418312034104,8.613590240478516
W_17.02_80.555,2019-10-31,17.02,80.555,0.15,4.603948781509864,4.460229703324997,4.275356769561768
W_17.02_80.555,2020-01-09,17.02,80.555,0.89,4.6407342993118865,4.807991080411847,4.787564754486084
W_17.02_80.555,2020-11-29,17.02,80.555,0.05,3.9599567926883568,3.611833908536708,2.7548699378967285
W_17.02_80.555,2021-01-09,17.02,80.555,0.63,3.346354849977357,3.965146308522094,3.632225275039673
W_15.7147_80.2372,2016-08-24,15.71472,80.23722,4.45,4.578308338595991,3.7244378841651735,5.274442195892334
W_15.7147_80.2372,2016-11-04,15.71472,80.23722,4.48,4.225331629890589,4.527020417468575,4.411072254180908
W_16.0333_79.4417,2016-11-04,16.03333,79.44167,4.1,6.09478381781926,5.884967353896164,6.270663261413574
W_16.0333_79.4417,2019-01-04,16.03333,79.44167,4.17,6.135990115521744,6.473319334938704,6.124648094177246
W_16.0333_79.4417,2019-05-04,16.03333,79.44167,5.98,9.359526432479703,8.819726454165645,8.62566089630127
W_16.0333_79.4417,2019-10-31,16.03333,79.44167,2.15,4.467338857992154,4.850963273615643,4.275356769561768
W_16.0333_79.4417,2020-01-09,16.03333,79.44167,3.2,4.764887651395094,5.0024787216570585,5.141252040863037
W_16.0333_79.4417,2020-11-29,16.03333,79.44167,3.03,3.901616577785266,3.985106495664022,3.740539789199829
W_16.0333_79.4417,2021-01-09,16.03333,79.44167,3.4,4.177585284409895,4.594353339395129,4.228348731994629
W_15.6694_80.1708,2016-08-24,15.66944,80.17083,2.83,4.985104629804504,4.053859084668433,6.025725364685059
W_15.6694_80.1708,2016-11-04,15.66944,80.17083,2.61,5.2156699755029745,4.673780269473263,5.018957614898682
W_15.6694_80.1708,2019-01-04,15.66944,80.17083,2.38,5.25535933709736,4.5449071899488365,7.138299465179443
W_15.6694_80.1708,2019-05-04,15.66944,80.17083,3.33,9.080634615749386,8.034921832714385,10.487133979797363
W_15.6694_80.1708,2019-08-19,15.66944,80.17083,1.96,5.164003117382414,5.397176172735151,6.003770351409912
W_15.6694_80.1708,2019-10-31,15.66944,80.17083,0.32,5.1351125798424055,4.613936582407512,4.275356769561768
W_15.6694_80.1708,2020-01-09,15.66944,80.17083,0.65,5.2693003463423675,5.137029781574073,5.9014997482299805
W_15.6694_80.1708,2020-11-29,15.66944,80.17083,0.31,3.077032897855419,3.2100860386186816,4.223951816558838
W_15.6694_80.1708,2021-01-09,15.66944,80.17083,0.32,4.0160686228136715,3.879543683246277,4.221818923950195
W_15.8017_79.6783,2016-11-04,15.80167,79.67833,5.3,5.069623338569649,5.6056282444761285,5.291136741638184
W_15.8017_79.6783,2019-01-04,15.80167,79.67833,5.34,4.699775508139223,4.672833041548027,4.213140964508057
W_15.8017_79.6783,2019-05-04,15.80167,79.67833,5.27,8.245789016093449,8.70551796966608,7.143577575683594
W_15.8017_79.6783,2019-10-31,15.80167,79.67833,5.19,4.085812413429388,4.716741732798356,4.275356769561768
W_15.8017_79.6783,2020-01-09,15.80167,79.67833,3.87,5.065642228754816,5.111377480165524,4.2864990234375
W_15.8017_79.6783,2020-11-29,15.80167,79.67833,3.9,4.171973208642628,3.8586233949581006,3.180450916290283
W_15.8017_79.6783,2021-01-09,15.80167,79.67833,3.39,3.3952426305806407,4.133493435379405,3.3408448696136475
W_15.8222_79.975,2016-11-04,15.82222,79.975,1.66,5.45825133144711,5.006292968462811,5.6607208251953125
W_15.8222_79.975,2019-01-04,15.82222,79.975,10.8,5.195824764499979,4.616680979363661,5.622318267822266
W_15.8222_79.975,2019-05-04,15.82222,79.975,13.8,7.578937466933699,7.997882876432171,6.87500524520874
W_15.8222_79.975,2019-10-31,15.82222,79.975,9.76,4.039737992621636,4.475139717046335,4.275356769561768
W_15.8222_79.975,2020-01-09,15.82222,79.975,10.4,6.421504013308065,5.129244838528306,7.384714126586914
W_15.8222_79.975,2020-11-29,15.82222,79.975,7.09,4.050955387351533,3.3562968053637325,3.971633911132813
W_15.8222_79.975,2021-01-09,15.82222,79.975,5.4,3.836778660689923,4.671356326859295,3.407208204269409
W_15.9389_79.9589,2019-01-04,15.93889,79.95889,2.04,3.9646687777499534,4.361833939582874,3.828848361968994
W_15.9389_79.9589,2019-05-04,15.93889,79.95889,4.23,8.270726711212005,8.043452025699425,8.817054748535156
W_15.9389_79.9589,2019-10-31,15.93889,79.95889,1.2,4.071933422204899,4.365803721590219,4.275356769561768
W_15.9389_79.9589,2020-01-09,15.93889,79.95889,1.11,5.842239734881576,5.110386592209362,5.372737884521484
W_15.9389_79.9589,2020-11-29,15.93889,79.95889,1.52,4.085142551678749,3.513362410232149,3.277660846710205
W_15.9389_79.9589,2021-01-09,15.93889,79.95889,1.4,3.2901160792338633,3.987776319899228,3.059433460235596
W_15.7972_80.4108,2016-11-04,15.79722,80.41083,2.1,5.105986733167061,5.24188935465208,5.122968673706055
W_15.7972_80.4108,2019-01-04,15.79722,80.41083,2.8,5.12691066497196,4.712194644126582,4.678185939788818
W_15.7972_80.4108,2019-05-04,15.79722,80.41083,3.22,10.55426069173184,8.694640960139415,10.567611694335938
W_15.7972_80.4108,2019-08-19,15.79722,80.41083,2.51,6.424317854617726,5.599609972580997,6.066368103027344
W_15.7972_80.4108,2019-10-31,15.79722,80.41083,1.67,5.484820590763022,5.994181713843252,4.275356769561768
W_15.7972_80.4108,2020-01-09,15.79722,80.41083,2.12,5.342657753145883,5.392286360115456,5.002880573272705
W_15.7972_80.4108,2020-11-29,15.79722,80.41083,2.4,5.921901547869569,5.346051348615072,3.3494887351989746
W_15.7972_80.4108,2021-01-09,15.79722,80.41083,2.16,4.235733958612207,4.218916043129052,4.1480889320373535
W_16.4361_79.7889,2016-11-04,16.43611,79.78889,0.9,4.794733754267993,5.1802606570044105,3.969048261642456
W_16.4361_79.7889,2017-01-04,16.43611,79.78889,1.17,5.57047679968526,4.9403739876534845,5.489218235015869
W_16.4361_79.7889,2018-11-04,16.43611,79.78889,5.58,7.950577760446809,7.329946931759294,7.962258815765381
W_16.4361_79.7889,2019-05-04,16.43611,79.78889,8.02,9.34109301872608,8.595409013792557,7.986537456512451
W_16.4361_79.7889,2019-10-31,16.43611,79.78889,2.0,4.219759340910781,4.396190589219395,4.275356769561768
W_16.4361_79.7889,2020-01-09,16.43611,79.78889,2.7,3.6106849472346783,5.08982589504179,2.843797206878662
W_16.4361_79.7889,2020-11-29,16.43611,79.78889,0.6,3.9217234686755704,3.87560919380041,3.351253032684326
W_16.4361_79.7889,2021-01-09,16.43611,79.78889,1.3,3.834886234884993,4.167668324789773,3.461743831634521
W_16.4356_80.5903,2016-11-04,16.43556,80.59028,8.8,6.558384631096845,5.999406368256597,6.06500768661499
W_16.4356_80.5903,2019-01-04,16.43556,80.59028,22.4,5.876951982647719,5.54236301135857,7.752002716064453
W_16.47_80.1383,2016-11-04,16.47,80.13833,4.8,4.169645814953839,4.893031815286873,3.944259643554688
W_16.47_80.1383,2017-01-04,16.47,80.13833,7.52,5.455310301204102,4.789473188896006,5.480133533477783
W_16.47_80.1383,2019-01-04,16.47,80.13833,6.59,4.352542066311025,4.612862828319148,3.864235162734986
W_16.47_80.1383,2019-05-04,16.47,80.13833,8.8,7.747330400422685,8.056691518425882,7.892505645751953
W_16.47_80.1383,2019-10-31,16.47,80.13833,4.85,3.723034205776646,4.58697837971353,4.275356769561768
W_16.47_80.1383,2020-01-09,16.47,80.13833,5.15,3.218916414593703,4.84369180108906,3.0091652870178223
W_16.47_80.1383,2020-11-29,16.47,80.13833,2.45,4.192237404197016,3.705204564152892,2.1526007652282715
W_16.47_80.1383,2021-01-09,16.47,80.13833,3.42,2.469691571465532,3.218765551155625,2.3412981033325195
W_16.5517_79.5494,2016-11-04,16.55167,79.54944,0.35,8.108160578996742,7.415825715863245,6.5340352058410645
W_16.5517_79.5494,2018-11-04,16.55167,79.54944,0.83,7.917538951679091,6.83380544573556,7.962258815765381
W_16.5517_79.5494,2018-11-11,16.55167,79.54944,1.6,7.917538951679091,6.83380544573556,7.962258815765381
W_16.5517_79.5494,2018-11-18,16.55167,79.54944,1.55,7.016102485813111,6.392882249536931,4.538336277008057
W_16.5517_79.5494,2018-11-25,16.55167,79.54944,1.6,7.016102485813111,6.392882249536931,4.538336277008057
W_16.5517_79.5494,2018-12-11,16.55167,79.54944,1.5,4.407548976070794,4.494854817373621,4.538336277008057
W_16.5517_79.5494,2018-12-18,16.55167,79.54944,1.2,4.554257673056691,4.1218629114483445,8.51134204864502
W_16.5517_79.5494,2018-12-25,16.55167,79.54944,1.0,4.554257673056691,4.1218629114483445,8.51134204864502
W_16.5517_79.5494,2019-01-04,16.55167,79.54944,0.76,6.62508185078225,6.34999512736817,8.51134204864502
W_16.5517_79.5494,2019-05-04,16.55167,79.54944,1.23,10.329993114871618,9.101734844497336,10.571836471557615
W_16.5517_79.5494,2019-10-31,16.55167,79.54944,0.92,4.860928626059245,5.13824446815104,4.275356769561768
W_16.5517_79.5494,2020-01-09,16.55167,79.54944,0.9,5.055579998677246,4.9157609765466415,5.665775299072266
W_16.5517_79.5494,2020-11-29,16.55167,79.54944,0.95,4.023583839806228,3.720777282499056,4.476887226104736
W_16.5517_79.5494,2021-01-09,16.55167,79.54944,1.03,5.136350751663988,5.280580223790117,4.796595096588135
W_16.4278_79.8361,2016-11-04,16.42778,79.83611,3.2,4.794733754267994,5.1802606570044105,3.969048261642456
W_16.4278_79.8361,2017-01-04,16.42778,79.83611,3.75,5.57047679968526,4.9403739876534845,5.489218235015869
W_16.4278_79.8361,2018-11-04,16.42778,79.83611,4.5,7.950577760446809,7.329946931759294,7.962258815765381
W_16.4278_79.8361,2019-01-04,16.42778,79.83611,3.43,5.252747458701151,5.596581795883734,5.209277629852295
W_16.4278_79.8361,2019-05-04,16.42778,79.83611,4.72,9.34109301872608,8.595409013792557,7.986537456512451
W_16.4278_79.8361,2019-10-31,16.42778,79.83611,3.51,4.219759340910781,4.396190589219395,4.275356769561768
W_16.4278_79.8361,2020-01-09,16.42778,79.83611,3.3,3.6106849472346783,5.08982589504179,2.843797206878662
W_16.4278_79.8361,2020-11-29,16.42778,79.83611,2.6,3.92172346867557,3.87560919380041,3.351253032684326
W_16.4278_79.8361,2021-01-09,16.42778,79.83611,3.13,3.834886234884993,4.167668324789773,3.461743831634521
W_16.4597_79.9194,2016-11-04,16.45972,79.91944,1.36,5.289408389847841,5.359412743550701,4.124519348144531
W_16.4597_79.9194,2019-01-04,16.45972,79.91944,2.57,5.340291371155978,5.082585403203372,5.284285068511963
W_16.4597_79.9194,2019-05-04,16.45972,79.91944,7.6,9.523273478351623,8.783289134589154,9.921765327453612
W_16.4597_79.9194,2019-10-31,16.45972,79.91944,7.66,5.295504170743442,5.976037740068095,4.275356769561768
W_16.4597_79.9194,2020-11-29,16.45972,79.91944,2.58,4.1197115386639425,3.888414182711764,3.009174346923828
W_16.4597_79.9194,2021-01-09,16.45972,79.91944,0.52,3.197084911882176,4.109530311385848,3.036752700805664
W_16.5583_79.3333,2017-01-04,16.55833,79.33333,4.56,7.944492399534464,7.285089757979279,8.352855682373047
W_16.5583_79.3333,2018-11-04,16.55833,79.33333,5.3,7.943753550744154,7.23742367739669,7.962258815765381
W_16.5583_79.3333,2019-01-04,16.55833,79.33333,5.53,7.029353019459248,7.523343948307099,6.8938164710998535
W_16.5583_79.3333,2019-05-04,16.55833,79.33333,5.11,10.18102526227424,9.907806399980169,10.555355072021484
W_16.5583_79.3333,2020-01-09,16.55833,79.33333,3.95,6.319891750343489,5.089147560097614,7.280585765838623
W_16.5583_79.3333,2020-11-29,16.55833,79.33333,1.91,4.050980285814129,3.9394241632164846,4.855164051055908
W_16.3056_80.3739,2016-11-04,16.30556,80.37389,5.21,4.210712354467883,4.902922960775738,4.020803928375244
W_16.3056_80.3739,2017-01-04,16.30556,80.37389,4.69,5.2814346840145205,4.875437712669064,4.402258396148682
W_16.3056_80.3739,2018-11-18,16.30556,80.37389,5.86,7.9422434205636785,7.127120894023206,2.8051645755767822
W_16.3056_80.3739,2018-11-25,16.30556,80.37389,5.91,7.9422434205636785,7.127120894023206,2.8051645755767822
W_16.3056_80.3739,2018-12-04,16.30556,80.37389,5.5,2.774734121463663,3.701649334221624,2.8051645755767822
W_16.3056_80.3739,2018-12-11,16.30556,80.37389,5.06,2.774734121463663,3.701649334221624,2.8051645755767822
W_16.3056_80.3739,2018-12-18,16.30556,80.37389,4.14,4.082809506257232,3.5649928243082947,4.647178649902344
W_16.3056_80.3739,2018-12-25,16.30556,80.37389,4.26,4.082809506257232,3.5649928243082947,4.647178649902344
W_16.3056_80.3739,2019-01-04,16.30556,80.37389,4.64,4.53087473362539,4.432529045181025,4.647178649902344
W_16.3056_80.3739,2019-05-04,16.30556,80.37389,7.51,8.29662779255013,8.077583110269781,5.558228015899658
W_16.3056_80.3739,2019-10-31,16.30556,80.37389,3.44,2.7153588751547817,4.469125252669967,4.275356769561768
W_16.3056_80.3739,2020-01-09,16.30556,80.37389,2.7,3.423007331893479,4.766889236871604,2.476372003555298
W_16.3056_80.3739,2020-11-29,16.30556,80.37389,2.06,4.305387310023699,3.597848701230126,1.7064627408981323
W_16.3056_80.3739,2021-01-09,16.30556,80.37389,2.41,2.3378339677469704,2.7592764535987664,2.213935613632202
W_16.0853_80.1517,2016-08-24,16.08528,80.15167,2.0,3.1660395712776674,3.484790977669329,5.860130310058594
W_16.0853_80.1517,2016-11-04,16.08528,80.15167,1.7,4.633977990598916,4.655306012987444,3.686555147171021
W_16.0853_80.1517,2019-01-04,16.08528,80.15167,3.52,4.065623598911738,4.131251630416163,3.9615206718444815
W_16.0853_80.1517,2019-05-04,16.08528,80.15167,4.0,8.060262294433942,8.004189845740868,8.079612731933594
W_16.0853_80.1517,2019-08-19,16.08528,80.15167,3.68,4.793295150586452,5.297332854424278,4.306209087371826
W_16.0853_80.1517,2019-10-31,16.08528,80.15167,1.97,3.594177878041921,4.428528371859712,4.275356769561768
W_16.0853_80.1517,2020-01-09,16.08528,80.15167,1.98,3.1777495084105425,4.814653399955414,3.208317756652832
W_16.0853_80.1517,2020-11-29,16.08528,80.15167,3.4,4.040890556145808,3.395180754228422,2.373198747634888
W_16.0853_80.1517,2021-01-09,16.08528,80.15167,1.61,2.874370121030831,3.336515962829345,2.9365031719207764
W_16.0569_80.6975,2016-11-04,16.05694,80.6975,1.88,2.7640569107161133,3.545462554971788,2.065220832824707
W_16.0569_80.6975,2019-01-04,16.05694,80.6975,2.2,3.1776292728560684,4.096431301714141,2.451002359390259
W_16.0569_80.6975,2019-05-04,16.05694,80.6975,3.09,6.321043978599358,7.859116407492888,4.8105244636535645
W_16.0569_80.6975,2019-08-19,16.05694,80.6975,2.45,4.182613609195263,4.728858744995275,1.9553309679031368
W_16.0569_80.6975,2019-10-31,16.05694,80.6975,0.82,1.8825119754170347,3.748195736988311,4.275356769561768
W_16.0569_80.6975,2020-01-09,16.05694,80.6975,1.86,2.547640844286937,4.776018680445733,2.0388166904449463
W_16.0569_80.6975,2020-11-29,16.05694,80.6975,1.08,2.964680778856724,2.852149754047212,1.8534845113754272
W_16.0569_80.6975,2021-01-09,16.05694,80.6975,1.79,2.8794892133995433,2.8602726063083224,2.893813371658325
W_16.0533_79.7483,2016-11-04,16.05333,79.74833,6.04,5.4920894838865,5.306778570574063,3.771762132644653
W_16.0533_79.7483,2019-01-04,16.05333,79.74833,9.93,3.8241924305509496,4.403893497390104,3.068962335586548
W_16.0533_79.7483,2019-05-04,16.05333,79.74833,11.59,7.759517333280063,8.030527423180267,7.28766918182373
W_16.0533_79.7483,2019-10-31,16.05333,79.74833,7.34,4.142161489275086,4.511031586122452,4.275356769561768
W_16.0533_79.7483,2020-01-09,16.05333,79.74833,6.68,3.6223188350957467,4.817567542961541,3.1188364028930664
W_16.0533_79.7483,2020-11-29,16.05333,79.74833,4.11,3.894683796988265,3.72767714882894,2.5751302242279053
W_16.0533_79.7483,2021-01-09,16.05333,79.74833,3.36,3.0697260153352457,3.550577942869048,2.913981676101685
W_16.5661_80.4128,2016-11-04,16.56611,80.41278,1.65,3.8306410857573487,4.411551025535353,3.251667022705078
W_16.5661_80.4128,2018-11-18,16.56611,80.41278,2.2,6.326760664674439,4.824614799711669,3.894726514816284
W_16.5661_80.4128,2018-11-25,16.56611,80.41278,2.35,6.326760664674439,4.824614799711669,3.894726514816284
W_16.5661_80.4128,2018-12-04,16.56611,80.41278,2.47,4.192497201965245,4.092199967432924,3.894726514816284
W_16.5661_80.4128,2018-12-11,16.56611,80.41278,2.6,4.192497201965245,4.092199967432924,3.894726514816284
W_16.5661_80.4128,2018-12-18,16.56611,80.41278,1.86,4.5654466657750605,3.6293452619770905,4.327251434326172
W_16.5661_80.4128,2018-12-25,16.56611,80.41278,1.89,4.5654466657750605,3.6293452619770905,4.327251434326172
W_16.5661_80.4128,2019-01-04,16.56611,80.41278,2.01,5.329914474590681,5.589166976908556,4.327251434326172
W_16.5661_80.4128,2019-05-04,16.56611,80.41278,4.32,7.838402932751424,9.21024042151844,4.741178035736084
W_16.5661_80.4128,2019-10-31,16.56611,80.41278,0.45,5.345419233312836,4.540981311672953,4.275356769561768
W_16.5661_80.4128,2020-01-09,16.56611,80.41278,1.29,4.266769665420867,4.7794287267037525,3.2223289012908936
W_16.5661_80.4128,2020-11-29,16.56611,80.41278,0.47,4.024232703525143,3.282843029822375,2.147775173187256
W_16.5661_80.4128,2021-01-09,16.56611,80.41278,1.26,2.5323840303552636,3.1679576391979847,2.3565685749053955
W_16.2264_80.5142,2016-11-04,16.22639,80.51417,11.26,2.962815265990696,3.938893747686847,2.4384593963623047
W_16.2264_80.5142,2019-01-04,16.22639,80.51417,5.25,4.159227139252514,4.811121914310112,3.743690490722656
W_16.2264_80.5142,2019-05-04,16.22639,80.51417,7.11,7.065543537513946,7.938373090487961,5.56290864944458
W_16.2264_80.5142,2019-08-19,16.22639,80.51417,5.15,4.1825908504637175,4.7697977941931455,3.293832302093506
W_16.2264_80.5142,2019-10-31,16.22639,80.51417,2.63,2.173037722720708,3.98426608494393,4.275356769561768
W_16.2264_80.5142,2020-01-09,16.22639,80.51417,3.11,3.1854570190124747,4.943040731485154,2.8366506099700928
W_16.2264_80.5142,2020-11-29,16.22639,80.51417,2.11,3.900145014364444,2.9708566688416167,1.5531212091445925
W_16.2264_80.5142,2021-01-09,16.22639,80.51417,2.41,2.5130444955459073,2.6695953727412243,2.357709646224976
W_16.4064_80.1481,2016-11-04,16.40639,80.14806,2.03,4.169645814953839,4.893031815286873,3.944259643554688
W_16.4064_80.1481,2017-01-04,16.40639,80.14806,7.65,5.455310301204101,4.789473188896006,5.480133533477783
W_16.4064_80.1481,2019-01-04,16.40639,80.14806,3.22,4.352542066311024,4.612862828319148,3.864235162734986
W_16.4064_80.1481,2019-05-04,16.40639,80.14806,3.79,7.747330400422685,8.056691518425882,7.892505645751953
W_16.4064_80.1481,2019-10-31,16.40639,80.14806,1.46,3.723034205776647,4.58697837971353,4.275356769561768
W_16.4064_80.1481,2020-01-09,16.40639,80.14806,2.34,3.2189164145937035,4.84369180108906,3.0091652870178223
W_16.4064_80.1481,2020-11-29,16.40639,80.14806,1.13,4.192237404197016,3.705204564152892,2.1526007652282715
W_16.4064_80.1481,2021-01-09,16.40639,80.14806,1.7,2.4696915714655314,3.218765551155625,2.3412981033325195
W_16.26_80.4744,2016-11-04,16.26,80.47444,4.6,3.8636386305523387,4.37275034061763,3.732157707214356
W_16.26_80.4744,2019-01-04,16.26,80.47444,3.68,4.548258745499864,4.414906390683333,4.5330491065979
W_16.26_80.4744,2019-05-04,16.26,80.47444,4.9,7.687670216485012,7.994893086423513,6.419693470001221
W_16.26_80.4744,2019-08-19,16.26,80.47444,4.26,4.263664847578031,4.881486685829845,4.151352405548096
W_16.26_80.4744,2019-10-31,16.26,80.47444,3.97,3.480775018753937,4.136887967573097,4.275356769561768
W_16.26_80.4744,2020-01-09,16.26,80.47444,3.85,3.010337817194646,4.839208665413499,3.2309775352478027
W_16.26_80.4744,2020-11-29,16.26,80.47444,4.0,3.9191245149055156,3.2647166391515365,1.5186411142349243
W_16.26_80.4744,2021-01-09,16.26,80.47444,3.75,2.4350080398897678,2.719624723789506,2.3215034008026123
W_16.2953_80.0219,2016-11-04,16.29528,80.02194,3.7,5.604390571595274,5.117960454265524,4.060088157653809
W_16.2953_80.0219,2017-01-04,16.29528,80.02194,3.92,5.648068630912883,4.852988818880603,4.494028091430664
W_16.2953_80.0219,2018-11-04,16.29528,80.02194,3.35,7.95493357961859,6.870282909787422,7.962258815765381
W_16.2953_80.0219,2019-01-04,16.29528,80.02194,3.62,4.218982716059215,4.389262453134393,4.79238224029541
W_16.2953_80.0219,2019-05-04,16.29528,80.02194,5.4,7.799786915882861,8.032706568993255,7.563983917236328
W_16.2953_80.0219,2019-08-19,16.29528,80.02194,6.02,4.819017011133236,5.280286793882425,8.147956848144531
W_16.2953_80.0219,2019-10-31,16.29528,80.02194,4.01,5.495932122146645,5.447780727618453,4.275356769561768
W_16.2953_80.0219,2020-01-09,16.29528,80.02194,4.38,3.8779523119179413,4.724245526620459,4.139597892761231
W_16.2953_80.0219,2020-11-29,16.29528,80.02194,4.2,4.008414462718646,3.5654445271493214,2.4459333419799805
W_16.2953_80.0219,2021-01-09,16.29528,80.02194,3.16,2.7013651701424535,3.293921675013595,2.5570130348205566
W_16.4039_80.1656,2017-01-04,16.40389,80.16556,0.64,5.455310301204102,4.789473188896006,5.480133533477783
W_16.4039_80.1656,2020-11-29,16.40389,80.16556,1.4,4.192237404197016,3.705204564152892,2.1526007652282715
W_16.4972_80.145,2016-11-04,16.49722,80.145,3.4,4.169645814953839,4.893031815286873,3.944259643554688
W_16.4972_80.145,2019-01-04,16.49722,80.145,5.16,4.352542066311025,4.612862828319148,3.864235162734986
W_16.4972_80.145,2019-05-04,16.49722,80.145,6.42,7.747330400422685,8.056691518425882,7.892505645751953
W_16.4972_80.145,2019-10-31,16.49722,80.145,3.33,3.723034205776646,4.58697837971353,4.275356769561768
W_16.4972_80.145,2020-01-09,16.49722,80.145,4.03,3.2189164145937035,4.84369180108906,3.0091652870178223
W_16.4972_80.145,2020-11-29,16.49722,80.145,1.8,4.192237404197016,3.705204564152892,2.1526007652282715
W_16.4972_80.145,2021-01-09,16.49722,80.145,2.92,2.469691571465532,3.218765551155625,2.3412981033325195
W_16.0764_80.3083,2016-11-04,16.07639,80.30833,0.35,4.606947443869798,4.5290199004466425,3.413655996322632
W_16.0764_80.3083,2019-01-04,16.07639,80.30833,0.2,3.801358562725079,4.050515850060517,3.1895673274993896
W_16.0764_80.3083,2019-05-04,16.07639,80.30833,0.31,7.998307124161394,7.9294786532755985,9.0513916015625
W_16.0764_80.3083,2019-10-31,16.07639,80.30833,0.02,3.7745443996367527,4.110608399678935,4.275356769561768
W_16.0764_80.3083,2020-01-09,16.07639,80.30833,0.17,2.639874525402348,4.830452671987617,2.4258813858032227
W_16.0764_80.3083,2021-01-09,16.07639,80.30833,0.21,2.775664664695705,3.0477835847679238,3.0453989505767822
W_16.4597_79.9194,2016-11-04,16.45972,79.91944,6.1,5.28940838984784,5.359412743550701,4.124519348144531
W_16.4597_79.9194,2017-01-04,16.45972,79.91944,8.35,5.739584910614009,5.051571209143475,5.692407131195068
W_16.4597_79.9194,2018-11-04,16.45972,79.91944,7.3,7.9553612565863565,7.505798305765289,7.962258815765381
W_16.4597_79.9194,2019-01-04,16.45972,79.91944,7.08,5.340291371155978,5.082585403203372,5.284285068511963
W_16.4597_79.9194,2019-05-04,16.45972,79.91944,8.25,9.523273478351621,8.783289134589154,9.921765327453612
W_16.4597_79.9194,2020-01-09,16.45972,79.91944,5.68,4.218483031537488,5.0195484037824025,4.6119489669799805
W_16.4597_79.9194,2020-11-29,16.45972,79.91944,3.18,4.1197115386639425,3.888414182711764,3.009174346923828
W_16.4597_79.9194,2021-01-09,16.45972,79.91944,3.47,3.197084911882176,4.109530311385848,3.036752700805664
W_16.0083_79.6958,2016-11-04,16.00833,79.69583,2.35,4.244578563153543,4.84291461657823,3.7546546459198
W_16.0083_79.6958,2019-01-04,16.00833,79.69583,0.19,4.562636088769246,4.553251608719696,4.37799072265625
W_16.0083_79.6958,2019-05-04,16.00833,79.69583,3.48,7.762079120924294,8.25906316829329,6.727833271026611
W_16.0083_79.6958,2019-10-31,16.00833,79.69583,1.75,4.24357659218253,4.5003781684128485,4.275356769561768
W_16.0083_79.6958,2020-01-09,16.00833,79.69583,1.33,3.607326985158916,4.742265888640917,3.6229729652404794
W_16.0083_79.6958,2020-11-29,16.00833,79.69583,1.99,3.8872454659075983,3.746964246333161,2.8635661602020264
W_16.0083_79.6958,2021-01-09,16.00833,79.69583,2.09,3.2879981260569986,3.736464537260392,3.162221670150757
W_15.8056_78.0397,2018-11-04,15.80556,78.03972,4.93,7.937206895512508,7.20034311652877,7.962258815765381
W_15.8056_78.0397,2019-01-04,15.80556,78.03972,5.62,8.791395638111425,8.272861865036328,9.300333976745604
W_15.8056_78.0397,2019-05-04,15.80556,78.03972,5.7,11.018232386035741,9.91045078652588,8.552814483642578
W_15.8056_78.0397,2019-08-19,15.80556,78.03972,4.52,5.53926029696331,5.936324442805965,5.255271434783936
W_15.8056_78.0397,2019-10-31,15.80556,78.03972,2.36,4.793393945057732,4.555626417963486,3.848698139190674
W_15.8056_78.0397,2020-01-09,15.80556,78.03972,3.9,6.0286948508942855,5.072723186860725,6.250834465026856
W_15.8056_78.0397,2020-11-29,15.80556,78.03972,5.57,5.1956482481944555,4.543935925425346,3.77231240272522
W_15.8056_78.0397,2021-01-09,15.80556,78.03972,2.64,3.794612661194557,4.5371129635901015,3.197732925415039
W_16.0667_78.8681,2017-01-04,16.06667,78.86806,0.79,6.957750135027951,6.2104015022051335,6.528260707855225
W_16.0667_78.8681,2018-11-04,16.06667,78.86806,1.08,7.949760526031114,7.739967236830355,7.962258815765381
W_16.0667_78.8681,2019-01-04,16.06667,78.86806,1.01,7.72786568845465,7.496060028215407,7.942488670349121
W_16.0667_78.8681,2019-05-04,16.06667,78.86806,1.05,10.40266608315859,9.621873256286095,10.567611694335938
W_16.0667_78.8681,2019-10-31,16.06667,78.86806,0.91,5.431238578913475,5.0442794073209285,4.275356769561768
W_16.0667_78.8681,2020-01-09,16.06667,78.86806,1.08,6.669612131315748,6.211668318624025,6.633954048156738
W_16.0667_78.8681,2020-11-29,16.06667,78.86806,1.2,4.661592237010479,4.282868346881613,5.008579254150391
W_16.0667_78.8681,2021-01-09,16.06667,78.86806,1.27,6.745551965284428,6.103448966974752,5.860069751739502
W_15.8833_78.65,2016-11-04,15.88333,78.65,3.32,4.701555559369283,5.856558311686107,3.501417875289917
W_15.8833_78.65,2017-01-04,15.88333,78.65,4.83,5.324861039048113,4.551038068155946,5.411273956298828
W_15.8833_78.65,2018-11-04,15.88333,78.65,7.59,7.944639453158437,7.658752906831118,7.962258815765381
W_15.8833_78.65,2019-01-04,15.88333,78.65,5.28,5.5718780174969975,6.105540858552867,4.255123138427734
W_15.8833_78.65,2019-05-04,15.88333,78.65,7.9,10.029150246939578,8.997355196740145,9.975255966186523
W_15.8833_78.65,2019-08-19,15.88333,78.65,4.08,5.944431448572427,5.717316311619051,4.871095180511475
W_15.8833_78.65,2019-10-31,15.88333,78.65,2.32,4.196839590229677,4.346547770524609,4.275356769561768
W_15.8833_78.65,2020-01-09,15.88333,78.65,2.7,4.555568920661191,5.406969163498751,3.0740725994110107
W_15.8833_78.65,2020-11-29,15.88333,78.65,1.8,4.655880510378445,4.255757013686224,2.4123940467834477
W_15.8833_78.65,2021-01-09,15.88333,78.65,2.63,3.766704032284073,3.252303798884256,4.011080741882324
W_15.6167_77.6042,2016-11-04,15.61667,77.60417,3.18,10.319273966994462,9.976351580408464,9.92288589477539
W_15.6167_77.6042,2017-01-04,15.61667,77.60417,2.73,10.60166011020083,10.207489243118635,10.777138710021973
W_15.6167_77.6042,2018-11-04,15.61667,77.60417,3.68,7.829417281729961,10.242149230284436,7.962258815765381
W_15.6167_77.6042,2018-11-11,15.61667,77.60417,1.23,7.829417281729961,10.242149230284436,7.962258815765381
W_15.6167_77.6042,2018-11-18,15.61667,77.60417,1.26,8.594505586791822,12.47424694208754,5.432796955108643
W_15.6167_77.6042,2018-11-25,15.61667,77.60417,1.33,8.594505586791822,12.47424694208754,5.432796955108643
W_15.6167_77.6042,2018-12-04,15.61667,77.60417,1.07,5.129695535962322,4.820406400395076,5.432796955108643
W_15.6167_77.6042,2018-12-11,15.61667,77.60417,1.06,5.129695535962322,4.820406400395076,5.432796955108643
W_15.6167_77.6042,2018-12-18,15.61667,77.60417,1.29,4.783579709708155,4.891979733412514,21.224458694458008
W_15.6167_77.6042,2018-12-25,15.61667,77.60417,1.4,4.783579709708155,4.891979733412514,21.224458694458008
W_15.6167_77.6042,2019-01-04,15.61667,77.60417,4.42,10.560181890871378,7.643415496642303,21.224458694458008
W_15.6167_77.6042,2019-05-04,15.61667,77.60417,0.83,11.170150464639576,9.584099997623444,15.692197799682615
W_15.6167_77.6042,2019-08-19,15.61667,77.60417,0.68,6.428513458969504,6.704469008878665,22.354812622070312
W_15.6167_77.6042,2019-10-31,15.61667,77.60417,0.33,7.577058207390337,7.92568059419234,3.1048903465271
W_15.6167_77.6042,2020-01-09,15.61667,77.60417,0.52,4.924257619978832,4.398313470358699,4.784812450408936
W_15.6167_77.6042,2020-11-29,15.61667,77.60417,0.18,5.830123514216762,4.601211770589013,2.812835931777954
W_15.6167_77.6042,2021-01-09,15.61667,77.60417,0.23,3.3174992167493813,4.143510871152796,2.8159666061401367
W_15.8542_77.1208,2017-01-04,15.85417,77.12083,6.36,6.608664752855644,6.092220949080909,6.509556770324707
W_15.8542_77.1208,2018-11-04,15.85417,77.12083,6.23,7.954851801316013,7.446918497256492,7.962258815765381
W_15.8542_77.1208,2019-01-04,15.85417,77.12083,6.21,6.034134909085961,6.6112320849217525,5.714944362640381
W_15.8542_77.1208,2019-05-04,15.85417,77.12083,7.46,10.378534377812876,9.667252745373116,10.567156791687012
W_15.8542_77.1208,2019-10-31,15.85417,77.12083,6.3,5.392523092597132,4.5789022725154265,6.318159103393555
W_15.8542_77.1208,2020-01-09,15.85417,77.12083,4.86,6.210043177917072,6.940515051791008,5.151656627655029
W_15.8542_77.1208,2020-11-29,15.85417,77.12083,1.86,5.874902670168036,4.500173063387231,3.793825387954712
W_15.8542_77.1208,2021-01-09,15.85417,77.12083,2.23,3.839388863354924,4.508921069760103,3.389650583267212
W_21.0997_80.7014,2016-11-04,21.09972,80.70139,3.65,4.168986566368377,4.229412842672469,4.787948131561279
W_21.0997_80.7014,2017-01-04,21.09972,80.70139,4.5,6.848708708255449,6.415514416136766,7.386134147644043
W_21.0997_80.7014,2017-08-24,21.09972,80.70139,6.47,6.255756412361029,6.3942106807364745,6.37056827545166
W_21.0997_80.7014,2018-11-05,21.09972,80.70139,4.26,7.914114237828887,6.361077170206955,7.962258815765381
W_21.0997_80.7014,2019-01-06,21.09972,80.70139,4.3,7.051780174145042,6.7656029056623685,6.63431978225708
W_21.0997_80.7014,2019-05-28,21.09972,80.70139,6.16,10.000480220124489,9.519873727606598,10.56886100769043
W_21.0997_80.7014,2019-11-17,21.09972,80.70139,2.79,7.185680049428731,5.99535415898653,3.7198715209960938
W_21.0997_80.7014,2020-01-09,21.09972,80.70139,3.18,5.9180133046364585,5.65940762041822,5.711786270141602
W_21.0997_80.7014,2020-11-29,21.09972,80.70139,3.6,6.057705275742574,5.693061522537372,4.6370368003845215
W_21.0828_80.6383,2016-11-04,21.08278,80.63833,5.65,4.040709908280251,4.148388665190177,4.112092971801758
W_21.0828_80.6383,2017-01-04,21.08278,80.63833,7.5,5.92068263234334,5.766525462741886,6.402309417724609
W_21.0828_80.6383,2018-11-07,21.08278,80.63833,3.42,7.949306071740019,6.750353364212588,7.962258815765381
W_21.0828_80.6383,2019-05-28,21.08278,80.63833,8.0,9.683590711376276,9.54077366245773,8.990230560302734
W_21.0828_80.6383,2019-11-17,21.08278,80.63833,3.75,7.182824462611526,6.043208022471399,3.781553268432617
W_21.0828_80.6383,2020-01-09,21.08278,80.63833,5.21,6.207025280248953,5.623798817576779,6.130965709686279
W_21.0828_80.6383,2020-11-29,21.08278,80.63833,6.97,6.032293106002836,5.577876827072348,4.4508161544799805
W_21.2194_80.8256,2016-11-04,21.21944,80.82556,4.25,4.478759815321659,4.682508376322753,5.60250997543335
W_21.2194_80.8256,2017-01-04,21.21944,80.82556,5.1,7.098883129239318,6.919093746323533,6.627521514892578
W_21.2194_80.8256,2017-08-24,21.21944,80.82556,4.82,6.115171815939316,6.011583307156673,5.946770191192627
W_21.2194_80.8256,2018-11-01,21.21944,80.82556,3.71,7.892559943622338,7.141943423467168,7.962258815765381
W_21.2194_80.8256,2019-01-06,21.21944,80.82556,6.35,7.643490035314038,6.866990862333287,6.58329439163208
W_21.2194_80.8256,2019-05-27,21.21944,80.82556,5.96,9.692336130901662,9.63274276452264,8.517868041992188
W_21.0678_80.6761,2017-01-04,21.06778,80.67611,8.95,6.848708708255449,6.415514416136766,7.386134147644043
W_21.0678_80.6761,2019-01-04,21.06778,80.67611,3.45,7.051780174145042,6.7656029056623685,6.63431978225708
W_21.0678_80.6761,2020-01-09,21.06778,80.67611,6.29,5.9180133046364585,5.65940762041822,5.711786270141602
W_21.0678_80.6761,2021-01-09,21.06778,80.67611,2.6,6.161160974806575,6.264603084960008,5.45549201965332
W_20.3014_80.8739,2018-11-08,20.30139,80.87389,4.57,7.959310865612703,7.793168987679289,7.962258815765381
W_20.3014_80.8739,2019-01-05,20.30139,80.87389,4.9,7.826231692293193,6.753275491339898,7.971141815185547
W_20.3014_80.8739,2021-01-09,20.30139,80.87389,5.74,5.888100471645754,5.98814650100632,5.477785110473633
W_20.4353_72.8311,2015-11-04,20.43528,72.83111,4.4,6.026577930663252,6.133988191399275,4.729577541351318
W_20.4353_72.8311,2016-11-04,20.43528,72.83111,4.4,5.452115903945121,6.281421503149688,4.698582172393799
W_20.4353_72.8311,2017-01-04,20.43528,72.83111,5.95,6.4572444458474445,5.994547283790186,5.795355319976807
W_20.4353_72.8311,2019-01-09,20.43528,72.83111,6.6,5.516617389120116,5.7045252100396935,5.381925582885742
W_20.4353_72.8311,2019-11-09,20.43528,72.83111,3.6,3.813827531043919,3.2951189930639826,1.8923258781433103
W_20.4353_72.8311,2020-01-09,20.43528,72.83111,5.5,4.399384270840108,3.934348331396067,4.559530258178711
W_20.4353_72.8311,2020-11-29,20.43528,72.83111,4.6,4.773034798598789,3.621441142958068,3.513145685195923
W_20.4353_72.8311,2021-01-09,20.43528,72.83111,4.72,4.578535844981046,4.865208098591248,4.438638210296631
W_20.4028_72.8444,2015-11-04,20.40278,72.84444,3.4,6.026577930663252,6.133988191399275,4.729577541351318
W_20.4028_72.8444,2016-11-04,20.40278,72.84444,3.3,5.452115903945121,6.281421503149688,4.698582172393799
W_20.4028_72.8444,2017-01-04,20.40278,72.84444,3.9,6.4572444458474445,5.994547283790186,5.795355319976807
W_20.4028_72.8444,2019-01-09,20.40278,72.84444,6.2,5.516617389120117,5.7045252100396935,5.381925582885742
W_20.4028_72.8444,2020-01-09,20.40278,72.84444,3.4,4.399384270840108,3.934348331396067,4.559530258178711
W_20.4028_72.8444,2020-11-29,20.40278,72.84444,3.1,4.773034798598789,3.621441142958068,3.513145685195923
W_20.4028_72.8444,2021-01-09,20.40278,72.84444,3.28,4.578535844981046,4.865208098591248,4.438638210296631
W_15.6278_74.1306,2016-01-04,15.62778,74.13056,5.78,5.310637308806498,5.059722201255534,6.926909446716309
W_15.6278_74.1306,2016-11-04,15.62778,74.13056,1.88,4.435115362045492,4.655549445842977,3.587532997131348
W_15.6278_74.1306,2017-01-04,15.62778,74.13056,3.08,5.447254557626115,4.944709028968898,4.032996654510498
W_15.6278_74.1306,2018-11-21,15.62778,74.13056,2.13,7.940879028116867,5.586062927321305,4.828805923461914
W_15.6278_74.1306,2019-01-28,15.62778,74.13056,3.8,6.37322710539821,5.8598984919160335,3.979461908340454
W_15.6278_74.1306,2019-11-29,15.62778,74.13056,1.89,4.418662381027516,4.0812733640227945,3.0865674018859863
W_15.6278_74.1306,2020-01-09,15.62778,74.13056,2.57,4.083031984232652,4.296947209975351,3.3139395713806152
W_15.6278_74.1306,2020-11-29,15.62778,74.13056,2.87,5.083035738257203,5.914120095796017,3.789897918701172
W_15.6278_74.1306,2021-01-09,15.62778,74.13056,2.89,4.918549253487181,5.172118854346335,4.075926303863525
W_15.7086_73.855,2016-11-04,15.70861,73.855,7.73,4.545698353753124,4.993212967513596,3.953401565551758
W_15.7086_73.855,2017-01-04,15.70861,73.855,7.2,5.583638768163048,5.118470678606623,4.769073009490967
W_15.7086_73.855,2019-01-28,15.70861,73.855,7.5,6.678174147489805,6.012044243354801,4.512819766998291
W_15.7086_73.855,2019-11-29,15.70861,73.855,7.54,4.617473638419535,4.025172110129108,3.716986894607544
W_15.7086_73.855,2020-01-09,15.70861,73.855,7.55,6.535803496857867,4.963492413025355,4.270698070526123
W_15.7086_73.855,2020-11-29,15.70861,73.855,7.94,4.119894225821386,4.922712601811578,3.748235940933228
W_15.7086_73.855,2021-01-09,15.70861,73.855,7.21,5.213677931386838,5.159858011524152,4.371919631958008
W_15.7081_73.7514,2016-11-04,15.70806,73.75139,3.98,4.8886690770225805,6.081494043605877,3.875324726104736
W_15.7081_73.7514,2017-01-04,15.70806,73.75139,2.25,5.599255626107215,5.266451158062013,5.183196067810059
W_15.7081_73.7514,2018-11-21,15.70806,73.75139,6.89,7.767899181425989,6.427506750520774,4.828805923461914
W_15.7081_73.7514,2019-01-28,15.70806,73.75139,3.92,7.063282677513397,6.398620581265402,3.995575666427612
W_15.7081_73.7514,2019-11-29,15.70806,73.75139,6.82,4.601212689227951,4.417911849523801,2.7396838665008545
W_15.7081_73.7514,2020-01-09,15.70806,73.75139,3.9,4.312184174616842,4.209274616960892,3.968241453170776
W_20.0833_77.8333,2016-11-04,20.08333,77.83333,4.27,4.8663931715047255,4.712155035873409,4.374669075012207
W_20.0833_77.8333,2017-01-04,20.08333,77.83333,2.05,6.146134259677431,6.012279631551047,5.864356994628906
W_20.0833_77.8333,2017-08-24,20.08333,77.83333,4.3,5.813181860862329,5.181981129237897,5.5391926765441895
W_20.0833_77.8333,2018-08-19,20.08333,77.83333,1.91,5.681113249174847,4.272009392313646,4.241604328155518
W_20.0833_77.8333,2019-01-09,20.08333,77.83333,3.1,6.788741156121539,7.42229300377302,6.281370639801025
W_20.0833_77.8333,2019-05-19,20.08333,77.83333,5.6,9.565919746615643,9.689304558077566,8.920458793640137
W_20.0833_77.8333,2019-11-09,20.08333,77.83333,3.05,4.663199485385401,4.158138574162596,6.506280899047852
W_20.0833_77.8333,2020-01-09,20.08333,77.83333,5.1,6.1957337379397845,7.495684400166852,5.296711444854736
W_20.0833_77.8333,2021-01-09,20.08333,77.83333,3.8,5.645778326954148,5.611050562630938,5.341121673583984
W_20.1428_78.3194,2015-11-04,20.14278,78.31944,6.5,5.204055299530198,5.064153005179255,4.85247802734375
W_20.1428_78.3194,2016-11-04,20.14278,78.31944,5.7,4.598375438971541,4.001732081560561,5.54331636428833
W_20.1428_78.3194,2017-01-04,20.14278,78.31944,7.62,6.815890452321498,6.694127352113716,6.726420879364014
W_20.1428_78.3194,2019-01-09,20.14278,78.31944,7.8,6.700133784102101,7.203782584382676,6.859762668609619
W_20.1428_78.3194,2019-11-09,20.14278,78.31944,8.0,4.945233822742312,4.061093778311774,5.367432594299316
W_20.1428_78.3194,2020-01-09,20.14278,78.31944,12.0,6.095789140262696,6.592499747179049,6.422272205352783
W_20.1428_78.3194,2021-01-09,20.14278,78.31944,7.8,5.463751649694774,5.361486551131087,5.408915996551514
W_19.9558_78.1125,2017-01-04,19.95583,78.1125,7.9,6.00429577347713,5.9504972558257085,5.925915241241455
W_19.9558_78.1125,2019-01-09,19.95583,78.1125,7.5,6.419318249362865,7.31873481721634,6.791843891143799
W_19.9558_78.1125,2019-11-09,19.95583,78.1125,7.5,5.074870931594898,4.047305441379095,5.0986647605896
W_19.9558_78.1125,2020-01-09,19.95583,78.1125,8.0,5.494171467293142,6.336121221630415,4.905779838562012
W_19.9558_78.1125,2021-01-09,19.95583,78.1125,8.6,5.414715737336431,5.529351851908657,5.330285549163818
W_20.3167_78.3,2015-11-04,20.31667,78.3,5.6,5.7423804819582225,5.478533887586248,7.084950923919678
W_20.3167_78.3,2016-11-04,20.31667,78.3,5.7,6.109774630931055,5.182156590334364,6.94966983795166
W_20.3167_78.3,2017-01-04,20.31667,78.3,5.76,8.076928588042152,7.614604556796373,7.477624893188477
W_20.3167_78.3,2019-01-09,20.31667,78.3,5.7,7.42955374100802,7.180307938396314,7.001470565795898
W_20.3167_78.3,2019-05-19,20.31667,78.3,11.0,9.602954580462901,9.723283487286608,11.35811710357666
W_20.3167_78.3,2019-11-09,20.31667,78.3,6.1,4.771245591228608,4.195011768060237,5.391167640686035
W_20.3167_78.3,2020-01-09,20.31667,78.3,7.1,6.209116059882083,6.687869876716308,6.3150634765625
W_20.3167_78.3,2021-01-09,20.31667,78.3,5.5,5.371152977675181,5.260449847623805,4.936127185821533
W_19.9583_77.3667,2016-11-04,19.95833,77.36667,2.65,5.451401740511051,5.339790653463,5.256426811218262
W_19.9583_77.3667,2017-08-24,19.95833,77.36667,2.3,6.378428144898571,6.2481936133601295,6.104330062866211
W_19.9583_77.3667,2018-08-19,19.95833,77.36667,3.4,6.554318959049632,5.127997578523221,5.733293533325195
W_19.9583_77.3667,2019-01-09,19.95833,77.36667,4.6,7.323370283100867,7.897530436353312,6.768495082855225
W_19.9583_77.3667,2019-05-19,19.95833,77.36667,6.7,9.60292401189246,9.723897341713538,10.560710906982422
W_19.9583_77.3667,2019-11-09,19.95833,77.36667,1.0,3.7827816689969365,4.142893797243354,3.1409592628479004
W_19.9583_77.3667,2020-01-09,19.95833,77.36667,1.5,4.486153775293585,5.199371814453363,3.673468351364136
W_20.3872_78.1986,2015-11-04,20.38722,78.19861,3.3,5.7423804819582225,5.478533887586248,7.084950923919678
W_20.3872_78.1986,2016-11-04,20.38722,78.19861,3.1,6.109774630931055,5.182156590334364,6.94966983795166
W_20.3872_78.1986,2017-01-04,20.38722,78.19861,4.33,8.076928588042152,7.614604556796373,7.477624893188477
W_20.3872_78.1986,2019-01-09,20.38722,78.19861,4.9,7.42955374100802,7.180307938396314,7.001470565795898
W_20.3872_78.1986,2019-05-19,20.38722,78.19861,8.9,9.602954580462901,9.723283487286608,11.35811710357666
W_20.3872_78.1986,2019-11-09,20.38722,78.19861,2.9,4.771245591228608,4.195011768060237,5.391167640686035
W_20.3872_78.1986,2020-01-09,20.38722,78.19861,3.0,6.209116059882084,6.687869876716308,6.3150634765625
W_20.3872_78.1986,2021-01-09,20.38722,78.19861,3.4,5.371152977675181,5.260449847623805,4.936127185821533
W_20.305_78.6292,2015-11-04,20.305,78.62917,4.1,5.71466022133914,5.693790375462031,6.681659698486328
W_20.305_78.6292,2016-11-04,20.305,78.62917,3.68,4.532150486558648,4.396355597905044,4.279007434844971
W_20.305_78.6292,2017-01-04,20.305,78.62917,4.85,6.354509859753169,5.819795744736948,6.813382625579834
W_20.305_78.6292,2017-08-24,20.305,78.62917,4.1,5.583183424676072,4.995984275259152,5.449698448181152
W_20.305_78.6292,2019-01-09,20.305,78.62917,4.6,6.617277535522907,6.872480894772098,6.813606262207031
W_20.305_78.6292,2019-05-19,20.305,78.62917,6.28,9.527829299469015,9.47735590295414,9.68345832824707
W_20.305_78.6292,2019-11-09,20.305,78.62917,4.15,4.802054300731606,4.240512095070095,5.3544793128967285
W_20.305_78.6292,2020-01-09,20.305,78.62917,4.0,6.07329330414006,6.562063023123904,5.698310852050781
W_20.305_78.6292,2021-01-09,20.305,78.62917,7.55,5.620832985174723,5.535235138222915,5.364124774932861
W_20.075_78.25,2015-11-04,20.075,78.25,7.8,5.396796051241058,5.205031395297779,6.494128227233887
W_20.075_78.25,2016-11-04,20.075,78.25,4.62,4.7302626593276385,4.04449499130076,5.614952087402344
W_20.075_78.25,2017-01-04,20.075,78.25,7.2,6.761632485559962,6.808101864993114,6.39265775680542
W_20.075_78.25,2019-01-09,20.075,78.25,18.1,6.724430807582164,7.198140012679843,6.67014741897583
W_20.075_78.25,2019-05-19,20.075,78.25,21.15,9.655748659668317,9.477492185858733,9.713982582092283
W_20.075_78.25,2019-11-09,20.075,78.25,9.3,5.293322467889572,4.1227781398528816,5.17317008972168
W_20.075_78.25,2020-01-09,20.075,78.25,12.0,5.656227710487997,6.439873026142735,5.561777114868164
W_20.075_78.25,2021-01-09,20.075,78.25,12.75,5.338876374301735,5.398600874572619,5.23655891418457
W_20.4222_78.2736,2015-11-04,20.42222,78.27361,4.0,5.966715506117222,5.442521379578073,7.948503971099853
W_20.4222_78.2736,2016-11-04,20.42222,78.27361,3.88,4.875423043162745,4.665824126813179,6.461585998535156
W_20.4222_78.2736,2017-01-04,20.42222,78.27361,3.65,7.677161585713664,7.348741561852177,7.681666851043701
W_20.4222_78.2736,2019-01-09,20.42222,78.27361,4.8,7.137827939463438,7.248110816182841,6.874258041381836
W_20.4222_78.2736,2019-05-19,20.42222,78.27361,5.53,9.597061177559457,9.738868583471046,10.812484741210938
W_20.4222_78.2736,2019-11-09,20.42222,78.27361,3.75,4.988840415341838,4.139235015775982,4.472529411315918
W_20.4222_78.2736,2020-01-09,20.42222,78.27361,3.9,5.58019346374383,5.9555791475487405,5.99916410446167
W_20.4222_78.2736,2021-01-09,20.42222,78.27361,3.85,5.308802028720532,5.267795016495171,4.7931976318359375
W_20.5056_77.7903,2016-11-04,20.50556,77.79028,2.12,4.309315144607829,4.468949973607344,3.583293437957764
W_20.5056_77.7903,2017-01-04,20.50556,77.79028,1.66,5.354697849019796,5.540741805335414,5.4597039222717285
W_20.5056_77.7903,2017-08-24,20.50556,77.79028,1.3,5.167666443542295,5.052372944424283,3.903533458709717
W_20.5056_77.7903,2018-08-19,20.50556,77.79028,0.31,5.611982644015553,3.736171508086775,2.168004512786865
W_20.5056_77.7903,2019-01-09,20.50556,77.79028,2.6,7.571675571843184,7.766020859523495,5.710369110107422
W_20.5056_77.7903,2019-05-19,20.50556,77.79028,5.5,9.551677694368928,9.703639614637218,8.424312591552734
W_20.5056_77.7903,2019-11-09,20.50556,77.79028,1.8,4.864054200027883,4.091311108512543,2.9516754150390625
W_20.5056_77.7903,2020-01-09,20.50556,77.79028,1.3,4.150502499146197,4.740043084525559,4.435705184936523
W_20.5056_77.7903,2021-01-09,20.50556,77.79028,1.7,5.251765965067881,5.039201322780679,5.104773044586182
W_20.2_77.9833,2016-11-04,20.2,77.98333,4.8,4.812881712301043,4.554193935766497,4.430926322937012
W_20.2_77.9833,2017-01-04,20.2,77.98333,4.4,6.351771376964953,6.124322225573218,6.4316816329956055
W_20.2_77.9833,2019-01-09,20.2,77.98333,4.5,6.751288495911919,7.626539164264675,6.348755359649658
W_20.2_77.9833,2019-05-19,20.2,77.98333,6.25,9.54668279829442,9.738158356723352,9.619853973388672
W_20.2_77.9833,2019-11-09,20.2,77.98333,4.7,5.536040926924206,4.184386824342073,6.411564350128174
W_20.2_77.9833,2020-01-09,20.2,77.98333,4.1,6.147583765376087,7.455053799579447,4.577655792236328
W_20.2_77.9833,2021-01-09,20.2,77.98333,3.3,5.333292244076865,5.588803587316972,5.096979141235352
W_20.3481_77.9108,2017-01-04,20.34806,77.91083,5.05,7.77168368456901,7.700845577889236,7.316458225250244
W_20.3481_77.9108,2017-08-24,20.34806,77.91083,6.2,5.882187778620311,5.187608752487019,7.038208484649658
W_20.3481_77.9108,2018-08-19,20.34806,77.91083,0.29,8.190975834107922,5.0019857864589135,7.922106266021728
W_20.3481_77.9108,2019-01-09,20.34806,77.91083,7.2,7.212273564105047,7.58243885087848,8.364259719848633
W_20.3481_77.9108,2019-05-19,20.34806,77.91083,14.5,9.546889560691065,9.859325028971195,12.927587509155272
W_20.3481_77.9108,2019-11-09,20.34806,77.91083,7.9,6.703932611548365,4.223992149757379,6.715621471405029
W_20.3481_77.9108,2020-01-09,20.34806,77.91083,8.7,6.7941060556740185,7.741262166747423,6.693060398101807
W_20.3481_77.9108,2021-01-09,20.34806,77.91083,8.3,5.525564012721105,5.489750502641217,5.185601234436035
W_20.3583_78.2417,2015-11-04,20.35833,78.24167,1.6,5.742380481958223,5.478533887586248,7.084950923919678
W_20.3583_78.2417,2016-11-04,20.35833,78.24167,1.67,6.109774630931055,5.182156590334364,6.94966983795166
W_20.3583_78.2417,2017-01-04,20.35833,78.24167,2.22,8.076928588042152,7.614604556796373,7.477624893188477
W_20.3583_78.2417,2019-01-09,20.35833,78.24167,2.22,7.42955374100802,7.180307938396314,7.001470565795898
W_20.3583_78.2417,2019-05-19,20.35833,78.24167,4.9,9.602954580462901,9.723283487286608,11.35811710357666
W_20.3583_78.2417,2019-11-09,20.35833,78.24167,1.4,4.771245591228608,4.195011768060237,5.391167640686035
W_20.3583_78.2417,2020-01-09,20.35833,78.24167,1.85,6.209116059882083,6.687869876716308,6.3150634765625
W_20.3583_78.2417,2021-01-09,20.35833,78.24167,1.7,5.371152977675181,5.260449847623805,4.936127185821533
W_20.1031_78.5056,2015-11-04,20.10306,78.50556,6.3,5.385978818643506,5.290686831080024,5.346614360809326
W_20.1031_78.5056,2017-01-04,20.10306,78.50556,7.13,6.802696531923793,6.817191594627415,6.694337368011475
W_20.1031_78.5056,2017-08-24,20.10306,78.50556,5.8,5.408721984194792,4.867446149003303,4.700092792510986
W_20.1031_78.5056,2019-01-09,20.10306,78.50556,6.95,6.466955533957826,7.2371393646251025,6.503658771514893
W_20.1031_78.5056,2019-05-19,20.10306,78.50556,8.2,9.572642946823002,9.465383658768006,7.848292350769043
W_20.1031_78.5056,2019-11-09,20.10306,78.50556,7.1,5.104547865342786,4.272309961711286,5.6106367111206055
W_20.1031_78.5056,2020-01-09,20.10306,78.50556,6.8,5.996341148684197,6.738668129864494,5.4157395362854
W_20.1031_78.5056,2021-01-09,20.10306,78.50556,7.3,5.487759340226813,5.58870348955187,5.476474285125732
W_20.3114_77.7706,2016-11-04,20.31139,77.77056,2.87,4.918133987722981,4.811380152148968,5.263054847717285
W_20.3114_77.7706,2017-01-04,20.31139,77.77056,4.2,6.712481534389059,6.634582075434799,5.893343448638916
W_20.3114_77.7706,2017-08-24,20.31139,77.77056,4.9,5.649348808216752,5.995635270539243,5.986701965332031
W_20.3114_77.7706,2018-08-19,20.31139,77.77056,1.98,7.05300502170976,4.835611134777489,4.164524078369141
W_20.3114_77.7706,2019-01-09,20.31139,77.77056,5.6,7.317864765538266,7.616192702549321,8.130669593811035
W_20.3114_77.7706,2019-05-19,20.31139,77.77056,8.55,9.576268251617735,9.680776564674414,9.917768478393556
W_20.3114_77.7706,2019-11-09,20.31139,77.77056,3.8,4.381015011321906,4.168027344791554,4.822606563568115
W_20.3114_77.7706,2020-01-09,20.31139,77.77056,4.2,6.0059156415809,6.2680680430608975,6.873034954071045
W_20.3114_77.7706,2021-01-09,20.31139,77.77056,3.8,5.720283187073994,5.448747989600732,5.54601001739502
W_19.8117_78.8542,2017-08-24,19.81167,78.85417,7.7,7.226769070545326,5.701424793602679,6.048630237579346
W_19.8117_78.8542,2019-01-09,19.81167,78.85417,9.1,6.119982024614224,6.924850576675956,5.173327922821045
W_19.8117_78.8542,2019-05-19,19.81167,78.85417,11.2,9.476160104278089,9.61405415781112,9.946093559265137
W_19.8117_78.8542,2019-11-09,19.81167,78.85417,5.8,4.388009149799082,4.084356363048121,3.850150585174561
W_19.8117_78.8542,2020-01-09,19.81167,78.85417,6.0,5.114159435136636,5.304962103600001,4.783786773681641
W_20.1333_78.3167,2015-11-04,20.13333,78.31667,6.7,5.204055299530198,5.064153005179255,4.85247802734375
W_20.1333_78.3167,2017-01-04,20.13333,78.31667,5.45,6.815890452321499,6.694127352113716,6.726420879364014
W_20.1333_78.3167,2019-01-09,20.13333,78.31667,7.2,6.700133784102101,7.203782584382676,6.859762668609619
W_20.1333_78.3167,2019-05-19,20.13333,78.31667,9.5,9.587833421193986,9.465383658768006,8.539112091064453
W_20.1333_78.3167,2020-01-09,20.13333,78.31667,7.6,6.095789140262696,6.592499747179049,6.422272205352783
W_20.1333_78.3167,2021-01-09,20.13333,78.31667,5.95,5.463751649694774,5.361486551131087,5.408915996551514
W_19.8294_78.6342,2015-11-04,19.82944,78.63417,8.1,5.286633389039503,5.168852601818937,5.122325420379639
W_19.8294_78.6342,2016-01-04,19.82944,78.63417,6.93,7.09622184350308,7.020812411426621,5.819436073303223
W_19.8294_78.6342,2017-08-24,19.82944,78.63417,7.4,5.387170959839165,4.989673868015601,3.432215690612793
W_19.8294_78.6342,2019-01-09,19.82944,78.63417,7.9,6.129040210885451,7.0356686538277735,4.920538902282715
W_19.8294_78.6342,2019-05-19,19.82944,78.63417,8.9,9.511501333550443,9.441889078171627,8.872901916503906
W_19.8294_78.6342,2019-11-09,19.82944,78.63417,5.74,4.306214237677288,4.080528816089155,3.938082218170166
W_19.8294_78.6342,2020-01-09,19.82944,78.63417,7.6,5.011333294343502,5.410702454225647,4.481247901916504
W_19.8294_78.6342,2021-01-09,19.82944,78.63417,4.8,5.676397708643711,5.3902602787143925,5.934488296508789
W_20.1261_78.8936,2016-11-04,20.12611,78.89361,1.2,5.100981696000012,4.833253831164214,6.4182891845703125
W_20.1261_78.8936,2017-01-04,20.12611,78.89361,1.5,7.772286816200147,7.315559087109497,7.855588436126709
W_20.1261_78.8936,2017-08-24,20.12611,78.89361,6.8,5.581010048877687,5.043816442404331,5.377978801727295
W_20.1261_78.8936,2019-01-09,20.12611,78.89361,5.1,6.924857939592882,6.918589154067362,7.937380790710449
W_20.1261_78.8936,2019-05-19,20.12611,78.89361,6.0,9.511447764546263,9.542121327139837,10.85586166381836
W_20.1261_78.8936,2019-11-09,20.12611,78.89361,1.5,4.746946502938938,4.1234652602367285,4.857996940612793
W_20.1261_78.8936,2020-01-09,20.12611,78.89361,1.8,6.033876729253486,6.110542364951044,6.139057636260986
W_20.9861_77.0208,2016-11-04,20.98611,77.02083,7.5,10.836817006032938,9.391598453378082,11.30007553100586
W_20.9861_77.0208,2017-01-04,20.98611,77.02083,8.4,11.370039769339991,12.558362969985044,11.776688575744627
W_20.9861_77.0208,2017-08-24,20.98611,77.02083,8.84,7.466104736922774,7.531123887222503,10.863723754882812
W_20.9861_77.0208,2018-08-19,20.98611,77.02083,9.27,6.571004330756292,7.270519356474437,11.290050506591797
W_20.9861_77.0208,2019-01-09,20.98611,77.02083,9.44,13.37904136948776,12.36406286854582,17.265239715576172
W_20.9861_77.0208,2019-05-19,20.98611,77.02083,10.3,9.65486133356427,10.98181651511412,14.69365119934082
W_20.9861_77.0208,2019-11-09,20.98611,77.02083,7.46,11.647305585653989,10.640839634995672,11.752992630004885
W_20.9861_77.0208,2020-01-09,20.98611,77.02083,7.6,11.812089017139527,12.163792064168147,10.353959083557127
W_20.9861_77.0208,2021-01-09,20.98611,77.02083,6.25,9.551659435767686,9.905196152620755,10.118672370910645
W_20.6667_76.7667,2016-11-04,20.66667,76.76667,12.2,5.33698879564463,5.149795975126051,6.674615383148193
W_20.6667_76.7667,2017-01-04,20.66667,76.76667,21.4,7.499721971994297,8.04234993808143,6.349491596221924
W_20.6667_76.7667,2019-01-09,20.66667,76.76667,21.0,12.685189197824899,11.365871978764671,12.834917068481444
W_20.8069_76.825,2016-11-04,20.80694,76.825,8.8,9.608859036141219,10.970158692973731,8.182122230529785
W_20.8069_76.825,2017-01-04,20.80694,76.825,10.7,10.696077246377591,10.319872384636966,12.781387329101562
W_20.8069_76.825,2018-08-19,20.80694,76.825,12.0,7.661423389227014,7.916456365278843,10.47337245941162
W_20.8069_76.825,2019-01-09,20.80694,76.825,12.5,13.333216867668433,13.445946531936732,17.9528751373291
W_20.8069_76.825,2019-05-19,20.80694,76.825,12.0,9.68362262829927,10.8574187315946,16.762062072753906
W_20.8069_76.825,2019-08-19,20.80694,76.825,5.5,5.46036810502743,7.17012427214682,13.778630256652832
W_20.8069_76.825,2019-11-09,20.80694,76.825,14.0,10.101133297402077,8.400064122940115,12.659107208251951
W_20.8069_76.825,2020-01-09,20.80694,76.825,11.5,15.371828988589781,13.528379013578938,16.95111846923828
W_20.8069_76.825,2021-01-09,20.80694,76.825,10.5,9.793150794807778,7.975150994972481,9.63978099822998
W_20.5761_77.0703,2016-11-04,20.57611,77.07028,3.3,5.2654411131522245,5.953604156914,7.879848957061768
W_20.5761_77.0703,2017-01-04,20.57611,77.07028,3.7,8.698222811345074,8.717117704567832,9.953798294067385
W_21.1439_77.1364,2016-01-04,21.14389,77.13639,14.6,13.123840364401833,14.144719764074337,13.624025344848633
W_21.1439_77.1364,2016-11-04,21.14389,77.13639,15.4,9.672498372350056,10.558070467958787,10.347943305969238
W_21.1439_77.1364,2017-01-04,21.14389,77.13639,16.0,9.918777772601034,10.826752439032038,9.629542350769045
W_21.1439_77.1364,2017-08-24,21.14389,77.13639,19.4,11.379747043956753,9.152250564512745,10.994091987609863
W_21.1439_77.1364,2018-08-19,21.14389,77.13639,22.4,8.831601158699124,6.764608174676492,12.210782051086426
W_21.1439_77.1364,2019-01-09,21.14389,77.13639,24.4,7.866980530549461,12.195968772721542,15.081185340881348
W_21.1439_77.1364,2019-05-19,21.14389,77.13639,32.49,9.526560626875275,10.78617070297771,18.380937576293945
W_21.1439_77.1364,2020-01-09,21.14389,77.13639,21.95,10.143947527876854,10.953810067536269,9.52767562866211
W_21.1439_77.1364,2021-01-09,21.14389,77.13639,22.0,9.959483247893358,10.37254530187991,10.42737865447998
W_20.435_78.5978,2015-11-04,20.435,78.59778,9.2,5.358700596634266,5.630323931247645,5.94748067855835
W_20.435_78.5978,2016-01-04,20.435,78.59778,10.16,7.6112895742456965,7.4592575364762785,6.84142541885376
W_20.435_78.5978,2017-01-04,20.435,78.59778,8.52,6.434248515093909,6.027999174212265,6.6829938888549805
W_20.435_78.5978,2017-08-24,20.435,78.59778,10.15,5.205646120545161,5.02599632673035,5.773980617523193
W_20.435_78.5978,2019-01-09,20.435,78.59778,11.0,6.577262411043315,6.959475855840003,6.117688179016113
W_20.435_78.5978,2019-05-19,20.435,78.59778,7.48,9.653581095015872,9.49204735064728,8.533129692077637
W_20.435_78.5978,2019-11-09,20.435,78.59778,8.45,4.486323615955868,4.315984793543881,4.068911552429199
W_20.435_78.5978,2020-01-09,20.435,78.59778,8.6,5.01601757434409,5.58638677963848,4.915851593017578
W_20.435_78.5978,2020-11-29,20.435,78.59778,8.17,6.260050491048039,5.153206662465419,3.8839612007141113
W_20.435_78.5978,2021-01-09,20.435,78.59778,8.45,5.495888419398735,5.4656141081922565,5.198999404907227
W_20.7256_78.3169,2015-11-04,20.72556,78.31694,3.5,4.632110878226422,5.391295683413699,3.135009765625
W_20.7256_78.3169,2016-01-04,20.72556,78.31694,4.4,5.789512793750757,5.583608576247535,6.807677268981934
W_20.7256_78.3169,2016-11-04,20.72556,78.31694,3.93,4.70687662121039,4.4218726895650535,4.82761812210083
W_20.7256_78.3169,2017-01-04,20.72556,78.31694,4.45,6.610750578382034,6.517224868033232,6.495510101318359
W_20.7256_78.3169,2017-08-24,20.72556,78.31694,5.2,5.927726297370902,5.25725676420901,6.969210147857666
W_20.7256_78.3169,2019-01-09,20.72556,78.31694,3.28,7.078919128942119,7.121354745406816,6.307020664215088
W_20.7256_78.3169,2019-05-19,20.72556,78.31694,5.0,9.536506573120977,9.603469992150616,9.440156936645508
W_20.7256_78.3169,2019-11-09,20.72556,78.31694,2.4,4.510346058685832,4.429277983758468,3.2676169872283936
W_20.7256_78.3169,2020-01-09,20.72556,78.31694,3.3,4.728651844812771,5.055320778832288,4.744577407836914
W_20.7256_78.3169,2020-11-29,20.72556,78.31694,2.27,5.901112603967787,5.008255201615761,4.375641345977783
W_20.7256_78.3169,2021-01-09,20.72556,78.31694,2.8,5.696940846469952,5.773606426484306,4.969381809234619
W_20.9072_78.29,2017-01-04,20.90722,78.29,6.11,6.974029369673076,6.993535155006203,7.865121364593506
W_20.9072_78.29,2017-08-24,20.90722,78.29,3.8,5.534244599372401,5.152962840986987,6.2232818603515625
W_20.9072_78.29,2019-01-09,20.90722,78.29,5.8,7.863426735289172,7.833981122572834,8.068601608276367
W_20.9072_78.29,2019-05-19,20.90722,78.29,7.7,9.591660538613102,9.575901185326854,11.7395601272583
W_20.9072_78.29,2019-11-09,20.90722,78.29,2.8,4.586572186576334,5.317129599398663,4.002940654754639
W_20.9072_78.29,2020-01-09,20.90722,78.29,4.4,5.408726360167704,5.756812597596969,5.653656005859375
W_20.9072_78.29,2020-11-29,20.90722,78.29,2.24,5.738268197007012,4.968595368890412,4.4481048583984375
W_20.9072_78.29,2021-01-09,20.90722,78.29,3.5,6.087755115559346,5.9822961188811,5.855072498321533
W_21.1219_78.3731,2019-01-09,21.12194,78.37306,25.45,9.14484570928707,8.729353906931175,8.038586616516113
W_21.1219_78.3731,2019-05-19,21.12194,78.37306,25.65,9.639016964114502,9.952016307239829,9.636905670166016
W_21.1219_78.3731,2019-11-09,21.12194,78.37306,3.1,5.512182951061078,5.118285921701804,5.496152400970459
W_21.1219_78.3731,2020-01-09,21.12194,78.37306,6.4,6.286961626790895,7.004236510653001,5.753862857818604
W_21.1219_78.3731,2020-11-29,21.12194,78.37306,9.3,5.833783762872875,4.907105037405122,4.659967422485352
W_21.1219_78.3731,2021-01-09,21.12194,78.37306,8.4,6.645561032931491,6.532333238382721,7.032925128936768
W_20.9083_78.7167,2016-11-04,20.90833,78.71667,7.2,5.578330632253491,5.490357267424196,6.445261478424072
W_20.9083_78.7167,2017-01-04,20.90833,78.71667,7.9,7.6214966792538625,7.406310340369974,7.476572513580322
W_20.9083_78.7167,2017-08-24,20.90833,78.71667,7.26,5.215809439767123,4.938074543848684,5.297824859619141
W_20.9083_78.7167,2019-01-09,20.90833,78.71667,7.78,8.400342127175726,8.490649190955093,8.063055038452148
W_20.9083_78.7167,2019-05-19,20.90833,78.71667,9.42,9.558740256839444,9.706864501741856,10.649200439453123
W_20.9083_78.7167,2019-11-09,20.90833,78.71667,6.06,5.38758150677767,4.899891810616195,5.410391330718994
W_20.9083_78.7167,2020-01-09,20.90833,78.71667,6.1,6.145736437364109,6.763775250265224,5.8581132888793945
W_20.9083_78.7167,2020-11-29,20.90833,78.71667,5.2,6.088501061896854,5.16662502262214,4.302196979522705
W_20.9083_78.7167,2021-01-09,20.90833,78.71667,5.91,6.0049260142209215,5.922740454889888,5.886252880096436
W_20.8067_78.8856,2016-11-04,20.80667,78.88556,5.8,5.047369553382084,4.961568585306319,4.1981377601623535
W_20.8067_78.8856,2017-01-04,20.80667,78.88556,6.6,5.9646484095276175,5.792948494519687,5.5059685707092285
W_20.8067_78.8856,2017-08-24,20.80667,78.88556,4.1,4.932472418056086,4.452118058315556,3.2299182415008545
W_20.8067_78.8856,2019-01-09,20.80667,78.88556,5.72,7.36308781767655,7.390890995262359,6.280840873718262
W_20.8067_78.8856,2019-05-19,20.80667,78.88556,6.05,9.555849653803653,9.578660827594694,8.159289360046387
W_20.8067_78.8856,2019-11-09,20.80667,78.88556,4.6,4.66067038881976,4.816308075092531,3.999690771102905
W_20.8067_78.8856,2020-01-09,20.80667,78.88556,8.1,5.159487390520227,5.495094678497431,5.355230808258057
W_20.8067_78.8856,2020-11-29,20.80667,78.88556,5.3,5.616932145360224,4.678993311642282,3.64258885383606
W_20.8067_78.8856,2021-01-09,20.80667,78.88556,5.7,5.307416727680197,5.306704902137875,5.529419422149658
W_20.65_78.9292,2015-11-04,20.65,78.92917,3.5,4.781392818148486,4.846920409131863,4.349579811096191
W_20.65_78.9292,2016-11-04,20.65,78.92917,3.62,4.476254025967642,4.522981783275649,4.253208160400391
W_20.65_78.9292,2017-01-04,20.65,78.92917,3.18,5.977768700242636,5.835755466499498,5.748289585113525
W_20.65_78.9292,2017-08-24,20.65,78.92917,2.32,5.0020489961145564,4.559562810620719,4.384397506713867
W_20.65_78.9292,2019-01-09,20.65,78.92917,2.87,6.645419681218091,7.004259459761182,5.495329856872559
W_20.65_78.9292,2019-05-19,20.65,78.92917,4.6,9.687895926660469,9.579675511269736,8.257794380187988
W_20.65_78.9292,2019-11-09,20.65,78.92917,2.45,4.185306639923265,4.215398307105872,3.264593601226806
W_20.65_78.9292,2020-01-09,20.65,78.92917,3.05,4.550311546279182,4.9624844926380645,4.433571815490723
W_20.65_78.9292,2020-11-29,20.65,78.92917,0.91,5.670527472980638,4.650755258015655,3.583831787109375
W_20.65_78.9292,2021-01-09,20.65,78.92917,2.75,5.715040142726955,5.2830026250923305,5.416085243225098
W_20.85_78.5167,2016-11-04,20.85,78.51667,10.5,4.441635083158706,4.834108211200912,4.588229656219482
W_20.85_78.5167,2017-08-24,20.85,78.51667,7.2,4.648278097383502,4.250738580330234,5.699249267578125
W_20.85_78.5167,2019-01-09,20.85,78.51667,8.17,8.332242178813868,7.900098701166337,7.133869171142578
W_20.85_78.5167,2019-05-19,20.85,78.51667,9.0,9.58168553751296,9.631684748692829,7.637589931488037
W_20.85_78.5167,2019-11-09,20.85,78.51667,6.7,4.681317620097738,4.778840901217509,4.208242893218994
W_20.85_78.5167,2020-01-09,20.85,78.51667,7.15,5.29233637434664,5.820239846922593,4.9958086013793945
W_20.85_78.5167,2020-11-29,20.85,78.51667,7.65,5.772773324254751,4.918223422051014,4.502365589141846
W_20.85_78.5167,2021-01-09,20.85,78.51667,6.9,6.020987563434296,6.026841407339237,5.464361190795898
W_20.9614_78.3683,2016-01-04,20.96139,78.36833,6.0,7.334219861026648,6.598767971242495,7.783443927764893
W_20.9614_78.3683,2016-11-04,20.96139,78.36833,3.45,5.121195338023568,6.200199489879388,6.481580257415772
W_20.9614_78.3683,2017-01-04,20.96139,78.36833,4.25,7.599215091310986,7.415517387154485,6.940982341766357
W_20.9614_78.3683,2017-08-24,20.96139,78.36833,0.7,5.3263816542238285,5.071861310807694,6.743503570556641
W_20.9614_78.3683,2019-01-09,20.96139,78.36833,6.22,8.229955965791369,7.881586782343575,7.876589775085449
W_20.9614_78.3683,2019-05-19,20.96139,78.36833,6.66,9.576081014885732,9.677316395889342,9.18428897857666
W_20.9614_78.3683,2019-11-09,20.96139,78.36833,2.0,5.147070244304083,5.140981477453924,3.902156591415405
W_20.9614_78.3683,2020-01-09,20.96139,78.36833,4.0,5.203183199570076,5.687639434194877,4.392906188964844
W_20.9614_78.3683,2020-11-29,20.96139,78.36833,2.3,5.800272347835812,4.961334116687198,5.0326104164123535
W_20.9614_78.3683,2021-01-09,20.96139,78.36833,4.1,6.7201719627205225,6.337069101968737,5.885675430297852
W_20.5461_79.1064,2016-11-04,20.54611,79.10639,2.76,4.843729525356762,4.865969299503447,4.422914505004883
W_20.5461_79.1064,2017-01-04,20.54611,79.10639,7.1,6.302010118550801,5.940386702414451,6.829687118530273
W_20.5461_79.1064,2017-08-24,20.54611,79.10639,3.2,5.672477523181016,5.013186241081296,5.859530925750732
W_20.5461_79.1064,2019-01-09,20.54611,79.10639,8.42,6.777596937742688,7.098681430890686,5.97411584854126
W_20.5461_79.1064,2019-05-19,20.54611,79.10639,6.17,9.532919660671133,9.851921415530192,9.427056312561035
W_20.5461_79.1064,2019-11-09,20.54611,79.10639,3.8,3.9169913396975593,3.80669947161796,3.3047361373901367
W_20.5461_79.1064,2020-01-09,20.54611,79.10639,7.4,4.893780434785095,5.0191080408790825,5.07017183303833
W_20.5461_79.1064,2020-11-29,20.54611,79.10639,3.63,5.612923057266257,4.712727091999641,4.560896396636963
W_20.5461_79.1064,2021-01-09,20.54611,79.10639,4.0,6.180993998182079,6.062452263885608,5.713257789611816
W_20.7333_78.45,2015-11-04,20.73333,78.45,4.9,4.702095703070583,5.208113574462594,3.867465257644653
W_20.7333_78.45,2016-11-04,20.73333,78.45,6.3,4.300807335706417,4.527365677532746,3.902117967605591
W_20.7333_78.45,2017-01-04,20.73333,78.45,10.22,5.634037869469704,5.549275037056382,4.419832229614258
W_20.7333_78.45,2017-08-24,20.73333,78.45,8.6,4.731267004157603,3.7709848684140472,4.950839519500732
W_20.7333_78.45,2019-01-09,20.73333,78.45,11.1,6.972299742537892,7.142965813474467,5.852972507476807
W_20.7333_78.45,2019-05-19,20.73333,78.45,12.65,9.568218884612886,9.613371542260772,7.807944774627685
W_20.7333_78.45,2020-01-09,20.73333,78.45,6.9,5.069717121920883,5.451774605123831,4.396756172180176
W_20.7333_78.45,2020-11-29,20.73333,78.45,2.92,5.8721767139868515,4.941920733689125,3.7052855491638175
W_20.7333_78.45,2021-01-09,20.73333,78.45,6.5,5.4191585868701795,5.423149566786661,5.013443946838379
W_20.655_78.775,2015-11-04,20.655,78.775,7.2,5.590808807610748,5.7728268416916215,7.072839260101318
W_20.655_78.775,2016-11-04,20.655,78.775,5.69,4.775167305095719,4.767533039257346,5.581986904144287
W_20.655_78.775,2017-01-04,20.655,78.775,5.3,6.645191829283143,6.825017260972735,6.7745513916015625
W_20.655_78.775,2017-08-24,20.655,78.775,3.95,5.381409870803517,5.0754067250679125,4.636632442474365
W_20.655_78.775,2019-01-09,20.655,78.775,9.17,6.613991453852175,7.085193415217663,6.353573799133301
W_20.655_78.775,2019-05-19,20.655,78.775,10.18,9.626138037162157,9.579675511269736,9.901663780212402
W_20.655_78.775,2019-11-09,20.655,78.775,4.45,4.201852341311958,4.265326823400649,3.9940881729125977
W_20.655_78.775,2020-01-09,20.655,78.775,5.5,5.029645918184612,5.511563400121879,4.653378486633301
W_20.655_78.775,2020-11-29,20.655,78.775,6.09,5.69123931207616,4.652762673001146,3.8860092163085938
W_20.655_78.775,2021-01-09,20.655,78.775,3.95,5.4604956800163125,5.490851993782957,5.372367858886719
W_19.8947_75.2719,2016-01-04,19.89472,75.27194,7.8,9.834620723389305,9.705821574893164,8.431744575500488
W_19.8947_75.2719,2016-11-04,19.89472,75.27194,5.1,6.551946528749404,5.6083292445970665,7.5995869636535645
W_19.8947_75.2719,2017-01-04,19.89472,75.27194,8.2,8.363384012841141,8.197120560232207,8.327653884887695
W_19.8861_75.315,2016-01-04,19.88611,75.315,7.7,9.834620723389305,9.705821574893164,8.431744575500488
W_19.8861_75.315,2016-11-04,19.88611,75.315,6.5,6.551946528749404,5.6083292445970665,7.5995869636535645
W_19.8861_75.315,2017-01-04,19.88611,75.315,7.4,8.363384012841141,8.197120560232207,8.327653884887695
W_19.8861_75.315,2019-05-19,19.88611,75.315,7.81,9.46064455207171,9.592434255213549,11.9745454788208
W_19.8861_75.315,2021-01-09,19.88611,75.315,4.97,5.734550976199116,6.444771553356075,5.30454158782959
W_19.9003_75.3225,2017-01-04,19.90028,75.3225,8.2,9.79982875973253,9.522729188277628,10.450783729553224
W_19.9003_75.3225,2019-01-09,19.90028,75.3225,12.9,10.38634894027992,9.28505223377726,11.949297904968262
W_19.9003_75.3225,2019-05-19,19.90028,75.3225,13.2,9.698346826383174,9.824806474954377,16.711769104003906
W_19.9003_75.3225,2019-11-09,19.90028,75.3225,2.1,4.714172437479945,4.012949450102492,6.42117977142334
W_19.9003_75.3225,2020-01-09,19.90028,75.3225,5.3,7.701140426356891,7.298629645433087,7.47108268737793
W_19.9003_75.3225,2021-01-09,19.90028,75.3225,5.98,5.736941664980695,6.399566515666004,5.334880352020264
W_19.6994_75.0064,2016-01-04,19.69944,75.00639,6.3,13.006991382199846,10.234709889636465,15.004141807556152
W_19.6994_75.0064,2016-11-04,19.69944,75.00639,4.75,7.465750257508963,6.510596278734644,8.824773788452148
W_19.6994_75.0064,2017-01-04,19.69944,75.00639,13.2,9.439124460226202,9.792678336624478,8.296607971191406
W_19.6994_75.0064,2019-01-09,19.69944,75.00639,6.5,11.296211620858152,9.82984799024102,11.917236328125
W_19.6994_75.0064,2019-05-19,19.69944,75.00639,8.15,9.488642891048636,10.039730621460665,13.813690185546877
W_19.6994_75.0064,2019-11-09,19.69944,75.00639,0.8,5.197614732263169,5.021353299011866,6.894344329833984
W_19.6994_75.0064,2020-01-09,19.69944,75.00639,2.8,8.745321873331518,7.801304762059355,10.403679847717283
W_19.6994_75.0064,2021-01-09,19.69944,75.00639,3.01,6.861570887624493,7.202927428954893,6.2468342781066895
W_20.0833_75.15,2016-11-04,20.08333,75.15,11.35,6.0088472926129395,5.237417584824053,9.413222312927246
W_20.0833_75.15,2017-01-04,20.08333,75.15,13.5,8.966282916423927,9.691532752261685,7.485851764678955
W_20.0833_75.15,2019-01-09,20.08333,75.15,15.4,10.123168296100044,8.79918581448531,11.81126880645752
W_20.0833_75.15,2019-05-19,20.08333,75.15,12.15,9.623903212141546,10.033168088953763,10.226447105407717
W_20.5931_75.7083,2016-11-04,20.59306,75.70833,7.2,4.752844717003794,4.957316021643044,4.516994953155518
W_20.5931_75.7083,2017-01-04,20.59306,75.70833,10.0,6.425763910359072,6.20321921473893,6.443312168121338
W_20.5931_75.7083,2019-01-09,20.59306,75.70833,10.7,9.552107208494279,8.926659778230352,9.339646339416504
W_20.5931_75.7083,2019-05-19,20.59306,75.70833,11.5,9.735896293392294,9.716015719653488,11.58268928527832
W_20.5931_75.7083,2019-11-09,20.59306,75.70833,4.9,1.969874887946275,3.867946818354088,0.6444295048713684
W_20.5931_75.7083,2020-01-09,20.59306,75.70833,8.8,4.330504506255946,2.987983122117776,4.691357135772705
W_20.5931_75.7083,2021-01-09,20.59306,75.70833,10.1,6.884654889986225,6.557294771795378,6.18842363357544
W_20.2975_75.6539,2016-11-04,20.2975,75.65389,2.35,7.922589206275781,7.098528486734555,8.613905906677246
W_20.2975_75.6539,2017-01-04,20.2975,75.65389,2.3,8.63117259550186,9.408496988329322,7.386524677276611
W_20.2975_75.6539,2019-01-09,20.2975,75.65389,8.2,11.153111062877322,9.140578374943937,12.189024925231934
W_20.2975_75.6539,2019-05-19,20.2975,75.65389,15.0,9.639320104234477,9.858703816685136,12.386310577392578
W_20.2975_75.6539,2019-11-09,20.2975,75.65389,1.0,2.5970593975626124,3.8944494952589226,1.5943166017532349
W_20.2975_75.6539,2020-01-09,20.2975,75.65389,1.4,4.882135316881338,4.128327129130783,5.691655158996582
W_20.2975_75.6539,2021-01-09,20.2975,75.65389,2.7,5.743074498999474,6.259038421682004,5.5745768547058105
W_18.5347_72.9833,2015-11-04,18.53472,72.98333,0.95,3.9691766485116835,4.12626579986461,4.133632659912109
W_18.5347_72.9833,2016-11-04,18.53472,72.98333,2.17,4.031249516175649,4.38521462579814,3.4479165077209477
W_18.5347_72.9833,2017-01-04,18.53472,72.98333,2.7,5.095574239825834,4.890324287199184,5.272153377532959
W_18.5347_72.9833,2019-01-09,18.53472,72.98333,2.9,4.781762275730887,5.507081673439958,4.422080039978027
W_18.5347_72.9833,2019-11-09,18.53472,72.98333,1.37,2.8042229222318418,3.0426912044773475,1.802566170692444
W_18.5347_72.9833,2020-01-09,18.53472,72.98333,2.41,3.8100151684364625,3.842930896363936,3.7854299545288086
W_18.5347_72.9833,2020-11-29,18.53472,72.98333,1.4,5.1527762825702075,6.538551282070745,2.3207457065582275
W_18.5347_72.9833,2021-01-09,18.53472,72.98333,2.45,3.4324529549426894,3.758303653090908,3.0623443126678467
W_18.4333_73.2056,2015-11-04,18.43333,73.20556,1.1,2.387781395730067,2.5316301088989897,1.6068406105041504
W_18.4333_73.2056,2016-11-04,18.43333,73.20556,0.85,3.3511664183437273,3.8656384543485234,2.235830068588257
W_18.4333_73.2056,2017-01-04,18.43333,73.20556,2.2,3.737980236393086,3.666403454640304,3.354941368103028
W_18.4333_73.2056,2019-01-09,18.43333,73.20556,1.49,3.076274255480845,4.972682831834007,2.4747965335845947
W_18.4333_73.2056,2019-05-19,18.43333,73.20556,1.7,7.577573535252407,8.531225635910054,6.218660354614258
W_18.4333_73.2056,2019-11-09,18.43333,73.20556,1.05,1.571869655648727,2.4336840252933043,1.314873218536377
W_18.4333_73.2056,2020-01-09,18.43333,73.20556,1.39,2.4163640664885015,2.7355629702318613,2.1910839080810547
W_18.4333_73.2056,2020-11-29,18.43333,73.20556,0.4,3.5721199146791505,4.155150988023458,1.5667344331741333
W_18.4333_73.2056,2021-01-09,18.43333,73.20556,1.05,2.6674436250999283,2.835746871605311,2.462782382965088
W_18.0319_73.0806,2015-11-04,18.03194,73.08056,3.0,4.579449190000071,4.4740455116947055,4.88041877746582
W_18.0319_73.0806,2016-11-04,18.03194,73.08056,2.2,4.7586422526389915,4.495264175667693,4.471167087554932
W_18.0319_73.0806,2017-01-04,18.03194,73.08056,2.8,6.088371416418269,5.602435372392457,6.138433933258057
W_18.0319_73.0806,2019-01-09,18.03194,73.08056,2.14,4.326414732261108,5.186655281877712,4.969391822814941
W_18.0319_73.0806,2019-05-19,18.03194,73.08056,4.9,7.8888706655811935,8.51651915670814,9.434524536132812
W_18.0319_73.0806,2019-08-19,18.03194,73.08056,1.77,5.095195644189255,4.333954805239059,5.248749732971191
W_18.0319_73.0806,2019-11-09,18.03194,73.08056,1.9,3.326390237410351,2.802069895451724,2.6542277336120605
W_18.0319_73.0806,2020-01-09,18.03194,73.08056,2.03,4.3210008988731134,4.147743257359853,5.0308709144592285
W_18.0319_73.0806,2020-11-29,18.03194,73.08056,0.85,3.870295134952371,5.024866435281476,2.9887022972106934
W_18.0319_73.0806,2021-01-09,18.03194,73.08056,1.84,3.824448633744192,4.129969237116455,3.734786987304688
W_18.1222_73.2156,2015-11-04,18.12222,73.21556,1.25,2.996675956605791,3.478351335834409,2.617713212966919
W_18.1222_73.2156,2016-01-04,18.12222,73.21556,2.76,4.135930187923643,4.284322693838348,4.3990092277526855
W_18.1222_73.2156,2016-11-04,18.12222,73.21556,1.9,3.468324640094708,4.17677841372927,2.846047163009644
W_18.1222_73.2156,2017-01-04,18.12222,73.21556,2.32,4.64029029538129,4.175197329356317,4.68113374710083
W_18.1222_73.2156,2019-01-09,18.12222,73.21556,2.11,3.413583035537804,4.94987175678252,2.8498377799987797
W_18.1222_73.2156,2019-05-19,18.12222,73.21556,5.99,7.912103254649423,8.325879990297052,7.136467456817627
W_18.1222_73.2156,2019-11-09,18.12222,73.21556,1.05,1.8395290610228934,2.4336840252933043,1.8999394178390503
W_18.1222_73.2156,2020-01-09,18.12222,73.21556,1.47,3.3809408961580654,3.2581445145142918,3.3798069953918457
W_18.1222_73.2156,2020-11-29,18.12222,73.21556,1.8,3.7356124638476884,4.754216390838786,2.135075807571411
W_18.1222_73.2156,2021-01-09,18.12222,73.21556,2.04,3.0925586258389375,3.3304591299313437,3.0762195587158203
W_18.3028_73.2389,2016-11-04,18.30278,73.23889,2.26,4.258469788735155,4.191925683889579,2.653326988220215
W_18.3028_73.2389,2017-01-04,18.30278,73.23889,0.01,4.293183095802765,4.041584352228443,4.379548072814941
W_18.45_73.1,2015-11-04,18.45,73.1,0.6,2.135590010925542,2.9256059218109307,2.1873157024383545
W_18.45_73.1,2016-11-04,18.45,73.1,0.3,2.790910873505959,3.330095647714701,2.502225875854492
W_18.45_73.1,2017-01-04,18.45,73.1,2.2,4.390436633069645,3.911485642016072,4.3827996253967285
W_18.45_73.1,2019-01-09,18.45,73.1,1.53,3.2785315967393287,5.144145335888442,3.362320899963379
W_18.45_73.1,2019-11-09,18.45,73.1,0.8,1.8206228404254388,2.474111991260109,1.4489126205444336
W_18.45_73.1,2020-01-09,18.45,73.1,2.43,2.8654427450992093,2.963507468133936,2.923046112060547
W_18.45_73.1,2020-11-29,18.45,73.1,0.36,4.194205082147878,4.737372050622352,1.8964368104934688
W_18.45_73.1,2021-01-09,18.45,73.1,2.54,3.146061497289168,3.160882139977753,2.7398149967193604
W_18.0042_73.4,2016-11-04,18.00417,73.4,1.88,3.040884090203637,3.8960233239572775,2.0898783206939697
W_18.0042_73.4,2017-01-04,18.00417,73.4,3.77,3.9851787752604597,3.585449410350264,3.947476387023926
W_18.0042_73.4,2019-11-09,18.00417,73.4,1.4,1.7725041114097082,2.5115137955281703,2.0273895263671875
W_18.0042_73.4,2020-01-09,18.00417,73.4,2.78,2.8696521230367256,3.2701057867830547,2.865605592727661
W_18.6069_72.9794,2015-11-04,18.60694,72.97944,2.82,3.3830952883797503,3.3950402584045767,4.029740333557129
W_18.6069_72.9794,2016-11-04,18.60694,72.97944,2.62,3.6988346499303666,4.07946493922323,3.164649248123169
W_18.6069_72.9794,2017-01-04,18.60694,72.97944,3.8,4.847251753298392,4.639489717423164,4.771433353424072
W_18.6069_72.9794,2019-01-09,18.60694,72.97944,3.61,4.68544455029184,5.308424223333013,4.0252180099487305
W_18.6069_72.9794,2020-01-09,18.60694,72.97944,3.97,3.6650366224452378,3.782917550892787,3.55212950706482
W_18.6069_72.9794,2020-11-29,18.60694,72.97944,3.02,4.399663152102473,6.447212436055253,2.1900415420532227
W_18.6069_72.9794,2021-01-09,18.60694,72.97944,1.65,3.415438801102923,3.650731351361717,3.0649240016937256
W_20.8539_75.6639,2016-11-04,20.85389,75.66389,6.1,5.336907041109949,6.471227573388047,5.149946212768555
W_20.8539_75.6639,2017-01-04,20.85389,75.66389,6.8,6.662939465548787,6.811796740244461,6.321646690368652
W_20.8539_75.6639,2019-01-09,20.85389,75.66389,9.2,8.287448178181545,9.05768275558632,7.923948287963867
W_20.8539_75.6639,2019-05-19,20.85389,75.66389,6.71,9.549422496503754,10.10414035717289,10.434638023376465
W_20.8539_75.6639,2019-11-09,20.85389,75.66389,2.6,5.791155931774706,5.866110058549202,4.08033561706543
W_20.8539_75.6639,2020-01-09,20.85389,75.66389,4.7,5.143692267322423,5.731769460509435,2.8689355850219727
W_20.8539_75.6639,2021-01-09,20.85389,75.66389,6.4,8.441349742611727,7.250953202891312,9.299065589904783
W_20.6719_75.2256,2016-01-04,20.67194,75.22556,8.7,7.066831663538443,7.097621701273615,8.182649612426758
W_20.6719_75.2256,2016-11-04,20.67194,75.22556,7.97,4.8839544605374225,4.791973369678286,3.685923576354981
W_20.6719_75.2256,2017-01-04,20.67194,75.22556,7.8,5.389349620069974,5.298626235659686,4.724103927612305
W_20.6719_75.2256,2019-01-09,20.67194,75.22556,10.4,7.677080178292894,8.207944105965899,7.160079479217529
W_20.6719_75.2256,2019-05-19,20.67194,75.22556,9.5,9.548755421345014,9.69580787718522,8.179356575012207
W_20.6719_75.2256,2019-11-09,20.67194,75.22556,5.6,1.757475004261174,3.807697118945326,0.4352488815784454
W_20.6719_75.2256,2020-01-09,20.67194,75.22556,7.2,2.6741069537518722,2.695420829422535,3.032892227172852
W_20.6719_75.2256,2021-01-09,20.67194,75.22556,7.6,6.528453804245457,6.27035118797335,5.8429765701293945
W_20.7897_75.4556,2016-01-04,20.78972,75.45556,15.0,6.560009880193442,7.594814408775147,4.545059680938721
W_20.7897_75.4556,2016-11-04,20.78972,75.45556,9.28,5.595173118593846,6.303004676454997,3.836742401123047
W_20.7897_75.4556,2017-01-04,20.78972,75.45556,16.2,5.900092057718545,5.701370319988838,6.426562309265137
W_20.7897_75.4556,2019-01-09,20.78972,75.45556,17.2,6.6008282804383525,8.282359341967295,5.7647199630737305
W_20.7897_75.4556,2019-05-19,20.78972,75.45556,14.91,9.574439841835778,9.768424378347207,10.796707153320312
W_20.7897_75.4556,2019-11-09,20.78972,75.45556,8.1,3.347503113247957,3.987867237627317,1.404581904411316
W_20.7897_75.4556,2020-01-09,20.78972,75.45556,8.7,2.5298981158391314,3.647460673791932,1.1166473627090454
W_20.7897_75.4556,2021-01-09,20.78972,75.45556,10.75,6.892611084412811,6.549948220767382,7.311906337738037
W_21.2542_75.7417,2017-01-04,21.25417,75.74167,1.8,15.935273504487094,16.19207016526523,13.517739295959473
W_21.2542_75.7417,2019-01-09,21.25417,75.74167,7.4,21.025855267711833,25.02955531286956,35.27143096923828
W_21.2542_75.7417,2019-05-19,21.25417,75.74167,8.02,9.557200819006574,12.153025768759877,16.492687225341797
W_21.2542_75.7417,2019-11-09,21.25417,75.74167,0.2,17.066946912760066,17.805536450308704,24.790605545043945
W_21.2542_75.7417,2020-01-09,21.25417,75.74167,2.5,22.11131724709712,23.140729315094102,24.7432861328125
W_21.2542_75.7417,2021-01-09,21.25417,75.74167,3.1,11.352294641703601,12.89207231018287,16.805042266845703
W_21.1389_75.9694,2016-11-04,21.13889,75.96944,3.8,22.065800155727242,23.72261878049206,35.14284133911133
W_21.1389_75.9694,2017-01-04,21.13889,75.96944,4.6,23.258188090130588,30.50059223349172,26.04482078552246
W_21.1389_75.9694,2019-01-09,21.13889,75.96944,9.6,24.037594528284195,24.991428967591325,36.82952117919922
W_21.1389_75.9694,2019-05-19,21.13889,75.96944,15.57,9.104228257448751,14.036639394652251,36.445926666259766
W_21.1389_75.9694,2019-11-09,21.13889,75.96944,5.27,17.257849909831055,18.630996040746584,27.25420188903809
W_21.1389_75.9694,2020-01-09,21.13889,75.96944,7.5,24.74088346820659,26.733317994991356,29.368776321411133
W_21.1389_75.9694,2021-01-09,21.13889,75.96944,4.7,11.488216389673003,13.61749327960186,17.121551513671875
W_20.9167_75.3333,2016-11-04,20.91667,75.33333,4.41,4.906265484742102,5.683677219057202,4.582419395446777
W_20.9167_75.3333,2017-01-04,20.91667,75.33333,5.0,6.092123860262819,6.597015710210783,5.646623611450195
W_20.9167_75.3333,2019-01-09,20.91667,75.33333,7.4,7.236522608351259,9.078503430735038,8.201193809509277
W_20.9167_75.3333,2019-05-19,20.91667,75.33333,7.76,9.549867221294958,9.756173270614308,9.814078330993652
W_20.9167_75.3333,2019-11-09,20.91667,75.33333,0.84,8.718182852429605,6.63995242073082,4.165590763092041
W_20.9167_75.3333,2020-01-09,20.91667,75.33333,2.74,5.522293400149708,5.930000709583824,5.549985408782959
W_20.9167_75.3333,2021-01-09,20.91667,75.33333,5.3,8.859882412999946,7.348136657803645,9.12832260131836
W_20.7306_75.1,2016-11-04,20.73056,75.1,2.67,5.132365275603321,5.399630854188176,4.123719692230225
W_20.7306_75.1,2017-01-04,20.73056,75.1,3.6,5.857974694191166,5.534038865485037,6.08875036239624
W_20.7306_75.1,2019-01-09,20.73056,75.1,7.9,6.580685309059597,7.93798315584866,6.368292808532715
W_20.7306_75.1,2019-11-09,20.73056,75.1,2.9,2.7575903071466272,3.876196156680103,1.205892562866211
W_20.7306_75.1,2020-01-09,20.73056,75.1,3.3,3.036239071596473,3.3807481812016427,3.0105037689208984
W_20.7306_75.1,2021-01-09,20.73056,75.1,4.71,6.559500152707391,6.358088757568943,6.256759166717529
W_20.9608_75.6164,2016-01-04,20.96083,75.61639,10.6,8.332418969148643,9.906645332667456,8.291180610656738
W_20.9608_75.6164,2016-11-04,20.96083,75.61639,6.17,8.16443195375893,9.216375965943964,6.898555755615234
W_20.9608_75.6164,2019-01-09,20.96083,75.61639,9.8,9.668827944431163,9.784821941781118,11.09145164489746
W_20.9608_75.6164,2019-05-19,20.96083,75.61639,17.22,9.576054750870682,10.322694517055885,11.24607276916504
W_20.9608_75.6164,2020-01-09,20.96083,75.61639,7.2,7.99265493176618,9.170287863463184,7.18979024887085
W_20.9608_75.6164,2021-01-09,20.96083,75.61639,8.75,9.946008260404106,7.604246524219213,11.232466697692873
W_21.05_76.0333,2016-01-04,21.05,76.03333,3.6,15.847963692872362,14.791583429633723,17.340885162353516
W_21.05_76.0333,2016-11-04,21.05,76.03333,1.37,8.79073573860326,9.30163013340402,9.420191764831545
W_21.05_76.0333,2017-01-04,21.05,76.03333,7.2,9.685920654276924,10.604398609803276,9.966106414794922
W_21.05_76.0333,2019-01-09,21.05,76.03333,4.3,16.53113519916377,20.22960896222536,19.09127426147461
W_21.05_76.0333,2019-05-19,21.05,76.03333,13.51,9.434155347297887,11.871080624765296,13.672261238098145
W_21.05_76.0333,2019-11-09,21.05,76.03333,5.8,11.437076039728225,15.2130769842803,14.91817569732666
W_21.05_76.0333,2020-01-09,21.05,76.03333,1.5,13.261093485086787,14.45332092936021,12.940369606018066
W_21.05_76.0333,2021-01-09,21.05,76.03333,3.1,8.764809822550673,13.009602904974962,14.26482391357422
W_21.2486_77.5522,2017-08-24,21.24861,77.55222,21.0,6.27327501527198,6.488475352115651,12.201519012451172
W_21.2486_77.5522,2018-08-24,21.24861,77.55222,20.0,11.874851646189375,7.705667366912236,13.694883346557615
W_21.2486_77.5522,2019-01-09,21.24861,77.55222,18.5,9.902460072672612,12.6954923596309,17.15336799621582
W_21.2486_77.5522,2019-05-19,21.24861,77.55222,24.29,9.483548727328152,10.654804353405398,18.512989044189453
W_21.2486_77.5522,2019-11-09,21.24861,77.55222,20.4,7.248933075725739,10.974048950802498,12.831793785095217
W_21.2486_77.5522,2020-01-09,21.24861,77.55222,21.2,13.83506483556291,12.447805871887764,13.212824821472168
W_21.2486_77.5522,2020-11-29,21.24861,77.55222,21.5,6.205215283084179,7.332645119012204,10.16119384765625
W_21.2486_77.5522,2021-01-09,21.24861,77.55222,19.1,9.591275877443072,10.327534402932368,9.029485702514648
W_21.4292_77.0944,2016-11-04,21.42917,77.09444,2.4,5.028001007978454,5.045893144991144,6.043592929840088
W_21.4292_77.0944,2017-01-04,21.42917,77.09444,1.4,6.9660761190149625,7.2216929086917885,6.599223136901856
W_21.4292_77.0944,2017-08-24,21.42917,77.09444,0.4,5.170438965750978,4.97835096941289,4.617432594299316
W_21.4292_77.0944,2019-01-09,21.42917,77.09444,2.5,8.684301995144525,8.95158764567606,8.010120391845703
W_21.4292_77.0944,2019-05-19,21.42917,77.09444,6.99,9.64519535900587,9.767499374570958,11.42557144165039
W_21.4292_77.0944,2019-11-09,21.42917,77.09444,1.5,5.761956845859896,4.856255493799068,6.68014669418335
W_21.4292_77.0944,2021-01-09,21.42917,77.09444,2.6,8.212456782393428,8.015358019722362,7.850279808044434
W_20.7667_77.7,2016-11-04,20.76667,77.7,5.6,4.816254658605965,4.898389017313861,4.092473030090332
W_20.7667_77.7,2017-01-04,20.76667,77.7,8.3,5.882086998086377,5.850784237841781,5.929419994354248
W_20.7667_77.7,2017-08-24,20.76667,77.7,8.6,5.908306819901693,5.833731973332796,5.160766124725342
W_20.7667_77.7,2018-08-24,20.76667,77.7,4.8,6.883795883696986,5.837406625536019,4.719801425933838
W_20.7667_77.7,2019-01-09,20.76667,77.7,7.5,7.9522677296156825,7.934775669550541,5.831429958343506
W_20.7667_77.7,2019-05-19,20.76667,77.7,14.0,9.532764657108839,9.917579623528155,9.27407455444336
W_20.7667_77.7,2019-11-09,20.76667,77.7,5.9,6.207119053471933,4.612428091429866,4.410980224609375
W_20.7667_77.7,2020-01-09,20.76667,77.7,7.7,5.274558786637315,5.965618662272422,4.6758341789245605
W_20.7667_77.7,2020-11-29,20.76667,77.7,4.4,6.146177565964061,5.137012908252517,3.528442859649658
W_20.7667_77.7,2021-01-09,20.76667,77.7,5.9,5.413253435757602,5.347859219857522,5.951848983764648
W_21.2625_76.9806,2017-08-24,21.2625,76.98056,2.5,5.3911962944373135,5.852114049054418,5.98613166809082
W_21.2625_76.9806,2018-08-24,21.2625,76.98056,1.0,7.079842168845452,5.870855791526287,5.718848705291748
W_21.2625_76.9806,2019-05-19,21.2625,76.98056,5.1,9.687500142801799,10.548098353710788,10.783166885375977
W_20.9333_78.05,2016-11-04,20.93333,78.05,4.25,4.682686061292063,5.060142744198117,4.2643585205078125
W_20.9333_78.05,2017-01-04,20.93333,78.05,5.55,5.762938387414673,6.073149664785639,5.777153015136719
W_20.9333_78.05,2017-08-24,20.93333,78.05,4.15,5.195355031467147,5.1979834502127,4.823444843292236
W_20.9333_78.05,2019-01-09,20.93333,78.05,6.8,7.607284665541704,8.128222105435635,7.252667427062988
W_20.9333_78.05,2019-05-19,20.93333,78.05,9.9,9.53823067147012,9.686109424164677,9.846725463867188
W_20.9333_78.05,2019-11-09,20.93333,78.05,4.15,4.701369497236682,5.47297162783152,4.248650550842285
W_20.9333_78.05,2020-01-09,20.93333,78.05,6.1,5.332165515639558,6.019087356271792,5.709632873535156
W_20.9333_78.05,2020-11-29,20.93333,78.05,3.25,5.986157929258294,5.066684833480741,3.80466365814209
W_20.9333_78.05,2021-01-09,20.93333,78.05,3.9,5.432227551520188,5.690406492694871,5.826902389526367
W_21.5_77.2042,2016-11-04,21.5,77.20417,5.9,5.656232900928743,5.761560928415608,5.896483421325684
W_21.5_77.2042,2017-01-04,21.5,77.20417,6.4,7.013598753949127,7.289488562129446,7.010340213775635
W_21.5_77.2042,2017-08-24,21.5,77.20417,5.5,5.895745061365679,5.10020871225861,6.216207027435303
W_21.5_77.2042,2018-08-24,21.5,77.20417,4.7,7.438570354488942,5.098977359136349,5.722679615020752
W_21.5_77.2042,2019-01-09,21.5,77.20417,6.3,6.890570230382138,8.154377223006868,6.404677867889404
W_21.5_77.2042,2019-05-19,21.5,77.20417,7.2,9.840095929786624,10.064092441412177,10.131248474121094
W_21.5_77.2042,2019-11-09,21.5,77.20417,6.1,5.030063989630786,4.360228877806092,5.594008445739746
W_21.5_77.2042,2020-01-09,21.5,77.20417,6.8,6.4713060118287675,7.223170480465419,6.618377208709717
W_21.5_77.2042,2020-11-29,21.5,77.20417,6.2,6.394792590322423,5.318920091073039,5.9404778480529785
W_21.5_77.2042,2021-01-09,21.5,77.20417,6.1,6.982110714050803,7.093114563303322,7.075207233428955
W_20.9342_77.7819,2016-01-04,20.93417,77.78194,8.8,7.1489706190007976,7.190314807937451,7.064115524291992
W_20.9342_77.7819,2016-11-04,20.93417,77.78194,0.7,4.579569505867865,5.13350568865707,3.716193199157715
W_20.9342_77.7819,2017-01-04,20.93417,77.78194,4.8,5.925102374211065,6.028524977813508,5.943273544311523
W_20.9342_77.7819,2017-08-24,20.93417,77.78194,1.7,5.754269920941244,5.799296353017983,5.742336750030518
W_20.9342_77.7819,2018-08-24,20.93417,77.78194,1.0,6.522545214973752,5.54395464415902,4.698775291442871
W_20.9342_77.7819,2019-01-09,20.93417,77.78194,4.9,7.364712911764919,8.319182888889518,7.014839172363281
W_20.9342_77.7819,2019-05-19,20.93417,77.78194,6.0,9.56088011238312,10.054588287519987,9.30247974395752
W_20.9342_77.7819,2019-11-09,20.93417,77.78194,4.3,5.8989313541238415,7.130754925828548,8.393196105957031
W_20.9342_77.7819,2020-01-09,20.93417,77.78194,4.2,7.976801495455241,8.746057413872613,6.606247425079346
W_20.9342_77.7819,2020-11-29,20.93417,77.78194,4.7,6.023529255227575,5.389744664800494,4.439223289489746
W_20.9342_77.7819,2021-01-09,20.93417,77.78194,4.4,6.324908347782373,6.4104602725158815,6.996915817260742
W_20.9567_77.7575,2016-01-04,20.95667,77.7575,12.1,7.148970619000798,7.190314807937451,7.064115524291992
W_20.9567_77.7575,2016-11-04,20.95667,77.7575,7.5,4.579569505867865,5.13350568865707,3.716193199157715
W_20.9567_77.7575,2017-01-04,20.95667,77.7575,10.15,5.925102374211066,6.028524977813508,5.943273544311523
W_20.9567_77.7575,2017-08-24,20.95667,77.7575,10.25,5.754269920941244,5.799296353017983,5.742336750030518
W_20.9567_77.7575,2018-08-24,20.95667,77.7575,14.0,6.522545214973752,5.54395464415902,4.698775291442871
W_20.9567_77.7575,2019-01-09,20.95667,77.7575,8.5,7.364712911764919,8.319182888889518,7.014839172363281
W_20.9567_77.7575,2019-05-19,20.95667,77.7575,16.9,9.56088011238312,10.054588287519987,9.30247974395752
W_20.9567_77.7575,2019-11-09,20.95667,77.7575,8.55,5.8989313541238415,7.130754925828548,8.393196105957031
W_20.9567_77.7575,2020-01-09,20.95667,77.7575,10.0,7.976801495455241,8.746057413872613,6.606247425079346
W_20.9567_77.7575,2020-11-29,20.95667,77.7575,7.75,6.023529255227575,5.389744664800494,4.439223289489746
W_20.9567_77.7575,2021-01-09,20.95667,77.7575,8.6,6.324908347782373,6.4104602725158815,6.996915817260742
W_20.9947_77.4586,2016-01-04,20.99472,77.45861,8.8,8.50501227159893,9.025892549663585,8.936750411987305
W_20.9947_77.4586,2016-11-04,20.99472,77.45861,7.3,5.716232826113357,7.237356096414288,5.44667387008667
W_20.9947_77.4586,2017-01-04,20.99472,77.45861,8.1,6.75540313583634,7.765639786893893,6.038065433502197
W_20.9947_77.4586,2017-08-24,20.99472,77.45861,8.6,7.4996846660219685,7.246226176510335,15.99183177947998
W_20.9947_77.4586,2018-08-24,20.99472,77.45861,7.8,6.8474139441195785,6.430681602759224,5.611841201782227
W_20.9947_77.4586,2019-01-09,20.99472,77.45861,10.2,8.93884189308566,10.41135648207047,12.074049949645996
W_20.9947_77.4586,2019-05-19,20.99472,77.45861,10.8,9.730997588810084,10.570602545526294,19.42949867248535
W_20.9947_77.4586,2020-01-09,20.99472,77.45861,7.5,14.710288537191891,12.531122545728389,18.750444412231445
W_20.9947_77.4586,2020-11-29,20.99472,77.45861,6.8,6.498646118290768,5.633932801932513,8.586347579956055
W_20.9947_77.4586,2021-01-09,20.99472,77.45861,7.3,9.608840353812804,9.587385989090809,9.014411926269531
W_21.3833_78.0597,2017-01-04,21.38333,78.05972,8.1,8.339746122198633,7.979916585498577,8.802114486694336
W_21.3833_78.0597,2019-01-09,21.38333,78.05972,10.1,7.707165378796111,8.87960317023602,10.48352336883545
W_21.3833_78.0597,2019-05-19,21.38333,78.05972,19.0,9.488868763204175,9.812236819064204,14.325770378112791
W_21.3833_78.0597,2020-01-09,21.38333,78.05972,8.2,6.925689192252979,7.900740090004077,6.01713752746582
W_21.3833_78.0597,2021-01-09,21.38333,78.05972,8.1,8.026935279139764,7.895686438188621,7.712663650512695
W_21.4036_77.3297,2016-01-04,21.40361,77.32972,2.5,12.472594207853055,11.545817204742132,15.277331352233888
W_21.4036_77.3297,2016-11-04,21.40361,77.32972,1.1,5.535613728818023,5.513722456916049,4.966165065765381
W_21.4036_77.3297,2017-01-04,21.40361,77.32972,1.4,7.14761796475326,7.048764288488437,6.6946563720703125
W_21.4036_77.3297,2017-08-24,21.40361,77.32972,0.9,5.179465575712222,5.409374486005378,6.140226364135742
W_21.4036_77.3297,2018-08-24,21.40361,77.32972,1.3,6.805586120534181,5.377054617580707,5.402538299560547
W_21.4036_77.3297,2019-01-09,21.40361,77.32972,1.9,9.55371900048131,9.771454220542813,9.83008861541748
W_21.4036_77.3297,2019-05-19,21.40361,77.32972,1.8,10.033010463130985,10.586741189619875,8.071569442749023
W_21.4036_77.3297,2019-11-09,21.40361,77.32972,1.2,7.8772584496809035,5.043202378903016,7.84375524520874
W_21.4036_77.3297,2020-01-09,21.40361,77.32972,2.4,8.307302354351817,8.866619717474842,7.1775898933410645
W_21.4036_77.3297,2020-11-29,21.40361,77.32972,0.3,7.073960329179156,5.478620063138022,8.221765518188477
W_21.2417_77.8167,2016-11-04,21.24167,77.81667,3.8,4.670120176461216,5.330939160133001,4.59198808670044
W_21.2417_77.8167,2017-01-04,21.24167,77.81667,4.12,6.199925309231949,6.9675800500733125,5.694456100463867
W_21.2417_77.8167,2017-08-24,21.24167,77.81667,5.0,4.770144711183987,4.784533481490103,4.488943576812744
W_21.2417_77.8167,2018-08-24,21.24167,77.81667,5.1,6.309283922345515,4.989164210259287,5.487062931060791
W_21.2417_77.8167,2019-01-09,21.24167,77.81667,5.8,7.794453158998049,9.788274996626512,9.004735946655273
W_21.2417_77.8167,2019-05-19,21.24167,77.81667,7.5,9.610093579410778,10.216608985832076,13.285008430480955
W_21.2417_77.8167,2019-11-09,21.24167,77.81667,2.72,6.021651881328455,6.272716929561235,8.095986366271973
W_21.2417_77.8167,2020-01-09,21.24167,77.81667,3.5,8.175465717321991,8.33453991089209,7.02150821685791
W_21.2417_77.8167,2020-11-29,21.24167,77.81667,2.72,6.09424962480126,4.918125912982097,6.812154293060303
W_21.2417_77.8167,2021-01-09,21.24167,77.81667,4.1,7.702477206411651,7.678831645025864,7.591784954071045
W_20.9269_77.2631,2016-11-04,20.92694,77.26306,3.1,5.902471019029054,7.702239345624061,7.887644290924072
W_20.9269_77.2631,2017-08-24,20.92694,77.26306,3.1,6.552350570892961,7.220839705873008,4.813722133636475
W_20.9269_77.2631,2018-08-24,20.92694,77.26306,3.0,6.553513701708551,6.178332166628964,3.843695163726807
W_20.9269_77.2631,2019-05-19,20.92694,77.26306,6.1,9.670073433352325,10.721321666759652,9.173198699951172
W_20.9269_77.2631,2020-01-09,20.92694,77.26306,4.0,12.319733402126388,11.257562897662408,9.381333351135254
W_20.9269_77.2631,2021-01-09,20.92694,77.26306,4.1,10.042742408341635,10.57708097528374,9.814896583557127
W_20.3083_74.6583,2016-11-04,20.30833,74.65833,4.0,5.744238017850133,6.582276447472005,3.772179365158081
W_20.3083_74.6583,2017-01-04,20.30833,74.65833,4.5,5.651587380970907,5.375800035568343,5.302329063415527
W_20.3083_74.6583,2019-01-09,20.30833,74.65833,4.6,7.804540587943131,8.214622715305904,6.233841896057129
W_20.3083_74.6583,2019-05-19,20.30833,74.65833,9.2,9.575366224112615,9.607013714783289,9.843406677246094
W_20.3083_74.6583,2019-08-19,20.30833,74.65833,5.7,6.827784895400931,5.785372713296701,5.625537872314453
W_20.3083_74.6583,2019-11-09,20.30833,74.65833,1.85,3.2990369776974746,3.786642930894575,3.60947585105896
W_20.3083_74.6583,2020-01-09,20.30833,74.65833,5.05,6.06481801771823,5.304142468208467,6.992443561553955
W_20.3083_74.6583,2021-01-09,20.30833,74.65833,4.15,6.25393654206294,5.953125804860303,6.693697929382324
W_20.6333_74.4447,2016-01-04,20.63333,74.44472,6.25,10.897626387789787,10.695934579759529,10.017290115356444
W_20.6333_74.4447,2016-11-04,20.63333,74.44472,6.0,5.28646986356102,5.642091905406821,4.989935874938965
W_20.6333_74.4447,2017-01-04,20.63333,74.44472,10.8,6.738994820133041,6.440286763175494,8.164165496826172
W_20.6333_74.4447,2019-01-09,20.63333,74.44472,8.9,11.755832442409986,9.581313937808195,14.683727264404297
W_20.6333_74.4447,2019-05-19,20.63333,74.44472,15.6,9.62080198542119,9.944018930489948,14.205404281616213
W_20.6333_74.4447,2019-08-19,20.63333,74.44472,2.0,6.9628385799959975,5.502118873460825,6.5677666664123535
W_20.6333_74.4447,2019-11-09,20.63333,74.44472,4.0,4.130805842001966,4.162787142675101,5.971703052520752
W_20.6333_74.4447,2020-01-09,20.63333,74.44472,3.4,7.228631615953867,6.780269150031724,7.233479022979736
W_20.6333_74.4447,2021-01-09,20.63333,74.44472,6.4,7.533524521594266,6.520158302107755,8.076553344726562
W_19.8411_74.1097,2016-01-04,19.84111,74.10972,3.8,8.2441264223084,8.287111655353156,6.159791946411133
W_19.8411_74.1097,2016-11-04,19.84111,74.10972,1.4,5.898534274424797,5.862994609620151,5.213414669036865
W_19.8411_74.1097,2017-01-04,19.84111,74.10972,1.5,6.694482651450102,6.324871734974336,6.91059160232544
W_19.8411_74.1097,2019-01-09,19.84111,74.10972,3.8,6.420689911378827,7.265813572947732,5.716766357421875
W_19.8411_74.1097,2019-05-19,19.84111,74.10972,5.0,9.574518327335596,9.367422256600788,11.749425888061523
W_19.8411_74.1097,2019-08-19,19.84111,74.10972,0.01,6.755396023576845,5.326113988550735,6.374500274658203
W_19.8411_74.1097,2019-11-09,19.84111,74.10972,2.1,3.2942222711865763,3.663785639196715,5.114501476287842
W_19.8411_74.1097,2020-01-09,19.84111,74.10972,3.95,6.2113969019600095,6.018860641324753,5.195144176483154
W_19.8411_74.1097,2021-01-09,19.84111,74.10972,3.8,5.425430067655375,5.580551717861459,5.167334079742432
W_20.5556_74.3486,2016-11-04,20.55556,74.34861,1.0,7.1631425048269,6.241268104313072,9.07898998260498
W_20.5556_74.3486,2017-01-04,20.55556,74.34861,2.4,9.115674039042668,9.99889410860242,9.802462577819824
W_20.5556_74.3486,2019-01-09,20.55556,74.34861,5.0,13.430868922718988,10.513557975059015,19.55044174194336
W_20.5556_74.3486,2019-11-09,20.55556,74.34861,2.3,4.499111288344473,4.215736704033104,8.877997398376465
W_20.5556_74.3486,2021-01-09,20.55556,74.34861,2.0,7.963809387616587,6.252068463857771,9.09467315673828
W_19.8889_73.6958,2016-11-04,19.88889,73.69583,2.7,2.9108195583636896,4.328884996281927,2.2010645866394043
W_19.8889_73.6958,2017-01-04,19.88889,73.69583,1.8,4.031363274433724,3.8678079986841176,4.102722644805908
W_19.8889_73.6958,2019-01-09,19.88889,73.69583,1.0,5.173183286796708,5.719314031796773,4.3810553550720215
W_19.8889_73.6958,2019-05-19,19.88889,73.69583,3.8,10.043876730232387,9.158263131787422,8.317899703979492
W_19.8889_73.6958,2019-11-09,19.88889,73.69583,0.55,2.734324591635777,2.8582241442171883,1.8315399885177608
W_19.8889_73.6958,2020-01-09,19.88889,73.69583,2.45,5.648355358939184,4.137961593253153,5.389282703399658
W_19.8889_73.6958,2021-01-09,19.88889,73.69583,3.15,4.543799449972133,4.275858591210481,3.889825582504273
W_20.1767_73.7,2015-11-04,20.17667,73.7,1.65,3.721657425471113,3.925694283281613,3.3309786319732666
W_20.1767_73.7,2017-01-04,20.17667,73.7,2.6,5.039117006607676,4.830713618680848,4.4171552658081055
W_20.1767_73.7,2019-01-09,20.17667,73.7,7.7,5.245913247855076,5.728062475986648,5.691869735717773
W_20.1767_73.7,2019-05-19,20.17667,73.7,8.6,9.981207182986795,9.19659686925242,8.381662368774414
W_20.1767_73.7,2019-11-09,20.17667,73.7,0.6,2.9664358822273322,3.0295886310392364,1.853132963180542
W_20.1767_73.7,2020-01-09,20.17667,73.7,4.92,6.099542722032585,4.1549535390314585,7.154849529266357
W_20.1767_73.7,2021-01-09,20.17667,73.7,1.4,4.1583073791290985,4.146666246792051,3.8585009574890137
W_20.0639_74.1111,2017-01-04,20.06389,74.11111,4.9,5.582730078802616,5.786184413844552,4.365926265716553
W_20.0639_74.1111,2019-01-09,20.06389,74.11111,8.2,6.735460098046995,7.474401977601204,4.80841875076294
W_20.0639_74.1111,2019-05-19,20.06389,74.11111,11.24,9.104209860778688,9.393149523076472,12.101078033447266
W_20.0639_74.1111,2019-08-19,20.06389,74.11111,9.2,6.856123636401259,5.213018332646722,4.151192665100098
W_20.0639_74.1111,2019-11-09,20.06389,74.11111,6.4,3.7820455049191044,3.659770737388469,4.616012573242188
W_20.0639_74.1111,2020-01-09,20.06389,74.11111,7.52,5.575445736256697,5.951669373526544,4.693408489227295
W_20.0639_74.1111,2021-01-09,20.06389,74.11111,7.5,5.523177040448328,5.656124665125866,5.274879455566406
W_19.8039_74.2489,2016-01-04,19.80389,74.24889,10.4,7.722166108115354,7.824426244062187,5.630606651306152
W_19.8039_74.2489,2016-11-04,19.80389,74.24889,1.6,5.880602666806465,5.694015101833154,3.604372501373291
W_19.8039_74.2489,2017-01-04,19.80389,74.24889,6.1,5.363750526617476,5.182292397188794,5.444385051727295
W_19.8039_74.2489,2019-01-09,19.80389,74.24889,9.9,8.259156019914585,8.773484156667266,4.920252799987793
W_19.8039_74.2489,2019-05-19,19.80389,74.24889,15.7,9.596657793396696,9.63149694022066,10.651803016662598
W_19.8039_74.2489,2019-08-19,19.80389,74.24889,1.7,7.710918032784874,6.56873837117837,4.274440765380859
W_19.8039_74.2489,2019-11-09,19.80389,74.24889,5.35,3.428821239856173,3.934104298404856,4.841670989990234
W_19.8039_74.2489,2020-01-09,19.80389,74.24889,8.45,5.923159730229008,5.970812759067509,3.862514972686768
W_19.8039_74.2489,2021-01-09,19.80389,74.24889,10.4,5.46677662504898,5.515830982882661,5.299434185028076
W_20.4667_73.9833,2016-11-04,20.46667,73.98333,12.6,8.180747110405397,8.057053630778594,4.502102375030518
W_20.4667_73.9833,2017-01-04,20.46667,73.98333,14.1,6.225360883809013,6.39930930808395,6.079759120941162
W_20.4667_73.9833,2019-01-09,20.46667,73.98333,10.8,7.673997627721605,7.327868728758379,9.14175033569336
W_20.4667_73.9833,2019-05-19,20.46667,73.98333,20.49,10.203444994342162,10.079638913767866,18.54626846313477
W_20.4667_73.9833,2019-11-09,20.46667,73.98333,8.8,4.358988649138186,3.595213399135954,4.713379383087158
W_20.4667_73.9833,2020-01-09,20.46667,73.98333,20.49,7.358075649612475,6.69202244037746,10.844416618347168
W_20.2_73.8167,2016-11-04,20.2,73.81667,3.3,3.817630700584884,4.7825568343559866,3.6626229286193848
W_20.2_73.8167,2017-01-04,20.2,73.81667,8.5,5.913551658405478,5.22342801196104,5.354250431060791
W_20.2_73.8167,2019-01-09,20.2,73.81667,13.5,5.976478656694702,5.920678598166731,6.077340126037598
W_20.2_73.8167,2019-05-19,20.2,73.81667,10.5,10.038609119339135,8.751561530801231,9.801095962524414
W_20.2_73.8167,2019-11-09,20.2,73.81667,2.0,3.2337426459296115,3.054085607124228,2.576484203338623
W_20.2_73.8167,2020-01-09,20.2,73.81667,7.55,6.127535542982363,4.772226649237194,7.957306861877441
W_20.2_73.8167,2021-01-09,20.2,73.81667,0.35,4.872510751416543,4.619963434301965,4.457543849945068
W_19.8447_74.0833,2016-11-04,19.84472,74.08333,3.4,5.898534274424797,5.862994609620151,5.213414669036865
W_19.8447_74.0833,2017-01-04,19.84472,74.08333,4.6,6.694482651450102,6.324871734974336,6.91059160232544
W_19.8447_74.0833,2019-01-09,19.84472,74.08333,5.15,6.420689911378827,7.265813572947732,5.716766357421875
W_19.8447_74.0833,2019-05-19,19.84472,74.08333,9.2,9.574518327335596,9.367422256600788,11.749425888061523
W_19.8447_74.0833,2019-08-19,19.84472,74.08333,0.8,6.755396023576844,5.326113988550735,6.374500274658203
W_19.8447_74.0833,2019-11-09,19.84472,74.08333,3.5,3.2942222711865763,3.663785639196715,5.114501476287842
W_19.8447_74.0833,2020-01-09,19.84472,74.08333,6.5,6.2113969019600095,6.018860641324753,5.195144176483154
W_19.8447_74.0833,2021-01-09,19.84472,74.08333,4.4,5.425430067655375,5.580551717861459,5.167334079742432
W_19.8728_73.8811,2016-01-04,19.87278,73.88111,11.7,4.712732959931473,5.493370152812968,4.366322994232178
W_19.8728_73.8811,2016-11-04,19.87278,73.88111,3.5,4.0729971099622215,4.85651259671574,3.7990667819976807
W_19.8728_73.8811,2019-01-09,19.87278,73.88111,10.2,5.277457437853053,5.914000995980433,4.405445098876953
W_19.8728_73.8811,2019-05-19,19.87278,73.88111,13.6,10.019028046517601,9.26460706135371,9.964534759521484
W_19.8728_73.8811,2019-11-09,19.87278,73.88111,5.1,2.951421330275236,3.2375023803226965,2.7756030559539795
W_19.8728_73.8811,2020-01-09,19.87278,73.88111,4.48,5.379201359447763,4.77953135440675,5.369363784790039
W_19.8728_73.8811,2021-01-09,19.87278,73.88111,3.0,4.777479284113227,4.666540300018456,4.378767967224121
W_20.6333_74.4042,2016-11-04,20.63333,74.40417,1.4,9.829866712616978,7.769343884795976,10.696282386779783
W_20.6333_74.4042,2017-01-04,20.63333,74.40417,3.2,12.525855530678413,11.169112814271816,17.358137130737305
W_20.6333_74.4042,2019-01-09,20.63333,74.40417,8.65,13.961408921497314,11.207701935334804,20.67094612121582
W_20.6333_74.4042,2019-05-19,20.63333,74.40417,5.5,9.585931028030743,10.041052471737316,24.56998634338379
W_20.6333_74.4042,2019-08-19,20.63333,74.40417,1.3,7.331832271210816,5.04682927713976,21.55314445495605
W_20.6333_74.4042,2019-11-09,20.63333,74.40417,7.0,4.739178059583728,4.261720715643084,8.626906394958496
W_20.6333_74.4042,2020-01-09,20.63333,74.40417,3.2,9.19651524670195,9.052857778446716,10.76017951965332
W_20.6333_74.4042,2021-01-09,20.63333,74.40417,3.0,7.986546927037584,6.690108697896883,9.00613784790039
W_20.1083_74.225,2016-11-04,20.10833,74.225,2.1,4.956556082330571,4.94355784482306,4.069601535797119
W_20.1083_74.225,2017-01-04,20.10833,74.225,2.4,5.692038535157886,5.541055983142319,5.516181945800781
W_20.1083_74.225,2019-05-19,20.10833,74.225,45.0,9.52957476622447,9.62524807427565,8.43738842010498
W_20.1083_74.225,2019-08-19,20.10833,74.225,1.5,7.2143749254509535,5.801598358397703,4.246207237243652
W_20.1083_74.225,2019-11-09,20.10833,74.225,4.2,4.160005675175133,4.201257623445709,4.537323951721191
W_20.7822_74.1417,2016-01-04,20.78222,74.14167,7.15,15.477891474277875,11.660743716608794,19.742036819458008
W_20.7822_74.1417,2016-11-04,20.78222,74.14167,4.5,6.588446472792155,6.13941746730227,7.209347248077393
W_20.7822_74.1417,2017-01-04,20.78222,74.14167,6.0,8.049668332194193,8.437572024329022,8.677055358886719
W_20.7822_74.1417,2019-01-09,20.78222,74.14167,8.4,8.586698143768714,8.976992234531053,12.097399711608888
W_20.7822_74.1417,2019-05-19,20.78222,74.14167,7.4,9.686728148824885,10.441053641942066,13.1808500289917
W_20.7822_74.1417,2019-08-19,20.78222,74.14167,2.1,6.728774946953164,5.706411398506405,8.910048484802246
W_20.7822_74.1417,2019-11-09,20.78222,74.14167,3.5,4.938795082856868,4.537213142146702,6.20700740814209
W_20.7822_74.1417,2020-01-09,20.78222,74.14167,1.86,8.490614544726583,7.905677799032368,10.287734985351562
W_20.7822_74.1417,2021-01-09,20.78222,74.14167,3.2,6.725501084614101,6.85253882753246,7.953686237335205
W_19.5889_73.3844,2016-11-04,19.58889,73.38444,1.24,4.563869678601763,4.167895823646566,3.672176122665405
W_19.5889_73.3844,2017-01-04,19.58889,73.38444,2.05,5.60588790189538,5.125748149353997,5.815706729888916
W_19.5889_73.3844,2019-01-09,19.58889,73.38444,2.1,4.720038240825217,5.87535399228791,3.194859266281128
W_19.5889_73.3844,2019-11-09,19.58889,73.38444,0.91,2.185725519110164,2.624736670534638,1.4564423561096191
W_19.5889_73.3844,2020-01-09,19.58889,73.38444,1.48,3.4597392779462073,3.355504741302864,3.635958433151245
W_19.5889_73.3844,2020-11-29,19.58889,73.38444,1.4,4.988253135739724,5.675360445478638,2.2183496952056885
W_19.5889_73.3844,2021-01-09,19.58889,73.38444,1.62,3.3114251353695057,3.894564392089743,3.4489288330078125
W_19.4292_72.8697,2016-11-04,19.42917,72.86972,0.83,2.2633311917097827,2.874047972002786,1.7855806350708008
W_19.4292_72.8697,2017-01-04,19.42917,72.86972,1.46,3.533837186443991,3.0230689265456294,2.918430805206299
W_19.4292_72.8697,2019-01-09,19.42917,72.86972,1.8,3.5406195425084777,4.659641326798251,3.249988079071045
W_19.4292_72.8697,2019-11-09,19.42917,72.86972,1.27,2.3840543598913877,2.5396259220994057,1.7530003786087036
W_19.4292_72.8697,2020-01-09,19.42917,72.86972,1.26,2.7582934522729774,2.9877089156064938,2.2522428035736084
W_19.4292_72.8697,2020-11-29,19.42917,72.86972,1.32,6.6285185934330455,6.237925189329429,2.5988192558288574
W_19.4292_72.8697,2021-01-09,19.42917,72.86972,1.3,3.6017650651468793,3.7196630157271686,3.2689175605773926
W_19.3792_72.7917,2015-11-04,19.37917,72.79167,1.35,4.106633387674308,4.476937301705033,3.577970027923584
W_19.3792_72.7917,2016-11-04,19.37917,72.79167,1.05,4.261737093713295,4.308169799574209,3.5890121459960938
W_19.3792_72.7917,2017-01-04,19.37917,72.79167,2.17,5.324150823618279,4.8661388478583065,5.406731605529785
W_19.3792_72.7917,2019-01-09,19.37917,72.79167,3.65,4.677311380104669,5.677778546601512,3.910947799682617
W_19.3792_72.7917,2019-11-09,19.37917,72.79167,1.58,2.7142579543420466,2.750486509014847,1.934960961341858
W_19.3792_72.7917,2020-01-09,19.37917,72.79167,2.22,3.6388315718706417,3.6109069489692422,3.3586418628692627
W_19.3792_72.7917,2020-11-29,19.37917,72.79167,2.0,6.34626418401948,6.242862119678998,2.9048190116882324
W_19.3792_72.7917,2021-01-09,19.37917,72.79167,2.65,3.6940975645546845,4.136187606045829,3.467588424682617
W_19.4878_73.0253,2016-11-04,19.48778,73.02528,1.69,3.2842307746048527,4.000517094527888,2.55112361907959
W_19.4878_73.0253,2017-01-04,19.48778,73.02528,1.97,4.4549814578816385,4.017116041361007,4.503698825836182
W_19.4878_73.0253,2019-01-09,19.48778,73.02528,1.9,3.783529000062243,5.512432226707435,3.6291871070861816
W_19.4878_73.0253,2019-11-09,19.48778,73.02528,1.63,1.9294495475193576,2.716061610107661,1.8034353256225584
W_19.4878_73.0253,2020-01-09,19.48778,73.02528,2.19,2.773306919741856,3.249042263988476,2.459214210510254
W_19.4878_73.0253,2020-11-29,19.48778,73.02528,1.81,5.042566396723261,6.011663105104067,2.507766962051392
W_19.4878_73.0253,2021-01-09,19.48778,73.02528,2.12,3.5675021615711557,3.943453008841464,3.152580976486206
W_19.25_73.3833,2015-11-04,19.25,73.38333,0.85,2.9861644486310097,3.4382630948800808,3.0885801315307617
W_19.25_73.3833,2016-11-04,19.25,73.38333,1.15,3.857510224545694,4.033769782116387,3.343612670898437
W_19.25_73.3833,2017-01-04,19.25,73.38333,1.26,5.038463578382688,4.635790676977995,5.113824844360352
W_19.25_73.3833,2019-01-09,19.25,73.38333,1.15,4.575551940358652,5.625331989348214,3.080636739730835
W_19.25_73.3833,2019-05-19,19.25,73.38333,2.0,8.704685608131854,9.12893555432032,10.329421997070312
W_19.25_73.3833,2019-11-09,19.25,73.38333,1.22,2.304432941860209,2.795394712343851,1.7215882539749146
W_19.25_73.3833,2020-01-09,19.25,73.38333,1.3,2.7256137338950412,3.3080888531227,2.551306962966919
W_19.25_73.3833,2020-11-29,19.25,73.38333,1.15,4.335412470592216,5.882772817969841,2.6755239963531494
W_19.25_73.3833,2021-01-09,19.25,73.38333,1.13,3.8332520315470484,4.13328310214729,3.502192735671997
W_19.9833_72.7333,2015-11-04,19.98333,72.73333,4.55,4.447100347835178,4.124693990298919,3.5458085536956787
W_19.9833_72.7333,2016-11-04,19.98333,72.73333,3.95,4.039992328850484,4.120420666243226,5.146103382110596
W_19.9833_72.7333,2017-01-04,19.98333,72.73333,4.65,6.641072934061162,6.044460531576684,5.84706974029541
W_19.9833_72.7333,2019-01-09,19.98333,72.73333,4.9,6.03013721534567,5.91549874386522,5.582380294799805
W_19.9833_72.7333,2019-11-09,19.98333,72.73333,4.11,2.597764690966714,2.621721260644332,3.035682439804077
W_19.9833_72.7333,2020-01-09,19.98333,72.73333,4.65,4.793672865582733,4.54367960715195,4.92460298538208
W_19.9833_72.7333,2020-11-29,19.98333,72.73333,4.42,5.048266772621325,5.095255501738426,4.010894298553467
W_19.9833_72.7333,2021-01-09,19.98333,72.73333,4.59,4.4676024303689985,5.186041349550759,4.3664960861206055
W_19.9444_72.8667,2015-11-04,19.94444,72.86667,1.6,3.7300474624321267,3.8812790302749463,4.007272243499756
W_19.9444_72.8667,2016-11-04,19.94444,72.86667,1.1,4.106231392419104,4.226437181517918,4.580261707305908
W_19.9444_72.8667,2017-01-04,19.94444,72.86667,2.73,6.136492212708785,5.772583843023348,5.967737197875977
W_19.9444_72.8667,2019-01-09,19.94444,72.86667,2.3,5.923128198567109,5.718338741646706,5.638975620269775
W_19.9444_72.8667,2019-11-09,19.94444,72.86667,1.29,2.601830229327508,2.5477397426030284,3.125818252563477
W_19.9444_72.8667,2020-01-09,19.94444,72.86667,1.75,4.882741883566189,4.589748547158083,4.955789089202881
W_19.9444_72.8667,2020-11-29,19.94444,72.86667,1.7,5.009154096497143,4.832072190829639,4.17670488357544
W_19.9444_72.8667,2021-01-09,19.94444,72.86667,1.91,4.7151512359145356,5.212435924430917,4.105460643768311
W_19.6147_72.7336,2019-01-09,19.61472,72.73361,3.9,5.848215386172499,5.809817196343622,4.744856834411621
W_19.6147_72.7336,2019-11-09,19.61472,72.73361,1.68,2.4533112213900847,2.6361056941473167,2.353989124298096
W_19.6147_72.7336,2020-01-09,19.61472,72.73361,2.68,3.8136318276366796,4.12607578238908,4.175586700439453
W_19.6147_72.7336,2020-11-29,19.61472,72.73361,2.18,5.150744261015447,5.334965573138875,3.240931510925293
W_19.6147_72.7336,2021-01-09,19.61472,72.73361,3.02,4.230076104817906,4.631726225878404,3.928763866424561
W_19.3478_72.7861,2016-11-04,19.34778,72.78611,1.06,4.261737093713295,4.308169799574209,3.5890121459960938
W_19.3478_72.7861,2017-01-04,19.34778,72.78611,1.88,5.324150823618279,4.8661388478583065,5.406731605529785
W_19.3164_73.1589,2016-11-04,19.31639,73.15889,1.95,2.5767996314563377,3.1923124188639624,1.9736603498458865
W_19.3164_73.1589,2017-01-04,19.31639,73.15889,2.88,3.9489902072887793,3.580311621207843,3.879396438598633
W_19.3164_73.1589,2019-01-09,19.31639,73.15889,3.81,4.045499553627406,5.6648853748381605,3.367264986038208
W_19.3164_73.1589,2019-05-19,19.31639,73.15889,7.1,8.113851458443323,9.019061930222447,6.213126182556152
W_19.3164_73.1589,2019-11-09,19.31639,73.15889,2.44,1.9742984129694063,2.810388007562558,1.641580581665039
W_19.3164_73.1589,2020-01-09,19.31639,73.15889,4.35,2.591554081074609,3.1870304891745183,2.4177138805389404
W_19.3164_73.1589,2020-11-29,19.31639,73.15889,1.74,4.144786037685235,5.827863718012413,2.407308340072632
W_19.3164_73.1589,2021-01-09,19.31639,73.15889,3.53,3.550931261553426,3.854612095322252,3.0807037353515625
W_19.2833_72.95,2015-11-04,19.28333,72.95,0.8,4.6693304651275,3.657374880540392,2.720078468322754
W_19.2833_72.95,2016-11-04,19.28333,72.95,0.75,4.705866831573717,3.3990430338607536,5.396541595458984
W_19.2833_72.95,2017-01-04,19.28333,72.95,4.4,6.565712347205089,5.542662519006759,6.448078632354736
W_19.2833_72.95,2019-01-09,19.28333,72.95,3.65,3.539209291372648,4.668275170321699,4.738720893859863
W_19.2833_72.95,2019-11-09,19.28333,72.95,1.61,2.840657033158855,2.495092852369032,2.3730061054229736
W_19.2833_72.95,2020-01-09,19.28333,72.95,5.5,3.42725929281985,3.685406549760728,3.7472236156463614
W_19.2833_72.95,2020-11-29,19.28333,72.95,4.2,5.545245970008385,6.3028575185323,3.2372970581054688
W_19.2833_72.95,2021-01-09,19.28333,72.95,4.53,3.8400864086118682,4.1591714963301545,3.348450183868408
W_20.0569_73.0389,2015-11-04,20.05694,73.03889,3.25,3.868899193140434,3.832643278791246,4.148026466369629
W_20.0569_73.0389,2016-11-04,20.05694,73.03889,3.22,3.8188542037863327,4.173623738823409,4.055496692657471
W_20.0569_73.0389,2017-01-04,20.05694,73.03889,4.25,5.741483531976878,5.336474491733687,5.370948791503906
W_20.0569_73.0389,2019-01-09,20.05694,73.03889,5.9,5.897777840921278,5.53150782800298,5.773751258850098
W_20.0569_73.0389,2019-11-09,20.05694,73.03889,3.19,2.6567535680854877,2.5133909300850634,3.2091846466064453
W_20.0569_73.0389,2020-01-09,20.05694,73.03889,3.2,4.758602963544091,4.733043698078599,4.330520153045654
W_20.0569_73.0389,2020-11-29,20.05694,73.03889,3.92,6.0481933790794695,4.8204746824697855,4.047293186187744
W_20.0569_73.0389,2021-01-09,20.05694,73.03889,4.92,4.8414435384033006,5.038179407825045,4.083243370056152
W_19.8833_73.1667,2015-11-04,19.88333,73.16667,0.6,3.2344251002517357,2.996959893704195,3.082860946655273
W_19.8833_73.1667,2016-11-04,19.88333,73.16667,0.6,3.0576401674174263,4.197279708214708,2.8796303272247314
W_19.8833_73.1667,2017-01-04,19.88333,73.16667,1.41,4.716214414772543,4.489118772558266,4.565678119659424
W_19.8833_73.1667,2019-01-09,19.88333,73.16667,2.0,5.720288216750554,5.447153657297754,5.080813407897949
W_19.8833_73.1667,2019-05-19,19.88333,73.16667,5.04,9.666574197680289,9.094218097986248,7.8239898681640625
W_19.8833_73.1667,2019-11-09,19.88333,73.16667,0.7,2.0975816828201332,2.3895468025631885,2.147374391555786
W_19.8833_73.1667,2020-01-09,19.88333,73.16667,1.55,3.4235455431138173,3.7767882080151742,3.5304441452026367
W_19.8833_73.1667,2020-11-29,19.88333,73.16667,2.89,6.220543101577152,4.712070770073829,2.886813163757324
W_19.8833_73.1667,2021-01-09,19.88333,73.16667,1.71,4.025757538136224,4.209692405608289,3.3425533771514893
W_20.6272_80.0406,2016-11-04,20.62722,80.04056,2.37,3.5063036600835766,3.9420335804280056,2.862189531326294
W_20.6272_80.0406,2017-01-04,20.62722,80.04056,4.75,5.56059170459425,4.567753990239023,6.315869331359863
W_20.6272_80.0406,2017-08-24,20.62722,80.04056,2.7,5.177796129476652,5.431590577028203,4.646631717681885
W_20.6272_80.0406,2019-01-09,20.62722,80.04056,4.0,5.1416081242351535,6.415227609935534,5.493495941162109
W_20.6272_80.0406,2019-05-19,20.62722,80.04056,8.3,9.27061464696526,9.05478610887404,9.664443016052246
W_20.6272_80.0406,2019-11-09,20.62722,80.04056,3.3,1.899443268348668,3.220394284571027,2.1590576171875
W_20.6272_80.0406,2020-01-09,20.62722,80.04056,2.95,3.7222377857157336,3.843480206077865,3.3321635723114014
W_20.6272_80.0406,2020-11-29,20.62722,80.04056,3.68,5.817001448332595,5.29143408111031,3.9823968410491934
W_20.6272_80.0406,2021-01-09,20.62722,80.04056,3.5,4.9985737958102545,5.1876556262249,5.481266021728516
W_20.0653_80.0014,2016-11-04,20.06528,80.00139,0.96,4.307473071410607,4.550281228170728,4.067960739135742
W_20.0653_80.0014,2017-01-04,20.06528,80.00139,4.6,5.872137232426415,5.263275361054809,6.570586681365967
W_20.0653_80.0014,2017-08-24,20.06528,80.00139,1.89,5.522521430687573,5.528654910641893,5.955383777618408
W_20.0653_80.0014,2019-01-09,20.06528,80.00139,4.6,5.325075611569008,6.386876779857409,5.5064778327941895
W_20.0653_80.0014,2019-05-19,20.06528,80.00139,7.4,9.094605286237881,9.266041516223057,10.502655982971191
W_20.0653_80.0014,2019-11-09,20.06528,80.00139,2.7,2.5220567048014924,3.315840165865443,1.8870428800582888
W_20.0653_80.0014,2020-01-09,20.06528,80.00139,3.95,4.101364303211955,3.6813220352959206,4.649435043334961
W_20.0653_80.0014,2021-01-09,20.06528,80.00139,3.99,4.738854109886879,4.737141247572523,4.104095458984375
W_20.5208_80.2333,2016-11-04,20.52083,80.23333,2.8,2.6426244775402483,3.813064828394792,1.9694401025772093
W_20.5208_80.2333,2017-01-04,20.52083,80.23333,3.8,4.4181283897971015,4.070839337133588,4.362350463867188
W_20.5208_80.2333,2019-01-09,20.52083,80.23333,4.9,5.354411101915277,6.353700577279558,4.35239315032959
W_20.5208_80.2333,2019-05-19,20.52083,80.23333,8.2,9.026167158144856,9.1478781918728,9.303959846496582
W_20.5208_80.2333,2019-11-09,20.52083,80.23333,3.2,2.5625129507557394,3.3243682843549163,1.7179652452468872
W_20.5208_80.2333,2020-01-09,20.52083,80.23333,2.8,3.4492965946923575,3.517655664135513,2.821125030517578
W_19.6_80.2333,2019-01-09,19.6,80.23333,4.3,6.231842247997342,6.198381259842818,7.035244464874268
W_19.6_80.2333,2019-11-09,19.6,80.23333,2.5,2.671293930922121,3.386553008032904,2.5565502643585205
W_19.6_80.2333,2020-01-09,19.6,80.23333,6.3,5.037070724683704,4.217667205108066,5.537888526916504
W_19.1667_80.15,2019-01-09,19.16667,80.15,7.6,6.4646485353220395,6.5465545791420015,6.470340251922607
W_19.1667_80.15,2019-05-19,19.16667,80.15,8.2,10.020522296228245,9.762075946906227,10.25597858428955
W_19.1667_80.15,2019-11-09,19.16667,80.15,6.6,3.752308952062788,3.798735457067915,3.775743246078491
W_19.1667_80.15,2020-01-09,19.16667,80.15,7.05,5.817532041136738,5.088893152750675,5.821264743804932
W_19.1667_80.15,2021-01-09,19.16667,80.15,8.6,5.734772481345307,5.526200496787937,5.671867847442627
W_19.5333_80.0667,2016-11-04,19.53333,80.06667,1.42,3.699389995668655,3.820843408529524,3.389305591583252
W_19.5333_80.0667,2017-08-24,19.53333,80.06667,5.65,5.024242560166573,5.634387264451737,4.77118444442749
W_19.5333_80.0667,2019-01-09,19.53333,80.06667,5.7,5.764582968852497,5.880670917102085,5.8893818855285645
W_19.5333_80.0667,2019-11-09,19.53333,80.06667,1.1,2.5763396584899865,3.5101071105377257,2.1203601360321045
W_19.5333_80.0667,2020-01-09,19.53333,80.06667,5.0,4.5574323985450835,3.9840747816591793,4.939399242401123
W_19.5333_80.0667,2021-01-09,19.53333,80.06667,3.4,4.933082458863412,5.202679451926595,4.62841272354126
W_19.6_79.85,2016-11-04,19.6,79.85,0.54,3.06156503985134,3.281668154138331,2.9086928367614746
W_19.6_79.85,2017-08-24,19.6,79.85,0.87,4.7446411719052515,4.005348242048965,5.218748092651367
W_19.6_79.85,2019-01-09,19.6,79.85,3.5,4.817205403384927,5.625675353537537,4.247590065002441
W_19.6_79.85,2019-05-19,19.6,79.85,5.7,9.626246443869395,8.754863811104341,9.373273849487305
W_19.6_79.85,2019-11-09,19.6,79.85,0.6,2.0893712319601345,3.308239631873942,1.6579402685165403
W_19.6_79.85,2020-01-09,19.6,79.85,1.8,3.5558565342553563,3.4061196291417875,3.686249256134033
W_19.6_79.85,2020-11-29,19.6,79.85,4.38,5.816860959829763,4.826166688911011,3.71340537071228
W_19.6_79.85,2021-01-09,19.6,79.85,4.17,4.637118964159841,5.067958629321263,4.304258346557617
W_19.9333_79.8833,2016-11-04,19.93333,79.88333,0.82,2.889699136655275,3.269364596565128,3.016716957092285
W_19.9333_79.8833,2017-01-04,19.93333,79.88333,4.45,5.393394096518348,4.731305307604696,5.539047718048096
W_19.9333_79.8833,2017-08-24,19.93333,79.88333,0.65,4.60135048197403,3.685920241715317,3.717288255691528
W_19.9333_79.8833,2019-01-09,19.93333,79.88333,3.2,5.310820953594198,6.309606546704163,4.718159198760986
W_19.9333_79.8833,2020-01-09,19.93333,79.88333,1.4,3.8407867512498326,3.615479362798911,3.982500314712525
W_19.9333_79.8833,2020-11-29,19.93333,79.88333,5.26,6.061497072082324,5.240791334355383,3.685415029525757
W_19.9333_79.8833,2021-01-09,19.93333,79.88333,5.55,4.767270842139237,5.027458000859234,4.034445762634277
W_20.3058_80.1317,2016-11-04,20.30583,80.13167,2.07,3.0262084020089595,3.6609122951903865,2.503577947616577
W_20.3058_80.1317,2017-01-04,20.30583,80.13167,7.6,5.069651693673445,4.4098847600050775,5.325697898864746
W_20.3058_80.1317,2019-01-09,20.30583,80.13167,8.1,5.316526367662798,6.353700577279558,4.66818904876709
W_20.3058_80.1317,2019-05-19,20.30583,80.13167,13.89,9.170769651729966,9.175820248338582,9.103388786315918
W_20.3058_80.1317,2019-11-09,20.30583,80.13167,2.7,2.5517533807967965,3.315808605816368,1.8376386165618896
W_20.3058_80.1317,2020-01-09,20.30583,80.13167,3.4,3.779687757614589,3.6373290354505152,3.593080282211304
W_18.8992_77.7233,2016-11-04,18.89917,77.72333,6.8,5.62001322810513,5.359691322237402,4.952599048614502
W_18.8992_77.7233,2017-01-04,18.89917,77.72333,7.4,6.970623783687735,6.873155956095582,7.257327079772949
W_18.8992_77.7233,2019-01-09,18.89917,77.72333,3.7,7.777818363496681,8.142166722019105,6.867877006530762
W_18.8992_77.7233,2019-05-19,18.89917,77.72333,3.0,9.040705319931385,9.548313664234698,10.217199325561523
W_18.8992_77.7233,2019-11-09,18.89917,77.72333,7.3,4.349240076444299,4.70146452315831,4.240947246551514
W_18.8992_77.7233,2020-01-09,18.89917,77.72333,7.2,6.123913605346977,6.75406030472275,5.459805965423584
W_18.8992_77.7233,2021-01-09,18.89917,77.72333,3.9,6.264818122246597,6.259638370026281,6.249448299407959
W_19.2167_77.6833,2016-11-04,19.21667,77.68333,2.8,3.9708103740303167,4.3404253057145175,3.334341764450073
W_19.2167_77.6833,2017-01-04,19.21667,77.68333,4.75,5.544805936066385,5.320156447045928,5.811057090759277
W_19.2167_77.6833,2019-01-09,19.21667,77.68333,5.95,6.738108955198713,7.73527969900911,6.593636989593506
W_19.2167_77.6833,2019-05-19,19.21667,77.68333,9.65,9.099504562615236,9.250271973285315,11.09246063232422
W_19.2167_77.6833,2019-11-09,19.21667,77.68333,4.25,4.143459542107257,4.502476495590329,3.4011688232421875
W_19.2167_77.6833,2020-01-09,19.21667,77.68333,4.4,4.966688435614019,6.156270458944249,3.8525869846344
W_19.2167_77.6833,2021-01-09,19.21667,77.68333,5.0,5.857367732893648,5.634913766089706,5.878714084625244
W_19.5047_77.5997,2016-01-04,19.50472,77.59972,16.55,7.492598307047959,7.330016468457781,8.636323928833008
W_19.5047_77.5997,2017-01-04,19.50472,77.59972,5.25,5.8718752518127175,5.65573889658117,5.4855732917785645
W_19.5047_77.5997,2019-01-09,19.50472,77.59972,6.55,6.2278700803231395,7.4461571663649,5.3144073486328125
W_19.5047_77.5997,2019-05-19,19.50472,77.59972,12.55,9.700360833100888,9.732345021005347,8.617745399475098
W_19.5047_77.5997,2019-11-09,19.50472,77.59972,2.0,3.5875681765747185,4.227417577026231,3.1565840244293213
W_19.5047_77.5997,2020-01-09,19.50472,77.59972,2.85,5.075487005882448,5.351611257542398,6.282080173492432
W_19.5047_77.5997,2021-01-09,19.50472,77.59972,4.1,6.00984013089769,5.595389935632379,6.117842197418213
W_19.2333_77.4333,2016-11-04,19.23333,77.43333,3.7,4.2562703146686,4.475539184974616,3.6447582244873047
W_19.2333_77.4333,2017-01-04,19.23333,77.43333,5.05,5.751934683285375,5.599767203890715,5.581503391265869
W_19.2333_77.4333,2019-01-09,19.23333,77.43333,10.3,7.797195870126252,8.4459907795626,8.467297554016113
W_19.2333_77.4333,2019-05-19,19.23333,77.43333,12.3,9.308945991167471,9.235219849801355,10.583822250366213
W_19.2333_77.4333,2019-11-09,19.23333,77.43333,4.3,3.688805306379448,4.137160701523548,3.9846816062927246
W_19.2333_77.4333,2020-01-09,19.23333,77.43333,5.7,5.248678573768775,6.530379031825354,5.360113620758057
W_19.2333_77.4333,2021-01-09,19.23333,77.43333,6.1,5.744862463734762,5.525811262956839,5.8593621253967285
W_18.6561_77.1833,2016-11-04,18.65611,77.18333,2.2,4.9301882106671275,4.925520107291491,2.934922456741333
W_18.6561_77.1833,2017-01-04,18.65611,77.18333,5.2,5.33968687327409,5.163260336430632,5.007519721984863
W_18.6561_77.1833,2019-01-09,18.65611,77.18333,12.0,10.990181675126129,9.49994805622046,11.454855918884276
W_18.6561_77.1833,2019-05-19,18.65611,77.18333,13.1,9.09088094434349,9.711292551179731,15.776042938232422
W_18.6561_77.1833,2020-01-09,18.65611,77.18333,5.2,6.676162832779692,5.413636041181163,5.524787902832031
W_18.6561_77.1833,2021-01-09,18.65611,77.18333,4.5,5.432849950197896,5.407010315835087,5.013230800628662
W_19.4208_77.8672,2016-01-04,19.42083,77.86722,6.0,10.41657700942434,8.353185868607493,10.832514762878418
W_19.4208_77.8672,2016-11-04,19.42083,77.86722,1.5,5.404092262323378,5.353498376142101,5.229363918304443
W_19.4208_77.8672,2017-01-04,19.42083,77.86722,2.9,6.993018326702519,7.023872259201909,6.4334259033203125
W_19.4208_77.8672,2019-01-09,19.42083,77.86722,3.3,6.585595691739242,7.104323482531962,6.589056491851807
W_19.4208_77.8672,2019-05-19,19.42083,77.86722,5.6,9.330079384075367,9.661156787227029,10.242298126220703
W_19.4208_77.8672,2020-01-09,19.42083,77.86722,2.35,5.38348838127441,5.8695043233629125,4.931869029998779
W_19.4208_77.8672,2021-01-09,19.42083,77.86722,3.0,6.245360522076922,5.872993848702015,6.43546199798584
W_18.7919_77.6267,2016-11-04,18.79194,77.62667,11.6,5.362201706085854,6.498555652659411,4.7667555809021
W_18.7919_77.6267,2017-01-04,18.79194,77.62667,9.8,6.902618223402489,6.830589958154132,7.45221996307373
W_18.7919_77.6267,2019-01-09,18.79194,77.62667,10.25,8.711476383524184,8.54277486848753,9.911283493041992
W_18.7919_77.6267,2019-05-19,18.79194,77.62667,9.5,9.094254085387243,9.69473101826625,9.926275253295898
W_18.7919_77.6267,2019-11-09,18.79194,77.62667,10.5,4.268084557978462,4.512707548588166,3.737640857696533
W_18.7919_77.6267,2020-01-09,18.79194,77.62667,10.8,5.475750364863742,6.369111491780869,6.447798728942871
W_19.4167_77.8667,2017-01-04,19.41667,77.86667,7.7,6.99301832670252,7.023872259201909,6.4334259033203125
W_19.4167_77.8667,2019-11-09,19.41667,77.86667,1.2,4.6476215077482195,4.577867026139696,3.770681381225586
W_18.9606_77.5761,2016-01-04,18.96056,77.57611,6.6,7.902167094170586,7.869474348739898,5.635085105895996
W_18.9606_77.5761,2016-11-04,18.96056,77.57611,2.1,4.660802194677783,4.716309700009203,4.631758689880371
W_18.9606_77.5761,2017-01-04,18.96056,77.57611,2.9,6.585966387448637,6.672655116875728,6.060773849487305
W_18.9606_77.5761,2019-01-09,18.96056,77.57611,4.1,7.328976058035124,7.777764993263739,5.591304302215576
W_18.9606_77.5761,2019-05-19,18.96056,77.57611,5.5,9.002239944687615,9.460955618012562,8.884089469909668
W_18.9606_77.5761,2019-11-09,18.96056,77.57611,1.7,4.120431451540999,4.554851688846211,3.768198013305664
W_18.9606_77.5761,2020-01-09,18.96056,77.57611,2.25,5.342344285058604,6.201870287985354,4.959691524505615
W_18.9606_77.5761,2021-01-09,18.96056,77.57611,2.6,5.731845403700453,5.814540365176082,5.623310089111328
W_19.0125_77.4144,2016-01-04,19.0125,77.41444,4.0,8.838478729126734,8.406679055473818,7.840745449066162
W_19.0125_77.4144,2016-11-04,19.0125,77.41444,1.8,4.505748116515653,4.74155027113742,4.298922538757324
W_19.0125_77.4144,2017-01-04,19.0125,77.41444,1.2,6.259285459358246,6.298985603001671,6.168418884277344
W_19.0125_77.4144,2019-01-09,19.0125,77.41444,1.4,7.736693019826251,8.351758289667988,7.367008686065674
W_19.0125_77.4144,2019-05-19,19.0125,77.41444,1.7,9.03071743415505,9.42898544405636,15.11548900604248
W_19.0125_77.4144,2019-11-09,19.0125,77.41444,2.6,4.290238686079237,4.516655157780495,3.570055723190308
W_19.0125_77.4144,2020-01-09,19.0125,77.41444,1.1,5.2401104434269445,6.050135722968093,4.819864749908447
W_19.0125_77.4144,2021-01-09,19.0125,77.41444,1.8,5.662495800725062,5.671415815142339,5.409884929656982
W_19.8056_77.9222,2016-11-04,19.80556,77.92222,3.8,5.060321534727352,4.192502669537475,4.021844387054443
W_19.8056_77.9222,2017-01-04,19.80556,77.92222,5.65,5.698209559081735,5.617360050656121,5.4368157386779785
W_19.5_77.6667,2016-01-04,19.5,77.66667,12.0,7.647486564434386,7.451730576828638,7.734005928039551
W_19.5_77.6667,2017-01-04,19.5,77.66667,6.7,5.86407115087146,5.884880482864449,5.764659881591797
W_19.5_77.6667,2019-01-09,19.5,77.66667,9.6,6.044766340086568,7.257173422671149,5.856945037841797
W_19.5_77.6667,2019-05-19,19.5,77.66667,22.6,9.623570229525866,10.035244192157474,9.550726890563965
W_19.5_77.6667,2019-11-09,19.5,77.66667,6.1,3.80396732889447,4.186671279141341,3.91521954536438
W_19.5_77.6667,2020-01-09,19.5,77.66667,7.7,5.519129705301238,5.883070712464437,6.140874862670898
W_19.5_77.6667,2021-01-09,19.5,77.66667,6.4,6.249322206365425,5.509377980873738,6.234445571899414
W_21.7875_74.0478,2015-11-04,21.7875,74.04778,1.25,5.78240655423685,6.465649774770024,3.835197925567627
W_21.7875_74.0478,2016-01-04,21.7875,74.04778,3.3,5.809603336822913,6.870245693002687,3.5513932704925537
W_21.7875_74.0478,2016-11-04,21.7875,74.04778,1.0,5.375909216163968,4.767258290481735,3.3008570671081543
W_21.7875_74.0478,2017-01-04,21.7875,74.04778,3.0,5.156491285827613,5.124315094114591,4.74352502822876
W_21.7875_74.0478,2019-01-09,21.7875,74.04778,5.35,6.894110047590454,7.765889992496405,4.027037620544434
W_21.7875_74.0478,2019-05-19,21.7875,74.04778,4.3,9.657038445748727,10.233740582476166,7.358356475830078
W_21.7875_74.0478,2019-11-09,21.7875,74.04778,1.8,5.15704246323974,5.299034280461809,3.589287757873535
W_21.7875_74.0478,2020-01-09,21.7875,74.04778,4.05,5.448514274828637,5.506382567640674,5.29075288772583
W_21.7875_74.0478,2021-01-09,21.7875,74.04778,3.35,7.17393048123226,6.977530425811386,6.929803848266602
W_21.2769_74.2086,2016-01-04,21.27694,74.20861,7.0,6.587128100358176,6.939437985452804,6.5750017166137695
W_21.2769_74.2086,2016-11-04,21.27694,74.20861,5.0,5.271313930753879,6.344253367746611,4.462807655334473
W_21.2769_74.2086,2017-01-04,21.27694,74.20861,5.4,6.269133061070686,5.918115724166173,6.457616806030273
W_21.2769_74.2086,2019-01-09,21.27694,74.20861,6.0,9.984950346184535,8.776285483499358,9.302335739135742
W_21.2769_74.2086,2019-05-19,21.27694,74.20861,10.2,9.731436637075529,9.839933411006196,9.557462692260742
W_21.2769_74.2086,2019-08-19,21.27694,74.20861,1.9,5.672713919981054,4.882198410853006,2.2699475288391118
W_21.2769_74.2086,2019-11-09,21.27694,74.20861,3.5,5.286545537405279,4.7158939734159695,4.129890441894531
W_21.2769_74.2086,2020-01-09,21.27694,74.20861,7.0,5.951590721718795,5.910256407573418,6.828896999359131
W_21.2769_74.2086,2021-01-09,21.27694,74.20861,5.9,7.685506199333068,7.431646842431479,7.092103958129883
W_21.7533_74.3525,2016-01-04,21.75333,74.3525,3.8,9.848963887024814,10.919413440951722,9.429241180419922
W_21.7533_74.3525,2016-11-04,21.75333,74.3525,2.3,10.812426419754633,9.498871787799704,11.02367877960205
W_21.7533_74.3525,2017-01-04,21.75333,74.3525,2.1,10.874292763193061,10.92730850744465,10.211334228515623
W_21.7533_74.3525,2019-01-09,21.75333,74.3525,6.5,9.807380452519412,9.254066318200952,7.513362884521484
W_21.7533_74.3525,2019-05-19,21.75333,74.3525,6.7,9.669744331720706,10.320147499083468,9.968609809875488
W_21.7533_74.3525,2019-11-09,21.75333,74.3525,2.7,5.714121247281581,5.775794579512286,5.872552871704102
W_21.7533_74.3525,2020-01-09,21.75333,74.3525,6.99,7.350047945238258,7.308745680805378,7.378063678741455
W_21.7533_74.3525,2021-01-09,21.75333,74.3525,4.0,7.33972477184542,7.260003475282733,7.4151611328125
W_21.5333_73.9333,2015-11-04,21.53333,73.93333,3.75,5.223927522355127,6.085163981987492,6.193711280822754
W_21.5333_73.9333,2016-11-04,21.53333,73.93333,7.2,5.114896202658238,5.317197254515863,5.766815185546875
W_21.5333_73.9333,2017-01-04,21.53333,73.93333,7.8,7.515942052427672,6.878687150072862,8.613409996032715
W_21.5333_73.9333,2019-01-09,21.53333,73.93333,6.2,7.100694423783758,7.201127010706395,5.632593154907227
W_21.5333_73.9333,2019-05-19,21.53333,73.93333,12.99,9.70873922613101,9.395684517324218,11.005412101745604
W_21.5333_73.9333,2019-11-09,21.53333,73.93333,5.65,4.855113554577712,4.024323224578827,4.224596977233887
W_21.5333_73.9333,2020-01-09,21.53333,73.93333,6.18,5.948954850950207,5.779379956054361,5.77948808670044
W_21.5333_73.9333,2021-01-09,21.53333,73.93333,6.45,6.016575942694659,5.884045099141902,6.599452972412109
W_21.4556_74.6178,2016-01-04,21.45556,74.61778,30.0,9.65782585895503,9.81788917584741,14.398307800292969
W_21.4556_74.6178,2016-11-04,21.45556,74.61778,19.9,6.2015280043359375,6.4017021669839,7.076768398284912
W_21.4556_74.6178,2017-01-04,21.45556,74.61778,9.8,7.964428604030894,8.108404533383808,6.435247898101807
W_21.4556_74.6178,2019-01-09,21.45556,74.61778,29.7,12.056394076868413,10.930144673305122,14.774208068847656
W_21.4556_74.6178,2019-05-19,21.45556,74.61778,23.9,9.897111054065554,9.831891259384282,10.660593032836914
W_21.4556_74.6178,2019-08-19,21.45556,74.61778,36.0,5.11088948492609,5.131242400627888,14.622802734375
W_21.4556_74.6178,2019-11-09,21.45556,74.61778,15.1,6.092131468057318,4.80307334159651,7.607163429260254
W_21.4556_74.6178,2020-01-09,21.45556,74.61778,15.2,8.235693591482791,8.47205016013896,7.068438053131104
W_21.4556_74.6178,2021-01-09,21.45556,74.61778,19.2,7.63181238315169,7.910754988043778,8.57267951965332
W_18.4556_76.0914,2016-11-04,18.45556,76.09139,2.1,5.131040040430373,5.497216117834522,3.529229164123535
W_18.4556_76.0914,2017-01-04,18.45556,76.09139,3.8,6.345499826823328,5.948219402918528,6.958981513977051
W_18.4556_76.0914,2019-01-09,18.45556,76.09139,7.2,10.720224753841418,10.309833299827872,11.15236473083496
W_18.4556_76.0914,2019-05-19,18.45556,76.09139,8.7,9.42893323534824,9.76589296925876,10.606514930725098
W_18.4556_76.0914,2019-11-09,18.45556,76.09139,1.53,4.228783807172835,4.314290002088097,4.982937335968018
W_18.4556_76.0914,2020-01-09,18.45556,76.09139,3.25,7.84207161529508,7.938631609857394,7.356022834777832
W_18.4556_76.0914,2021-01-09,18.45556,76.09139,3.01,6.265865545830963,6.010042278761658,6.506582736968994
W_18.3708_75.425,2016-11-04,18.37083,75.425,6.35,5.1444103750566645,6.308899681157583,5.142483234405518
W_18.3708_75.425,2017-01-04,18.37083,75.425,4.0,6.800022893486112,7.014877158915637,7.123637199401856
W_18.3708_75.425,2019-01-09,18.37083,75.425,5.3,9.793761162064643,8.931715289153068,9.828303337097168
W_18.3708_75.425,2019-05-19,18.37083,75.425,10.0,9.006036876347538,9.625176648356668,11.4197998046875
W_18.3708_75.425,2019-11-09,18.37083,75.425,2.85,4.051674180704431,4.092312991747829,4.648695945739746
W_18.3708_75.425,2020-01-09,18.37083,75.425,4.2,6.693651165828349,6.702666647612528,5.670025825500488
W_18.3708_75.425,2021-01-09,18.37083,75.425,3.05,5.735480057621347,5.670533343200253,5.209651947021484
W_18.18_76.0453,2016-11-04,18.18,76.04528,5.1,4.50171448578295,4.719715530216384,3.868736267089844
W_18.18_76.0453,2017-01-04,18.18,76.04528,9.45,5.86600005861385,5.975253777114482,6.254654407501221
W_18.18_76.0453,2019-01-09,18.18,76.04528,10.45,9.14783825720091,9.812078970865084,8.520020484924316
W_18.18_76.0453,2019-05-19,18.18,76.04528,11.45,9.230533426944374,9.385754529331956,9.245772361755373
W_18.18_76.0453,2019-11-09,18.18,76.04528,8.72,3.77392008158802,3.826562090121121,3.750611782073975
W_18.18_76.0453,2020-01-09,18.18,76.04528,9.86,5.9604532960931484,6.569955280868837,5.697966575622559
W_18.18_76.0453,2021-01-09,18.18,76.04528,9.4,5.9618993788884715,6.223340030820539,5.9164347648620605
W_18.325_75.9639,2016-11-04,18.325,75.96389,2.5,4.858413316875894,5.34443082342645,4.058451652526856
W_18.325_75.9639,2017-01-04,18.325,75.96389,5.3,5.850180555696492,6.185908808496026,6.280609607696533
W_18.325_75.9639,2019-01-09,18.325,75.96389,10.7,9.664273094536208,9.021624269481215,10.029175758361816
W_18.325_75.9639,2019-05-19,18.325,75.96389,10.69,9.422566799538451,9.618552277809984,8.985684394836426
W_18.325_75.9639,2020-01-09,18.325,75.96389,5.2,6.808135117178053,7.45819390869663,6.557075023651123
W_18.325_75.9639,2021-01-09,18.325,75.96389,3.86,5.898365658080776,6.141536763131006,6.149226188659668
W_17.8236_76.3336,2016-11-04,17.82361,76.33361,4.7,3.780491584648602,4.077319256339798,3.288832902908325
W_17.8236_76.3336,2017-01-04,17.82361,76.33361,6.2,5.342854398895003,5.351868194095289,5.234875202178955
W_17.8236_76.3336,2019-01-09,17.82361,76.33361,6.9,8.330104840896826,9.058492136425668,8.150546073913574
W_17.8236_76.3336,2019-05-19,17.82361,76.33361,6.7,9.375438031022785,9.52447154164152,9.144197463989258
W_17.8236_76.3336,2019-11-09,17.82361,76.33361,6.5,3.588769912936802,4.291516619736793,3.67309308052063
W_17.8236_76.3336,2020-01-09,17.82361,76.33361,7.58,5.548042595186047,6.499461353523596,4.7554779052734375
W_17.8236_76.3336,2021-01-09,17.82361,76.33361,6.58,5.672879175638614,5.741696795321326,5.725867748260498
W_18.4931_75.4722,2016-11-04,18.49306,75.47222,6.0,4.859428876259959,5.062376763464356,5.436098098754883
W_18.4931_75.4722,2017-01-04,18.49306,75.47222,9.05,6.80554633391214,7.337485563899454,6.540653705596924
W_18.4931_75.4722,2019-01-09,18.49306,75.47222,10.75,8.891925811442134,9.071920041037163,9.79801082611084
W_18.4931_75.4722,2019-05-19,18.49306,75.47222,10.99,9.08545365254656,9.54250422429246,10.40318202972412
W_18.4931_75.4722,2019-11-09,18.49306,75.47222,3.95,3.678871076472066,3.944482745175331,4.8836541175842285
W_18.4931_75.4722,2020-01-09,18.49306,75.47222,4.8,6.43572714726894,6.937438784205144,5.717610836029053
W_18.4931_75.4722,2021-01-09,18.49306,75.47222,5.02,6.07340854956981,6.30686753868804,5.580455303192139
W_18.0989_75.9708,2017-01-04,18.09889,75.97083,4.0,6.7852992161629855,7.201047446591317,7.37838888168335
W_18.0989_75.9708,2019-01-09,18.09889,75.97083,8.9,10.358190302163658,9.576063442113265,10.846141815185549
W_18.0989_75.9708,2019-05-19,18.09889,75.97083,10.07,9.157311910064047,9.635919291242232,11.11935329437256
W_18.0989_75.9708,2019-11-09,18.09889,75.97083,3.87,3.8210866855243086,4.096286611349107,4.387170314788818
W_18.0989_75.9708,2020-01-09,18.09889,75.97083,4.52,7.041918253966216,7.437647209957888,7.6069488525390625
W_18.0989_75.9708,2021-01-09,18.09889,75.97083,8.21,6.060184311675049,6.164527753193246,5.817663669586182
W_17.8333_76.6833,2016-11-04,17.83333,76.68333,1.05,4.540020282352426,4.61365515638018,4.786377906799316
W_17.8333_76.6833,2017-01-04,17.83333,76.68333,1.8,6.607943465930743,6.685872984990103,6.338351249694824
W_17.8333_76.6833,2019-01-09,17.83333,76.68333,3.8,9.019253519524273,9.6770316141896,10.219854354858398
W_17.8333_76.6833,2019-05-19,17.83333,76.68333,8.25,9.478482663719884,9.482897094655938,9.370821952819824
W_17.8333_76.6833,2019-11-09,17.83333,76.68333,1.35,4.3279164025679275,4.409451582640472,4.330604076385498
W_17.8333_76.6833,2020-01-09,17.83333,76.68333,1.8,6.697872263505439,7.405561680346544,6.304844379425049
W_17.8333_76.6833,2021-01-09,17.83333,76.68333,1.85,5.907518578886705,6.261114297354343,5.823507785797119
W_18.6147_75.5961,2016-01-04,18.61472,75.59611,8.5,11.388452079813668,10.374604899417774,11.164685249328612
W_18.6147_75.5961,2016-11-04,18.61472,75.59611,6.9,5.095535857166035,6.484411222608358,4.417524814605713
W_18.6147_75.5961,2017-01-04,18.61472,75.59611,3.15,6.294138091772264,6.55122523767055,7.076829433441162
W_18.6147_75.5961,2019-01-09,18.61472,75.59611,14.0,8.684366208436177,9.25807792337416,9.469037055969238
W_18.6147_75.5961,2019-05-19,18.61472,75.59611,13.99,9.167663100645559,9.611324768610244,10.973621368408203
W_18.6147_75.5961,2019-11-09,18.61472,75.59611,0.32,4.02703481127402,3.8683331675141455,4.509428977966309
W_18.6147_75.5961,2020-01-09,18.61472,75.59611,6.15,6.83788075055596,6.668319937161008,7.044209957122803
W_18.6147_75.5961,2021-01-09,18.61472,75.59611,7.02,5.971073241877691,6.278054119357037,6.15425968170166
W_18.5144_76.1806,2016-11-04,18.51444,76.18056,2.35,4.862496226314342,5.091225390630451,3.433527946472168
W_18.5144_76.1806,2017-01-04,18.51444,76.18056,3.6,6.064066948689287,5.781038766461487,7.23401403427124
W_18.5144_76.1806,2019-01-09,18.51444,76.18056,5.35,11.080860075690072,10.520582737378408,11.495923042297363
W_18.5144_76.1806,2019-05-19,18.51444,76.18056,5.6,9.4754651803469,9.447094742287536,10.731764793395996
W_18.5144_76.1806,2019-11-09,18.51444,76.18056,2.28,3.891561258441497,3.813861957298197,3.9646058082580566
W_18.5144_76.1806,2020-01-09,18.51444,76.18056,3.15,6.427447470426762,6.834005616349899,6.566605091094971
W_18.5144_76.1806,2021-01-09,18.51444,76.18056,3.65,6.186686024847284,5.604059619274596,6.724825382232666
W_17.0167_74.775,2016-11-04,17.01667,74.775,5.3,4.982279687051064,4.85597997134004,4.4302167892456055
W_17.0167_74.775,2017-01-04,17.01667,74.775,7.8,6.17977695566856,5.75520371961698,6.165822982788086
W_17.0167_74.775,2019-01-09,17.01667,74.775,10.3,7.264441846004189,7.120579274275372,5.1539506912231445
W_17.0167_74.775,2020-01-09,17.01667,74.775,5.1,4.144737312564868,4.090630557830821,3.862072706222534
W_17.05_75.2167,2016-11-04,17.05,75.21667,6.1,5.633060280290086,5.866761947856074,6.632245063781738
W_17.05_75.2167,2017-01-04,17.05,75.21667,7.5,7.8348628860127425,7.441185628063752,7.621261596679687
W_17.05_75.2167,2019-01-09,17.05,75.21667,9.3,8.641645076891548,7.798430202592836,10.363344192504885
W_17.05_75.2167,2019-08-19,17.05,75.21667,7.0,11.231987413918553,7.235017951517928,8.30782699584961
W_17.05_75.2167,2019-11-09,17.05,75.21667,6.2,3.782783129300996,3.901208117458814,5.098033905029297
W_17.05_75.2167,2020-01-09,17.05,75.21667,10.5,6.930604665459194,6.653047982122488,7.547981262207031
W_17.05_75.2167,2021-01-09,17.05,75.21667,6.5,4.508897846110983,4.41119311547625,4.388665199279785
W_17.5417_74.9583,2016-11-04,17.54167,74.95833,1.3,4.827906089519957,4.99887293938488,4.150339603424072
W_17.5417_74.9583,2017-01-04,17.54167,74.95833,6.1,6.066294605606818,5.585390695914683,5.74074649810791
W_17.5417_74.9583,2019-01-09,17.54167,74.95833,12.0,7.431584338132522,7.279506116248105,6.136767387390137
W_17.5417_74.9583,2019-11-09,17.54167,74.95833,1.8,2.6724401494631316,3.487088571740218,2.028493642807007
W_17.5417_74.9583,2020-01-09,17.54167,74.95833,1.5,3.8171051116262684,3.783034339999006,4.237149715423584
W_17.5417_74.9583,2021-01-09,17.54167,74.95833,2.2,4.580082696785907,5.290419839194602,4.155898571014404
W_16.8383_74.5878,2016-11-04,16.83833,74.58778,0.6,4.0753064921590285,4.711035318440307,4.0915045738220215
W_16.8383_74.5878,2017-01-04,16.83833,74.58778,7.1,6.045482151354585,5.443960811017223,6.227489471435547
W_16.8383_74.5878,2019-01-09,16.83833,74.58778,3.5,7.1550787752203115,7.172225681742154,6.410595417022705
W_16.8383_74.5878,2020-01-09,16.83833,74.58778,1.4,5.182525372795534,4.647450379707028,5.301303386688232
W_16.8383_74.5878,2021-01-09,16.83833,74.58778,1.7,4.552380431390815,4.755575855446565,3.5992367267608643
W_17.0583_75.3167,2016-11-04,17.05833,75.31667,6.3,5.633060280290086,5.866761947856074,6.632245063781738
W_17.0583_75.3167,2017-01-04,17.05833,75.31667,9.3,7.8348628860127425,7.441185628063752,7.621261596679687
W_17.0583_75.3167,2019-01-09,17.05833,75.31667,10.0,8.641645076891548,7.798430202592836,10.363344192504885
W_17.0583_75.3167,2019-08-19,17.05833,75.31667,6.65,11.231987413918553,7.235017951517928,8.30782699584961
W_17.0583_75.3167,2019-11-09,17.05833,75.31667,2.9,3.782783129300995,3.901208117458814,5.098033905029297
W_17.0583_75.3167,2020-01-09,17.05833,75.31667,6.1,6.930604665459194,6.653047982122488,7.547981262207031
W_17.0583_75.3167,2021-01-09,17.05833,75.31667,5.5,4.508897846110983,4.41119311547625,4.388665199279785
W_17.0572_74.8644,2016-11-04,17.05722,74.86444,5.8,4.011212081318342,4.386967350622363,4.008903980255127
W_17.0572_74.8644,2017-01-04,17.05722,74.86444,7.5,5.69197981089357,5.312522922738172,5.108474254608154
W_17.0572_74.8644,2019-01-09,17.05722,74.86444,12.9,7.7644381249022185,7.052203234999828,5.05441427230835
W_17.0572_74.8644,2019-11-09,17.05722,74.86444,4.3,3.2603941971518773,3.701593616077333,2.389317512512207
W_17.0572_74.8644,2020-01-09,17.05722,74.86444,5.2,4.257725778719811,4.070928319732993,3.989684581756592
W_17.0572_74.8644,2021-01-09,17.05722,74.86444,4.1,4.667628072362792,4.618253487823681,3.576842784881592
W_17.4161_74.9294,2016-01-04,17.41611,74.92944,10.0,7.7477598251873605,6.720725491311375,7.674534797668457
W_17.4161_74.9294,2016-11-04,17.41611,74.92944,0.7,4.367487202906004,4.773793772153454,5.042158126831055
W_17.4161_74.9294,2017-01-04,17.41611,74.92944,1.6,6.675384494694971,6.095845633092184,5.738898754119873
W_17.4161_74.9294,2019-01-09,17.41611,74.92944,7.35,7.419377369317099,7.040804376965503,7.0010857582092285
W_17.4161_74.9294,2019-11-09,17.41611,74.92944,2.1,2.7755390264044917,3.390288552017344,2.0945756435394287
W_17.4161_74.9294,2020-01-09,17.41611,74.92944,3.2,3.5357116075605184,3.8387434681065375,3.3548054695129395
W_17.4161_74.9294,2021-01-09,17.41611,74.92944,1.2,4.543184341589333,5.13438825840524,4.001183986663818
W_16.9169_74.5669,2016-11-04,16.91694,74.56694,3.0,4.869374354201568,4.91832016814655,4.6302490234375
W_16.9169_74.5669,2017-01-04,16.91694,74.56694,2.9,6.292295282511631,5.8939090915324135,6.97800350189209
W_16.9169_74.5669,2019-01-09,16.91694,74.56694,4.35,6.787043399266248,7.163962701824459,6.393379211425781
W_16.9169_74.5669,2019-11-09,16.91694,74.56694,1.8,3.794187109463233,3.7033647822441456,3.096684217453003
W_16.9169_74.5669,2020-01-09,16.91694,74.56694,2.4,5.104211354568308,4.607760595899263,5.111016750335693
W_16.9169_74.5669,2021-01-09,16.91694,74.56694,2.5,4.822778412795092,5.06953031710583,3.659567832946777
W_16.9808_74.1197,2016-01-04,16.98083,74.11972,1.5,4.293660742503364,4.126596726551323,3.3338637351989746
W_16.9808_74.1197,2016-11-04,16.98083,74.11972,1.1,3.483142544204815,4.309558281749293,3.359071969985962
W_16.9808_74.1197,2017-01-04,16.98083,74.11972,1.5,4.89135368926765,4.547501951258439,4.695153713226318
W_16.9808_74.1197,2019-01-09,16.98083,74.11972,2.4,6.0877293071893295,6.459840370988316,4.456668376922607
W_16.9808_74.1197,2019-11-09,16.98083,74.11972,1.5,3.9981113173238274,3.691342458504257,3.940526247024536
W_16.9808_74.1197,2020-01-09,16.98083,74.11972,1.7,4.817252679988973,4.981486886588196,3.627241849899292
W_17.2647_74.7186,2017-01-04,17.26472,74.71861,5.9,5.863002395800947,5.628016663678482,5.632215023040772
W_17.2647_74.7186,2019-01-09,17.26472,74.71861,8.4,7.292066563203375,7.16397869294947,6.3787522315979
W_17.2647_74.7186,2019-11-09,17.26472,74.71861,3.1,3.358306710356211,3.4685596472268667,2.233436822891236
W_17.2647_74.7186,2020-01-09,17.26472,74.71861,4.8,4.031963656383354,4.017538767519779,3.661044836044312
W_17.2647_74.7186,2021-01-09,17.26472,74.71861,5.0,4.962214915060632,5.131576419377463,3.7563748359680176
W_16.9583_74.7428,2016-11-04,16.95833,74.74278,2.3,4.832640266301018,4.731337297062176,3.600468397140503
W_16.9583_74.7428,2017-01-04,16.95833,74.74278,2.9,5.531270962036278,5.011253973542564,6.065135002136231
W_16.9583_74.7428,2019-01-09,16.95833,74.74278,7.9,6.700676787247928,7.108033798243994,5.238910675048828
W_16.9583_74.7428,2019-11-09,16.95833,74.74278,3.25,3.3355872170088587,3.658688622476244,2.3949766159057617
W_16.9583_74.7428,2020-01-09,16.95833,74.74278,3.35,4.137321696141182,4.018723862393316,4.066644191741943
W_17.0508_74.2333,2016-11-04,17.05083,74.23333,2.8,5.6911909752833445,5.491448698934614,5.7340497970581055
W_17.0508_74.2333,2017-01-04,17.05083,74.23333,3.1,6.952119086647269,6.625343253458561,7.016974925994873
W_17.0508_74.2333,2019-01-09,17.05083,74.23333,5.15,6.708033441105467,6.597655390005466,5.529315948486328
W_17.0508_74.2333,2019-11-09,17.05083,74.23333,3.8,3.4651670489508843,3.5970097104519017,3.9622161388397217
W_17.0508_74.2333,2020-01-09,17.05083,74.23333,4.2,5.156838292974206,5.0705230305036775,5.05712890625
W_17.0508_74.2333,2021-01-09,17.05083,74.23333,3.6,4.823470606322091,4.881677187273612,4.546698093414307
W_20.4083_79.0,2016-11-04,20.40833,79.0,2.1,4.041094823332915,4.058766922725929,3.29338812828064
W_20.4083_79.0,2017-01-04,20.40833,79.0,3.15,5.4995732084102595,5.125922528810062,5.717710494995117
W_20.4083_79.0,2017-08-24,20.40833,79.0,1.75,5.321413963747156,4.944399183663476,4.132524490356445
W_20.4083_79.0,2019-01-09,20.40833,79.0,3.25,6.625118817311886,6.972958748942828,6.142775535583496
W_20.4083_79.0,2019-05-19,20.40833,79.0,14.99,9.675188210058668,9.64900947503564,9.34770965576172
W_20.4083_79.0,2019-11-09,20.40833,79.0,2.4,3.971352864079089,4.124014728627545,2.9053192138671875
W_20.4083_79.0,2020-01-09,20.40833,79.0,3.5,4.307042901628829,4.560381323208554,4.1895952224731445
W_20.4083_79.0,2020-11-29,20.40833,79.0,2.85,5.7027705227721475,4.698264238383164,4.379491806030273
W_20.4083_79.0,2021-01-09,20.40833,79.0,2.95,6.106937966495381,5.976341981126492,5.648706912994385
W_20.5417_79.4583,2016-11-04,20.54167,79.45833,1.77,4.60585346812456,4.430753602960385,4.162154197692871
W_20.5417_79.4583,2017-01-04,20.54167,79.45833,4.35,6.002372173235065,5.477850878639978,6.534061431884766
W_20.5417_79.4583,2017-08-24,20.54167,79.45833,4.1,5.6821095329615625,4.981869176690626,5.643323421478272
W_20.5417_79.4583,2019-01-09,20.54167,79.45833,4.1,6.843704247526049,6.661160178619856,6.002411842346191
W_20.5417_79.4583,2019-05-19,20.54167,79.45833,7.54,9.522929972365057,9.663626876779428,10.155095100402832
W_20.5417_79.4583,2019-11-09,20.54167,79.45833,1.4,3.8953391275361158,3.801009221243123,3.3977255821228027
W_20.5417_79.4583,2020-01-09,20.54167,79.45833,2.55,4.951447004886436,4.884436146606985,5.247797966003418
W_20.5417_79.4583,2020-11-29,20.54167,79.45833,3.05,5.562067764163614,4.261502285956113,5.035502910614014
W_20.5417_79.4583,2021-01-09,20.54167,79.45833,3.0,6.425161353496414,6.218594657730359,5.714569091796875
W_19.7344_78.9956,2017-01-04,19.73444,78.99556,8.65,5.4669814186281505,5.159163431186545,5.336663246154785
W_19.7344_78.9956,2021-01-09,19.73444,78.99556,6.6,5.5942405055043025,5.7330456092163,5.526771068572998
W_20.1_79.75,2016-11-04,20.1,79.75,3.5,2.7286426005229214,3.474626834815937,2.345797300338745
W_20.1_79.75,2017-01-04,20.1,79.75,2.95,4.993893283564673,4.371668471111953,5.241389274597168
W_20.1_79.75,2017-08-24,20.1,79.75,1.9,4.691392153604763,3.962943706128685,4.863083839416504
W_20.1_79.75,2019-01-09,20.1,79.75,2.1,5.046670587616313,6.360073628777161,4.545846462249756
W_20.1_79.75,2019-05-19,20.1,79.75,6.1,9.539970819335085,9.19558081143338,9.54298496246338
W_20.1_79.75,2019-11-09,20.1,79.75,1.6,1.973800627020172,3.215553217331106,1.8953649997711184
W_20.1_79.75,2020-01-09,20.1,79.75,1.9,3.655918180849991,3.643544360396365,3.8652231693267822
W_20.1_79.75,2020-11-29,20.1,79.75,5.37,6.072973117254868,5.313063559230342,3.591697931289673
W_20.1_79.75,2021-01-09,20.1,79.75,3.6,4.838542699353739,5.092569176665575,4.0998077392578125
W_20.4917_79.3917,2016-11-04,20.49167,79.39167,2.57,4.8218078818770325,4.806938323981394,4.123122692108154
W_20.4917_79.3917,2017-01-04,20.49167,79.39167,4.35,5.955882946180532,5.456021597526527,6.1205220222473145
W_20.4917_79.3917,2017-08-24,20.49167,79.39167,3.5,5.701719249403707,5.018959540753568,6.034174919128418
W_20.4917_79.3917,2019-01-09,20.49167,79.39167,4.0,6.325772432731403,6.597081817592743,5.21791410446167
W_20.4917_79.3917,2019-05-19,20.49167,79.39167,10.57,9.546381320860434,9.658215613128434,10.452522277832031
W_20.4917_79.3917,2020-01-09,20.49167,79.39167,3.8,4.67745662426985,4.730340569050719,4.781947135925293
W_20.4917_79.3917,2020-11-29,20.49167,79.39167,3.12,5.658866784416831,4.556850459043944,5.11885404586792
W_20.4917_79.3917,2021-01-09,20.49167,79.39167,3.0,6.348365997998736,6.22163580916094,5.477129459381104
W_19.6_79.65,2016-11-04,19.6,79.65,2.5,2.841650886178914,3.3896201628725318,2.748030662536621
W_19.6_79.65,2019-01-09,19.6,79.65,3.6,5.056818860207207,5.492403572335822,4.460879802703857
W_19.6_79.65,2019-05-19,19.6,79.65,8.6,9.438769615526322,8.78352325143164,7.90824031829834
W_19.6_79.65,2019-11-09,19.6,79.65,0.5,2.481355074199252,3.3099464979887667,1.772403597831726
W_19.6_79.65,2020-01-09,19.6,79.65,1.0,3.503320951625248,3.520582958456973,2.986314058303833
W_19.6_79.65,2020-11-29,19.6,79.65,2.7,5.1063939706279475,4.819613151928111,3.528038024902344
W_19.6_79.65,2021-01-09,19.6,79.65,2.5,4.76924065676269,4.901995974997485,4.293270587921143
W_20.4083_79.6583,2016-11-04,20.40833,79.65833,0.77,2.841128259104698,3.456282667402875,2.341860294342041
W_20.4083_79.6583,2017-01-04,20.40833,79.65833,6.5,4.850452709135345,4.352009086741935,5.0777907371521
W_20.4083_79.6583,2017-08-24,20.40833,79.65833,2.85,4.695703265492994,4.006768742385092,3.788901090621948
W_20.4083_79.6583,2019-01-09,20.40833,79.65833,6.5,5.694958390709931,6.496975282737451,4.477163791656494
W_20.4083_79.6583,2020-01-09,20.40833,79.65833,3.8,3.4486075951933595,3.896602709551235,2.958259344100952
W_20.2589_79.2347,2017-08-24,20.25889,79.23472,2.9,5.540909177877595,4.942355364368403,4.098701000213623
W_20.2589_79.2347,2019-01-09,20.25889,79.23472,5.3,6.467843702905275,6.518260295666878,5.779674053192139
W_20.2589_79.2347,2019-05-19,20.25889,79.23472,15.35,9.424544408649876,9.767844595119232,8.568440437316895
W_20.2589_79.2347,2019-11-09,20.25889,79.23472,2.2,3.2603005127091804,3.6313454786238974,2.9116051197052
W_20.2589_79.2347,2020-11-29,20.25889,79.23472,4.15,6.003326631518247,4.981345010476882,5.531505107879639
W_20.2589_79.2347,2021-01-09,20.25889,79.23472,4.9,6.216989001974978,6.502296990810896,5.361249923706055
W_19.7228_79.6931,2019-05-19,19.72278,79.69306,9.99,9.497185309976953,8.937524191331807,7.424113273620605
W_19.7228_79.6931,2019-11-09,19.72278,79.69306,3.0,2.3418363695141866,3.3286104124749265,1.8852676153182983
W_19.7228_79.6931,2020-01-09,19.72278,79.69306,5.4,3.632421583323423,3.633446975943545,2.997957706451416
W_19.7228_79.6931,2020-11-29,19.72278,79.69306,6.4,6.04648185176929,4.81057820865639,3.7549197673797607
W_19.7228_79.6931,2021-01-09,19.72278,79.69306,6.9,4.692010912663349,5.088750732681435,4.292194366455078
W_20.1083_79.1167,2016-11-04,20.10833,79.11667,3.82,5.7739680707481975,5.542226605789624,5.815045833587647
W_20.1083_79.1167,2017-01-04,20.10833,79.11667,5.35,6.745098676060275,6.91727701823393,7.0980329513549805
W_20.1083_79.1167,2017-08-24,20.10833,79.11667,4.55,5.746120499787047,4.993764939033048,7.746954917907715
W_20.1083_79.1167,2019-01-09,20.10833,79.11667,8.5,7.038977501755183,6.808142942276509,7.644237995147705
W_20.1083_79.1167,2019-05-19,20.10833,79.11667,20.95,9.363092576347329,9.4651737051667,10.973004341125488
W_20.1083_79.1167,2019-11-09,20.10833,79.11667,5.4,3.307734070891738,3.495892297924925,3.4835636615753174
W_20.1083_79.1167,2020-01-09,20.10833,79.11667,4.9,4.876758156401161,5.102637141520408,5.031179428100586
W_20.1083_79.1167,2020-11-29,20.10833,79.11667,4.73,6.0894912746357654,5.261456884981263,5.639597892761231
W_20.1083_79.1167,2021-01-09,20.10833,79.11667,20.94,6.415381216586966,6.835688501784492,5.593250274658203
W_19.7433_79.2494,2016-11-04,19.74333,79.24944,1.67,3.695690771624292,3.987531918723794,3.78305983543396
W_19.7433_79.2494,2017-08-24,19.74333,79.24944,1.4,4.987962387372116,4.508642223479539,4.460243225097656
W_19.7433_79.2494,2019-01-09,19.74333,79.24944,3.9,5.887353616083797,5.734184307075846,7.243736743927002
W_19.7433_79.2494,2019-05-19,19.74333,79.24944,6.64,9.542449739009951,9.475671370884491,9.424921989440918
W_19.7433_79.2494,2019-11-09,19.74333,79.24944,2.0,2.751675521157541,3.5905549121032587,3.222728729248047
W_19.7433_79.2494,2020-01-09,19.74333,79.24944,3.5,4.7341621507317315,4.720948873072119,4.657625198364258
W_19.7433_79.2494,2020-11-29,19.74333,79.24944,3.75,6.085457985804749,5.2554313293766,4.889439105987549
W_19.7433_79.2494,2021-01-09,19.74333,79.24944,2.7,6.073031658239447,5.816853108404176,5.243998527526856
W_18.7072_75.2972,2017-01-04,18.70722,75.29722,7.9,9.3873019040562,10.214034814926585,9.618698120117188
W_18.7072_75.2972,2019-01-09,18.70722,75.29722,13.9,8.55462966972475,8.748685518026587,10.28723430633545
W_18.7072_75.2972,2019-11-09,18.70722,75.29722,5.0,3.7151403482101433,3.899212193800325,5.56389045715332
W_18.7072_75.2972,2020-01-09,18.70722,75.29722,8.5,7.834446493827624,7.196852177161002,7.439270496368408
W_18.7072_75.2972,2020-11-29,18.70722,75.29722,3.9,3.775385406831423,5.83680807852654,3.9541678428649902
W_18.7072_75.2972,2021-01-09,18.70722,75.29722,4.4,5.740193997899907,5.874951124003602,5.33154821395874
W_18.9597_74.5389,2016-11-04,18.95972,74.53889,1.3,5.191151161312899,4.886054973139883,5.275055885314941
W_18.9597_74.5389,2017-01-04,18.95972,74.53889,2.85,6.790730992370734,6.894485356266484,6.906907558441162
W_18.9597_74.5389,2019-01-09,18.95972,74.53889,6.3,9.582452953312412,8.589939615115004,11.178946495056152
W_18.9597_74.5389,2019-05-19,18.95972,74.53889,6.4,9.8640573560779,10.161896532506375,10.649588584899902
W_18.9597_74.5389,2019-11-09,18.95972,74.53889,0.6,4.099607872576575,4.286619579959822,4.636220455169678
W_18.9597_74.5389,2020-01-09,18.95972,74.53889,2.44,6.2158447023649375,6.657147845650108,7.15347146987915
W_18.9597_74.5389,2020-11-29,18.95972,74.53889,1.4,3.9407947945257296,5.925004026738187,4.277456283569336
W_18.9597_74.5389,2021-01-09,18.95972,74.53889,2.3,5.887548167989761,6.096122804476566,5.836724758148193
W_19.2125_74.8056,2016-11-04,19.2125,74.80556,4.9,4.508209983052296,4.410779583602224,4.458023548126221
W_19.2125_74.8056,2017-01-04,19.2125,74.80556,4.85,5.929928463566833,6.253317770779802,5.075856685638428
W_19.2125_74.8056,2019-01-09,19.2125,74.80556,9.5,6.926621387666085,8.39150932000743,6.149195194244385
W_19.0042_74.4014,2016-11-04,19.00417,74.40139,6.4,5.360146186356869,5.154678859407339,5.503722190856934
W_19.0042_74.4014,2017-01-04,19.00417,74.40139,7.1,6.792923440655945,6.971187949747287,6.876765727996826
W_19.0042_74.4014,2019-01-09,19.00417,74.40139,6.5,8.306330008040158,9.132343683724708,10.149920463562012
W_19.0042_74.4014,2019-05-19,19.00417,74.40139,7.03,9.568294592049282,10.252977047947056,10.906557083129885
W_19.0042_74.4014,2019-11-09,19.00417,74.40139,6.0,3.6720434563360764,4.372686881154408,3.629670381546021
W_19.0042_74.4014,2020-01-09,19.00417,74.40139,6.3,4.9556715110622,5.6571648589337,4.980837345123291
W_19.0042_74.4014,2020-11-29,19.00417,74.40139,4.2,3.8982157230168384,5.823334894862841,4.227000236511231
W_19.0042_74.4014,2021-01-09,19.00417,74.40139,6.92,5.3101543827906585,5.967387758889839,5.897066593170166
W_19.8847_74.475,2016-11-04,19.88472,74.475,10.85,4.923586573735646,4.652496038440113,4.312246322631836
W_19.8847_74.475,2017-01-04,19.88472,74.475,11.25,5.943735351346326,6.025705406277542,5.460882186889648
W_19.8847_74.475,2019-01-09,19.88472,74.475,14.0,9.144747889207375,8.626958111253959,7.513217926025391
W_19.8847_74.475,2019-05-19,19.88472,74.475,17.43,9.571736355338734,9.79788498738117,9.122305870056152
W_19.8847_74.475,2019-08-19,19.88472,74.475,16.3,7.223821803746719,5.540097350983949,4.460463523864746
W_19.8847_74.475,2020-01-09,19.88472,74.475,12.2,4.835244916217036,5.541757195044651,3.840046167373657
W_19.8847_74.475,2020-11-29,19.88472,74.475,8.7,4.788046879131453,5.034499333898282,3.4139177799224854
W_19.8847_74.475,2021-01-09,19.88472,74.475,9.7,5.583353931063205,5.448104141878709,5.6285719871521
W_19.35_74.1958,2016-11-04,19.35,74.19583,12.0,8.95113020780728,9.394772018761994,12.273552894592283
W_19.35_74.1958,2017-01-04,19.35,74.19583,12.2,9.978107091441858,11.353185051837874,6.7327656745910645
W_19.35_74.1958,2019-05-19,19.35,74.19583,46.0,10.094811358757825,10.91256185565825,16.215927124023438
W_19.35_74.1958,2021-01-09,19.35,74.19583,29.9,6.79638079025954,7.144549892742626,6.234628200531006
W_18.4583_74.8233,2017-01-04,18.45833,74.82333,7.0,6.798490773460915,6.589166334183139,6.485834121704102
W_18.4583_74.8233,2019-01-09,18.45833,74.82333,7.3,8.096186039365877,8.180655049422333,9.128998756408691
W_18.4583_74.8233,2019-11-09,18.45833,74.82333,0.01,4.168066835827651,4.122590275246735,4.280529022216797
W_18.4583_74.8233,2020-11-29,18.45833,74.82333,2.0,3.8770695104618857,5.704992756816302,3.1819875240325928
W_18.4583_74.8233,2021-01-09,18.45833,74.82333,12.0,5.046225575732239,5.02542343269061,5.108071327209473
W_18.7333_75.3167,2016-11-04,18.73333,75.31667,3.6,5.12129523181094,4.7393562696643565,9.569984436035156
W_18.7333_75.3167,2017-01-04,18.73333,75.31667,3.9,9.3873019040562,10.214034814926585,9.618698120117188
W_18.7333_75.3167,2019-01-09,18.73333,75.31667,5.6,8.55462966972475,8.748685518026587,10.28723430633545
W_18.7333_75.3167,2019-05-19,18.73333,75.31667,8.23,9.663746973804733,9.554572419328156,13.48233127593994
W_18.7333_75.3167,2019-11-09,18.73333,75.31667,6.52,3.7151403482101433,3.899212193800325,5.56389045715332
W_18.7333_75.3167,2020-01-09,18.73333,75.31667,7.1,7.834446493827624,7.196852177161002,7.439270496368408
W_18.7333_75.3167,2020-11-29,18.73333,75.31667,5.1,3.775385406831423,5.83680807852654,3.9541678428649902
W_18.7333_75.3167,2021-01-09,18.73333,75.31667,4.4,5.740193997899907,5.874951124003602,5.33154821395874
W_18.7528_74.6397,2016-01-04,18.75278,74.63972,2.8,10.593999045661723,9.29252965165649,11.60182285308838
W_18.7528_74.6397,2017-01-04,18.75278,74.63972,1.1,6.6948396954168246,6.654548284207217,7.082241058349609
W_18.7528_74.6397,2019-01-09,18.75278,74.63972,1.7,8.73967929515624,8.37833721762614,12.628026962280272
W_18.7528_74.6397,2019-11-09,18.75278,74.63972,1.2,5.454606526150803,4.157097547779959,5.60073184967041
W_18.7528_74.6397,2020-01-09,18.75278,74.63972,2.9,7.407892089588287,7.0671957538398384,8.569271087646484
W_18.7528_74.6397,2020-11-29,18.75278,74.63972,3.3,3.7381610940043424,5.8398163426701615,4.851436614990234
W_18.7528_74.6397,2021-01-09,18.75278,74.63972,5.2,6.627591022530648,6.322686039377601,5.935657501220703
W_19.1392_74.3872,2016-01-04,19.13917,74.38722,6.9,11.398190401945921,9.464312957808373,13.703231811523438
W_19.1392_74.3872,2016-11-04,19.13917,74.38722,4.1,4.727430608486784,4.765914536278295,4.702064514160156
W_19.1392_74.3872,2017-01-04,19.13917,74.38722,4.8,6.372608470792853,6.541733581561945,6.426079750061035
W_19.1392_74.3872,2019-01-09,19.13917,74.38722,9.0,8.181975684441944,9.176595714755614,10.370866775512695
W_19.1392_74.3872,2019-05-19,19.13917,74.38722,13.95,9.115852670567124,10.10951147609438,10.54900360107422
W_19.1392_74.3872,2019-11-09,19.13917,74.38722,9.1,3.5454086632974455,4.2628271148214765,3.372035264968872
W_19.1392_74.3872,2020-11-29,19.13917,74.38722,4.2,3.883491734969484,5.507328095481686,4.296330451965332
W_19.1392_74.3872,2021-01-09,19.13917,74.38722,5.1,5.671621917379924,6.000589066309911,6.028220176696777
W_19.1056_74.6306,2016-11-04,19.10556,74.63056,14.0,5.357162856104707,5.567229541278,4.755339622497559
W_19.1056_74.6306,2017-01-04,19.10556,74.63056,15.1,6.5147036174093556,6.547372326521282,7.424923419952393
W_19.1056_74.6306,2019-01-09,19.10556,74.63056,13.5,8.277820452360785,8.495049918232013,11.181620597839355
W_19.1056_74.6306,2019-05-19,19.10556,74.63056,18.99,9.090703083543094,9.580181324023243,11.210209846496582
W_19.1056_74.6306,2019-11-09,19.10556,74.63056,7.1,4.41301593337318,4.189339947146439,2.898766040802002
W_19.1056_74.6306,2020-01-09,19.10556,74.63056,8.3,4.273654054154081,4.836109521484943,4.378224849700928
W_19.1056_74.6306,2020-11-29,19.10556,74.63056,2.0,4.3561728213542255,4.8423012818890205,3.4667270183563232
W_19.1056_74.6306,2021-01-09,19.10556,74.63056,3.1,5.231594058427631,5.23620935944031,5.785483360290527
W_19.5078_74.0886,2017-01-04,19.50778,74.08861,25.1,7.679686286885123,7.209810769672661,6.897924900054932
W_19.3889_74.6583,2016-11-04,19.38889,74.65833,9.1,5.768370510535833,6.485499226153027,4.285860538482666
W_19.3889_74.6583,2017-01-04,19.38889,74.65833,10.9,6.125332506315976,6.081631429164898,7.690261840820312
W_19.3889_74.6583,2019-11-09,19.38889,74.65833,12.0,3.3344833188313627,3.841507176950063,2.360265254974365
W_19.3889_74.6583,2020-11-29,19.38889,74.65833,2.7,5.142960638592002,5.1763779653392525,3.0766847133636475
W_19.3889_74.6583,2021-01-09,19.38889,74.65833,5.8,5.079465515034024,4.864867298807406,5.935317039489746
W_19.7167_74.4833,2016-11-04,19.71667,74.48334,13.1,5.042615731191038,4.85132945152368,4.831864356994629
W_19.7167_74.4833,2017-01-04,19.71667,74.48334,12.55,6.721301014583546,6.143686182431029,6.0330424308776855
W_19.7167_74.4833,2019-01-09,19.71667,74.48334,12.7,8.242496203938384,8.674043624059339,7.884592533111572
W_19.7167_74.4833,2019-05-19,19.71667,74.48334,17.53,9.48682986687672,9.75228902753968,9.918560028076172
W_19.7167_74.4833,2019-11-09,19.71667,74.48334,10.7,3.5575099410063435,3.921988160168692,3.342566967010498
W_19.7167_74.4833,2020-01-09,19.71667,74.48334,11.95,4.9422322353299535,5.08810201329588,3.645219087600708
W_19.7167_74.4833,2020-11-29,19.71667,74.48334,6.7,4.709851436639243,4.902879041944583,3.289313316345215
W_19.7167_74.4833,2021-01-09,19.71667,74.48334,10.0,5.4262694158324525,5.397356553125611,5.741765975952148
W_19.5961_74.8108,2016-01-04,19.59611,74.81083,19.7,9.739810656678126,9.091595794580089,12.331189155578612
W_19.5961_74.8108,2016-11-04,19.59611,74.81083,18.7,9.557862911576974,10.370304799165982,9.122770309448242
W_19.5961_74.8108,2017-01-04,19.59611,74.81083,13.3,10.787472713618042,9.705183129756785,13.986040115356444
W_19.5961_74.8108,2019-01-09,19.59611,74.81083,12.5,9.578260855008233,8.249091943432335,11.536608695983888
W_19.5961_74.8108,2019-05-19,19.59611,74.81083,21.29,9.652483878562238,9.751447698695952,17.378034591674805
W_19.5961_74.8108,2019-11-09,19.59611,74.81083,0.4,4.183168585797322,4.180355553257677,5.019720077514648
W_19.5961_74.8108,2020-01-09,19.59611,74.81083,9.38,7.143792403261423,6.352353006265203,9.166643142700195
W_19.5961_74.8108,2021-01-09,19.59611,74.81083,4.3,6.233440397227312,6.523074469188011,6.408976078033447
W_18.4528_74.7494,2016-01-04,18.45278,74.74944,14.1,8.255569698368681,8.431400086352783,7.208835601806641
W_18.4528_74.7494,2017-01-04,18.45278,74.74944,11.8,6.816522581807144,6.776808671530759,6.731234550476074
W_18.4528_74.7494,2019-01-09,18.45278,74.74944,10.8,7.588850400365875,8.361476592065998,7.956223964691162
W_18.4528_74.7494,2019-11-09,18.45278,74.74944,8.4,4.221312034877689,4.128311087935931,4.377865791320801
W_18.4528_74.7494,2020-11-29,18.45278,74.74944,8.0,3.8714539816748674,5.740983115328298,3.48943305015564
W_18.4528_74.7494,2021-01-09,18.45278,74.74944,3.15,5.309761644121434,5.2623273042567,5.26895809173584
W_19.4333_77.15,2016-01-04,19.43333,77.15,12.8,11.721337244693116,10.559119699555458,11.850334167480469
W_19.4333_77.15,2016-11-04,19.43333,77.15,8.2,4.896401264255499,5.093706830254518,5.107768535614014
W_19.4333_77.15,2017-01-04,19.43333,77.15,10.3,7.0269717143366535,6.92662519516625,8.190045356750488
W_19.4333_77.15,2019-01-09,19.43333,77.15,9.8,8.662414570571272,8.49759239939154,10.009713172912598
W_19.4333_77.15,2019-05-19,19.43333,77.15,10.4,9.349176727060623,9.472941574397602,12.406846046447754
W_19.4333_77.15,2020-01-09,19.43333,77.15,6.8,5.788789973168428,6.1833404445845,6.551133632659912
W_19.4333_77.15,2021-01-09,19.43333,77.15,9.4,6.25360843541507,6.025867919744236,6.453209400177002
W_19.7667_76.8,2016-11-04,19.76667,76.8,7.8,6.071444181391206,5.640855003468385,5.453921794891357
W_19.7667_76.8,2017-01-04,19.76667,76.8,5.2,6.815482315263922,6.991855472419935,7.720089912414551
W_19.7667_76.8,2018-08-27,19.76667,76.8,2.6,8.31150189779442,5.235742927126716,5.385583400726318
W_19.7667_76.8,2019-01-09,19.76667,76.8,7.5,9.441079649968556,9.481397902628965,9.895740509033203
W_19.7667_76.8,2019-05-19,19.76667,76.8,13.5,9.626360948176604,9.965586226357845,11.977560997009276
W_19.7667_76.8,2019-11-09,19.76667,76.8,2.55,3.5531959565438265,4.157857167427887,3.925739765167236
W_19.7667_76.8,2020-01-09,19.76667,76.8,4.5,5.695327789547819,5.500844934003758,6.839016437530518
W_19.7667_76.8,2021-01-09,19.76667,76.8,5.1,6.174317923035291,6.230616588682571,6.033966064453125
W_19.5417_77.0417,2016-01-04,19.54167,77.04167,7.95,6.513899817795752,6.300333467252716,9.889265060424805
W_19.5417_77.0417,2016-11-04,19.54167,77.04167,5.8,5.067872824192348,4.769824525702754,5.165174961090088
W_19.5417_77.0417,2017-01-04,19.54167,77.04167,5.85,6.744949164374416,6.709204875683696,6.799595355987549
W_19.5417_77.0417,2019-01-09,19.54167,77.04167,6.5,7.574618982732856,7.9597889979907315,9.634611129760742
W_19.5417_77.0417,2019-05-19,19.54167,77.04167,7.15,9.803282768285442,9.51513305772012,11.52463150024414
W_19.5417_77.0417,2019-11-09,19.54167,77.04167,6.3,3.7620825980104837,4.230171716085632,4.08673095703125
W_19.5417_77.0417,2020-01-09,19.54167,77.04167,5.9,5.48495623856993,6.193791645286692,5.168805122375488
W_19.5417_77.0417,2021-01-09,19.54167,77.04167,6.1,6.091373194356432,5.839063683314092,6.3404388427734375
W_19.3128_77.2331,2016-01-04,19.31278,77.23306,15.3,13.71519889430682,11.85690141772118,13.877917289733888
W_19.3128_77.2331,2016-11-04,19.31278,77.23306,5.4,5.445197096519904,6.277617478409604,5.070206165313721
W_19.3128_77.2331,2017-01-04,19.31278,77.23306,8.8,7.174263668496878,7.101559512336637,9.217967987060549
W_19.3128_77.2331,2019-01-09,19.31278,77.23306,16.3,10.493320398799488,9.314011051681252,10.996869087219238
W_19.3128_77.2331,2019-05-19,19.31278,77.23306,15.5,9.312030265976523,9.532513054649533,14.845388412475586
W_19.3128_77.2331,2020-01-09,19.31278,77.23306,6.4,7.653186779875298,7.379420000327439,7.829277038574219
W_19.3128_77.2331,2021-01-09,19.31278,77.23306,12.8,6.417127409883529,6.155636863476396,6.627865791320801
W_19.7708_76.9569,2016-01-04,19.77083,76.95694,10.9,9.700104016429156,9.163315032498824,7.88513708114624
W_19.7708_76.9569,2016-11-04,19.77083,76.95694,7.8,5.337412796399848,5.273049844332554,5.276440143585205
W_19.7708_76.9569,2017-01-04,19.77083,76.95694,4.4,6.757380218651135,6.887979050542107,7.966607570648193
W_19.7708_76.9569,2018-08-27,19.77083,76.95694,2.2,6.965321786326572,5.347620449854775,4.459202766418457
W_19.7708_76.9569,2019-01-09,19.77083,76.95694,11.0,8.574817521210695,8.232830644802537,10.20240306854248
W_19.7708_76.9569,2019-05-19,19.77083,76.95694,15.5,9.635799715589805,9.878736035505572,11.664313316345217
W_19.7708_76.9569,2019-11-09,19.77083,76.95694,3.65,3.8797636697745723,4.175007853920973,3.488706588745117
W_19.7708_76.9569,2020-01-09,19.77083,76.95694,4.7,5.651543681985996,5.317177385420154,6.41816520690918
W_19.7708_76.9569,2021-01-09,19.77083,76.95694,8.9,5.986308726565451,6.122908531787986,6.134908199310303
W_19.7086_77.1542,2016-01-04,19.70861,77.15417,4.0,7.996700997942886,6.92572211445988,9.237051963806152
W_19.7086_77.1542,2016-11-04,19.70861,77.15417,2.8,5.306594785732655,5.002678359715612,6.8115105628967285
W_19.7086_77.1542,2017-01-04,19.70861,77.15417,2.95,7.519508782046857,7.966079717253417,5.39350700378418
W_19.7086_77.1542,2019-01-09,19.70861,77.15417,7.75,7.190538799637105,7.870751477251689,6.742498874664307
W_19.7086_77.1542,2019-05-19,19.70861,77.15417,11.3,9.623019318791778,9.579007457056138,8.80610466003418
W_19.7086_77.1542,2019-11-09,19.70861,77.15417,3.5,3.499928311905109,4.1546051134767055,3.085500955581665
W_19.7086_77.1542,2020-01-09,19.70861,77.15417,4.35,4.47710470097503,5.108714250481087,3.978533744812012
W_19.7086_77.1542,2021-01-09,19.70861,77.15417,2.65,6.006730895188676,5.884097984800789,5.964568138122559
W_19.17_77.1333,2016-11-04,19.17,77.13333,5.2,5.315437814980992,5.655451063094646,4.68423318862915
W_17.6833_75.6667,2017-01-04,17.68333,75.66667,6.75,5.221777022831375,5.476136645730249,3.6472887992858887
W_17.6833_75.6667,2019-01-09,17.68333,75.66667,14.29,8.194409046722205,8.332042591224534,9.322677612304688
W_17.6833_75.6667,2019-11-09,17.68333,75.66667,4.03,3.2971819455187044,3.820407378587179,2.837951183319092
W_17.6833_75.6667,2020-01-09,17.68333,75.66667,7.75,4.069218696166,4.796587433793925,3.828101396560669
W_17.6833_75.6667,2021-01-09,17.68333,75.66667,6.75,4.910565156319292,5.525292687666608,5.08018684387207
W_17.15_74.95,2016-11-04,17.15,74.95,4.0,4.863885871621875,4.948417511259873,4.599056720733643
W_17.15_74.95,2017-01-04,17.15,74.95,10.2,6.202248558977885,5.915398149251764,6.918245315551758
W_17.15_74.95,2019-01-09,17.15,74.95,9.6,8.109379422754662,7.176151482904918,6.556878566741943
W_17.15_74.95,2019-11-09,17.15,74.95,6.84,3.400290594701961,3.458508986652168,2.524342536926269
W_17.15_74.95,2020-01-09,17.15,74.95,8.48,4.447825545989534,4.164212222308336,4.683245658874512
W_17.15_74.95,2021-01-09,17.15,74.95,8.55,4.645206185877242,4.903074048361875,3.674724817276001
W_17.3944_75.2111,2016-11-04,17.39444,75.21111,6.0,5.128123898388701,5.231677563956081,4.097936630249023
W_17.3944_75.2111,2019-01-09,17.39444,75.21111,23.3,7.565002414916031,7.494936579276956,6.622351169586182
W_17.3944_75.2111,2019-05-19,17.39444,75.21111,23.2,9.327396656440431,9.125169702275633,10.319154739379885
W_17.3944_75.2111,2019-11-09,17.39444,75.21111,20.42,3.3992916536817313,3.751386504686349,3.7100095748901367
W_17.3944_75.2111,2020-01-09,17.39444,75.21111,21.1,5.356373919637374,5.291390449154648,5.457038402557373
W_17.3944_75.2111,2021-01-09,17.39444,75.21111,7.37,4.699943522193417,5.178467643565772,4.208784580230713
W_18.0639_75.8958,2017-01-04,18.06389,75.89583,1.7,6.7852992161629855,7.201047446591317,7.37838888168335
W_18.0639_75.8958,2019-01-09,18.06389,75.89583,4.9,10.358190302163658,9.576063442113265,10.846141815185549
W_18.0639_75.8958,2020-01-09,18.06389,75.89583,1.25,7.041918253966216,7.437647209957888,7.6069488525390625
W_18.0639_75.8958,2021-01-09,18.06389,75.89583,1.22,6.060184311675049,6.164527753193246,5.817663669586182
W_17.9117_75.4322,2016-11-04,17.91167,75.43222,5.7,7.514424943432682,9.086369379882594,5.320376873016357
W_17.9117_75.4322,2017-01-04,17.91167,75.43222,16.3,7.145874288715278,7.228434794738046,13.44581699371338
W_17.9117_75.4322,2019-01-09,17.91167,75.43222,17.65,9.135067052039263,9.1745699782949,18.552396774291992
W_17.9117_75.4322,2019-05-19,17.91167,75.43222,18.5,8.778629077247073,9.643069762743036,14.801554679870604
W_17.9117_75.4322,2019-11-09,17.91167,75.43222,16.89,3.5119890300500045,3.750294840473997,5.048847675323486
W_17.9117_75.4322,2020-01-09,17.91167,75.43222,18.42,9.706728037447162,7.475085763969725,17.717926025390625
W_17.9117_75.4322,2021-01-09,17.91167,75.43222,15.01,4.882199271657851,5.924097346847131,5.377079486846924
W_18.0292_75.1917,2016-11-04,18.02917,75.19167,6.05,4.76151606619435,4.6604240337643255,5.245866775512695
W_18.0292_75.1917,2017-01-04,18.02917,75.19167,10.1,6.853429971917915,6.780392742665856,6.246798515319824
W_18.0292_75.1917,2019-01-09,18.02917,75.19167,11.8,8.242036991540719,8.243649583419883,6.756346225738525
W_18.0292_75.1917,2019-05-19,18.02917,75.19167,13.99,9.331892127924315,9.483301979605502,9.937385559082031
W_18.0292_75.1917,2020-01-09,18.02917,75.19167,8.31,4.711402154004689,4.710209987133754,4.144947528839111
W_18.0292_75.1917,2021-01-09,18.02917,75.19167,8.7,4.8696221983726815,5.220534470703006,4.758405685424805
W_17.8953_75.575,2016-11-04,17.89528,75.575,4.2,5.511199277821069,7.922814332830505,4.351819515228272
W_17.8953_75.575,2017-01-04,17.89528,75.575,9.7,6.2981924719668685,6.52961589670679,9.139830589294434
W_17.8953_75.575,2019-01-09,17.89528,75.575,8.4,9.578562025396081,9.46339277645404,15.429328918457031
W_17.8953_75.575,2019-05-19,17.89528,75.575,9.15,8.831924512977944,9.51722933409569,15.593448638916016
W_17.8953_75.575,2019-11-09,17.89528,75.575,4.76,3.7723372400331914,3.83074507192488,4.4718403816223145
W_17.8953_75.575,2020-01-09,17.89528,75.575,10.65,8.514292681936343,6.99806260171351,12.622401237487791
W_17.8953_75.575,2021-01-09,17.89528,75.575,3.22,5.4058040956345454,6.021960243261738,5.282402992248535
W_19.4856_76.7225,2016-01-04,19.48556,76.7225,17.5,14.494708090418362,12.5153515299137,15.946805953979492
W_19.4856_76.7225,2016-11-04,19.48556,76.7225,3.1,6.213829894330123,6.582280164489546,6.299296379089356
W_19.4856_76.7225,2017-01-04,19.48556,76.7225,6.5,7.780703379543582,7.867261021962227,7.999851226806641
W_19.4856_76.7225,2018-08-26,19.48556,76.7225,2.3,7.647240936885533,6.175476914887007,7.327254295349121
W_19.4856_76.7225,2019-01-09,19.48556,76.7225,13.5,12.15973686122186,10.132032511796952,11.000696182250977
W_19.4856_76.7225,2019-05-19,19.48556,76.7225,15.2,9.188978848482158,9.6698324141789,11.245888710021973
W_19.4856_76.7225,2019-11-09,19.48556,76.7225,2.5,4.738043086623219,4.248504754044717,6.109838485717773
W_19.4856_76.7225,2020-01-09,19.48556,76.7225,6.6,7.977956966261522,7.696995666908522,7.923293590545654
W_19.4856_76.7225,2021-01-09,19.48556,76.7225,7.15,6.360141184552479,6.164279610530185,6.82334566116333
W_18.9833_76.8667,2016-11-04,18.98333,76.86667,3.0,5.471414203048128,5.232410587407343,5.231378078460693
W_18.9833_76.8667,2017-01-04,18.98333,76.86667,6.1,6.733680540695978,7.1298201770247545,5.340743064880371
W_18.9833_76.8667,2019-01-09,18.98333,76.86667,10.8,8.949986856718247,9.247980183733649,8.484238624572754
W_18.9833_76.8667,2019-05-19,18.98333,76.86667,13.2,9.9233059755775,9.714935863483548,11.142662048339844
W_18.9833_76.8667,2019-11-09,18.98333,76.86667,2.8,3.7552445984999197,4.017930983926108,4.210481643676758
W_18.9833_76.8667,2020-01-09,18.98333,76.86667,4.3,6.322750414330107,6.847510990442219,5.058494567871094
W_18.9833_76.8667,2021-01-09,18.98333,76.86667,4.5,5.923805735627907,5.7432577792847495,6.029906749725342
W_18.9425_76.6475,2016-01-04,18.9425,76.6475,19.1,11.638079907973458,10.837322670272172,9.802153587341309
W_18.9425_76.6475,2016-11-04,18.9425,76.6475,6.0,5.545819475071058,6.105745531364951,6.118406295776367
W_18.9425_76.6475,2017-01-04,18.9425,76.6475,9.7,6.986809916311749,7.416820045788818,6.664292812347412
W_18.9425_76.6475,2019-01-09,18.9425,76.6475,21.3,9.796142857119122,9.262019690437311,10.465940475463867
W_18.9425_76.6475,2019-05-19,18.9425,76.6475,19.2,9.44683616296176,9.69561164273163,11.263608932495115
W_18.9425_76.6475,2019-11-09,18.9425,76.6475,3.05,3.6814760867209233,3.995290283128612,4.561208724975586
W_19.5111_76.455,2016-01-04,19.51111,76.455,12.6,14.020246542342536,10.463309598156656,13.50912094116211
W_19.5111_76.455,2016-11-04,19.51111,76.455,3.7,5.229956037899906,5.4822630011565705,4.619129657745361
W_19.5111_76.455,2017-01-04,19.51111,76.455,11.3,6.710249795123836,6.435368961653644,7.565297603607178
W_19.5111_76.455,2018-08-25,19.51111,76.455,8.8,8.428412914069957,5.905402365145099,7.35200834274292
W_19.5111_76.455,2019-01-09,19.51111,76.455,13.1,10.884358960979421,9.059021343927416,12.433032989501951
W_19.5111_76.455,2019-05-19,19.51111,76.455,13.5,9.566413282471359,9.902725132216847,12.944965362548828
W_19.5111_76.455,2019-11-09,19.51111,76.455,7.5,4.125345480297714,4.1344011446032285,4.647945404052734
W_19.5111_76.455,2020-01-09,19.51111,76.455,10.7,6.122470640764946,6.320051485854775,6.817575931549072
W_19.5111_76.455,2021-01-09,19.51111,76.455,11.7,6.3852720795171845,6.365217774503547,6.022439479827881
W_19.2661_76.8225,2016-01-04,19.26611,76.8225,17.65,18.691950338601604,16.629403822000835,20.208444595336918
W_19.2661_76.8225,2016-11-04,19.26611,76.8225,4.8,5.865260629808581,6.713862548087734,5.875519752502441
W_19.2661_76.8225,2017-01-04,19.26611,76.8225,6.35,7.571808026020798,7.505452149790118,9.872941970825195
W_19.2661_76.8225,2018-08-26,19.26611,76.8225,6.2,8.048976745677642,5.761870427787592,4.897801399230957
W_19.2661_76.8225,2019-01-09,19.26611,76.8225,12.9,10.061940796554339,10.017637125315064,7.284454345703125
W_19.2661_76.8225,2019-05-19,19.26611,76.8225,18.34,9.29676065528942,9.595795472435473,10.925498008728027
W_19.2661_76.8225,2019-11-09,19.26611,76.8225,8.1,4.470674762230583,4.153008953312286,5.387427806854248
W_19.2661_76.8225,2020-01-09,19.26611,76.8225,6.85,7.474810390343455,7.697062131200202,7.075312614440918
W_19.2661_76.8225,2021-01-09,19.26611,76.8225,7.9,6.354690182288279,6.146434581656484,6.973238945007324
W_18.8783_76.8494,2016-11-04,18.87833,76.84944,7.1,5.288705455794023,5.090328238547678,4.567406177520752
W_18.8783_76.8494,2019-01-09,18.87833,76.84944,16.99,9.104681297223975,9.256237764680908,8.330127716064453
W_18.8783_76.8494,2019-05-19,18.87833,76.84944,17.0,10.220765969840102,9.774830882297731,10.593706130981444
W_18.8783_76.8494,2019-11-09,18.87833,76.84944,3.9,3.463026315618901,4.042356684160429,3.300084114074707
W_18.8783_76.8494,2020-01-09,18.87833,76.84944,4.8,4.574856695146911,6.328016040021625,4.105961322784424
W_18.8783_76.8494,2021-01-09,18.87833,76.84944,3.2,5.706606265879745,5.60241776982484,5.710392951965332
W_19.325_76.6583,2016-01-04,19.325,76.65833,8.9,16.749548053112647,15.068243974239763,19.90555000305176
W_19.325_76.6583,2016-11-04,19.325,76.65833,2.2,5.868052224957851,6.334590203524741,5.842395782470703
W_19.325_76.6583,2017-01-04,19.325,76.65833,3.25,7.276176502671974,7.374979756777439,9.034463882446287
W_19.325_76.6583,2018-08-25,19.325,76.65833,5.2,8.883975971857167,6.667975738142187,7.565234661102295
W_19.325_76.6583,2019-01-09,19.325,76.65833,7.65,12.657270995503398,10.241802072439748,11.227914810180664
W_19.325_76.6583,2019-05-19,19.325,76.65833,8.2,9.057422707195531,9.6126077969594,14.164865493774414
W_19.325_76.6583,2019-11-09,19.325,76.65833,3.05,4.524855087295499,4.443871219077272,6.195950508117676
W_19.325_76.6583,2021-01-09,19.325,76.65833,5.7,6.345956215382571,6.269800390854258,7.063140392303467
W_19.3681_76.4042,2016-11-04,19.36806,76.40417,3.7,4.680632929142492,4.961373641966485,4.830493927001953
W_19.3681_76.4042,2017-01-04,19.36806,76.40417,4.07,6.946524911623811,6.843080492033261,7.798660755157471
W_19.3681_76.4042,2018-08-25,19.36806,76.40417,5.5,6.595445559238484,5.685541262126366,4.83249044418335
W_19.3681_76.4042,2019-01-09,19.36806,76.40417,8.47,14.197366760339406,10.473548478506968,14.04078769683838
W_19.3681_76.4042,2019-05-19,19.36806,76.40417,13.5,8.922141947670443,9.594752069434078,10.337407112121582
W_19.3681_76.4042,2019-11-09,19.36806,76.40417,4.85,4.349383116705731,4.497698751623574,4.116574764251709
W_19.3681_76.4042,2020-01-09,19.36806,76.40417,4.07,5.885628237237186,6.67632497435395,5.504514694213867
W_19.3681_76.4042,2021-01-09,19.36806,76.40417,2.2,6.313285851748071,6.572817964708904,6.337430953979492
W_19.0975_72.8431,2019-01-09,19.0975,72.84306,3.5,4.842647648442397,5.336609614576144,4.030842781066895
W_19.0975_72.8431,2019-11-09,19.0975,72.84306,2.24,4.145536410810188,3.058804380131553,2.535256147384644
W_19.0975_72.8431,2020-01-09,19.0975,72.84306,3.45,3.705735767549063,3.9558996564482776,3.2484090328216557
W_19.0975_72.8431,2020-11-29,19.0975,72.84306,2.87,6.452022663476399,6.307378873573141,3.1062819957733154
W_19.0975_72.8431,2021-01-09,19.0975,72.84306,2.7,3.7630723036329603,4.115242692146433,3.5540292263031006
W_19.0394_72.9261,2019-01-09,19.03944,72.92611,4.7,4.389180237661737,4.829598920705457,3.5192229747772217
W_19.0394_72.9261,2019-11-09,19.03944,72.92611,2.04,2.7333626324655302,2.6617161795871067,2.501394271850586
W_19.0394_72.9261,2020-01-09,19.03944,72.92611,3.03,3.180946881015491,3.794148176134336,2.6180760860443115
W_19.0394_72.9261,2020-11-29,19.03944,72.92611,1.95,6.108678780528065,6.412813266200907,2.872710943222046
W_19.0394_72.9261,2021-01-09,19.03944,72.92611,2.4,3.528960815593974,3.891681571007584,3.408334732055664
W_19.1961_72.8097,2019-01-09,19.19611,72.80972,5.5,4.589756709099013,4.933907229256093,3.684976100921631
W_19.1961_72.8097,2019-11-09,19.19611,72.80972,2.12,3.533189764603716,2.709833831576813,2.3612594604492188
W_19.1961_72.8097,2020-01-09,19.19611,72.80972,5.7,3.354391734518537,3.697882614066505,2.8607301712036133
W_19.1961_72.8097,2020-11-29,19.19611,72.80972,2.47,6.22133784163978,6.3964643617451165,3.128091096878052
W_19.1961_72.8097,2021-01-09,19.19611,72.80972,6.03,3.7967514157630102,3.996959003195539,3.487152576446533
W_20.5178_75.9364,2016-01-04,20.51778,75.93639,5.9,8.191730847722829,6.558972216183436,10.061084747314451
W_20.5178_75.9364,2016-11-04,20.51778,75.93639,9.12,7.289113347095484,6.457324470428614,5.672791004180908
W_20.5178_75.9364,2017-01-04,20.51778,75.93639,5.2,7.085859242666713,7.015391188136841,8.045674324035645
W_20.5178_75.9364,2019-01-09,20.51778,75.93639,8.9,9.252196930859522,8.991880658586194,7.431734561920166
W_20.5178_75.9364,2019-05-19,20.51778,75.93639,13.5,9.745447710652236,9.92135834992932,13.95667552947998
W_20.5178_75.9364,2019-11-09,20.51778,75.93639,7.3,1.8984988338836002,3.816533805592952,0.7965174913406372
W_20.5178_75.9364,2020-01-09,20.51778,75.93639,9.5,4.18763455689087,3.1601070188545863,3.503359794616699
W_20.5178_75.9364,2021-01-09,20.51778,75.93639,13.4,7.871828720754074,6.606251326405922,6.714562892913818
W_20.2772_75.7044,2016-01-04,20.27722,75.70444,7.85,7.297779196947599,7.644717626486502,7.060676097869873
W_20.2772_75.7044,2016-11-04,20.27722,75.70444,5.12,7.922589206275783,7.098528486734555,8.613905906677246
W_20.2772_75.7044,2017-01-04,20.27722,75.70444,12.5,8.63117259550186,9.408496988329322,7.386524677276611
W_20.2772_75.7044,2019-01-09,20.27722,75.70444,13.2,11.153111062877322,9.140578374943937,12.189024925231934
W_20.2772_75.7044,2019-05-19,20.27722,75.70444,13.4,9.639320104234477,9.858703816685136,12.386310577392578
W_20.2772_75.7044,2019-11-09,20.27722,75.70444,0.4,2.5970593975626124,3.8944494952589226,1.5943166017532349
W_20.2772_75.7044,2020-01-09,20.27722,75.70444,4.5,4.882135316881338,4.128327129130783,5.691655158996582
W_20.2772_75.7044,2021-01-09,20.27722,75.70444,7.43,5.743074498999474,6.259038421682004,5.5745768547058105
W_20.2667_76.1333,2017-01-04,20.26667,76.13333,7.2,7.053020419438352,7.318188130255779,7.170511245727539
W_20.2667_76.1333,2019-01-09,20.26667,76.13333,6.5,8.169224077855604,9.292270191374516,7.315891265869141
W_20.2667_76.1333,2019-05-19,20.26667,76.13333,23.0,9.641785236558123,10.197672189852364,11.822946548461914
W_20.2667_76.1333,2019-11-09,20.26667,76.13333,7.3,3.7730233280337773,4.16059542248811,3.330384969711304
W_20.2667_76.1333,2020-01-09,20.26667,76.13333,5.3,5.549583786075003,5.14787895179591,6.428505897521973
W_20.2667_76.1333,2021-01-09,20.26667,76.13333,9.33,6.242171383986982,6.252716949764357,6.034803867340088
W_19.5228_75.8072,2016-01-04,19.52278,75.80722,5.2,9.019255297454704,8.324801991429737,12.888331413269045
W_19.5228_75.8072,2016-11-04,19.52278,75.80722,2.67,5.164960731026505,5.036830342334699,4.6219635009765625
W_19.5228_75.8072,2017-01-04,19.52278,75.80722,2.0,6.186682566294859,6.443573197791659,5.298511505126953
W_19.5228_75.8072,2018-08-24,19.52278,75.80722,5.25,7.673816320909109,6.172432043654856,4.179327011108398
W_19.5228_75.8072,2019-01-09,19.52278,75.80722,6.4,9.401472602423231,8.909994703993462,9.575860977172852
W_19.5228_75.8072,2019-05-19,19.52278,75.80722,7.2,9.033936919690586,9.963296590195274,10.661890983581545
W_19.5228_75.8072,2019-08-19,19.52278,75.80722,5.7,6.301898902566188,5.834829664791931,8.55964183807373
W_19.5228_75.8072,2019-11-09,19.52278,75.80722,1.0,5.0599946353758,4.434636386736948,3.1202781200408936
W_19.5228_75.8072,2020-01-09,19.52278,75.80722,4.0,5.0066674190526514,4.95163220313421,4.619651794433594
W_19.5228_75.8072,2021-01-09,19.52278,75.80722,0.8,5.543005807548607,6.030004155540979,5.650012969970703
W_19.9167_76.0389,2016-11-04,19.91667,76.03889,3.9,4.63446605441836,5.53034504554918,3.230374574661255
W_19.9167_76.0389,2018-08-24,19.91667,76.03889,4.36,8.749711696890463,5.4589204809669445,3.3498361110687256
W_19.9167_76.0389,2019-01-09,19.91667,76.03889,8.4,9.329709010698096,10.632504345357114,7.029136657714844
W_19.9167_76.0389,2019-05-19,19.91667,76.03889,16.74,9.576907651100282,10.189701067764082,10.459272384643556
W_19.9167_76.0389,2019-11-09,19.91667,76.03889,3.33,3.4018083788158213,4.02932196983617,2.967171430587769
W_19.9167_76.0389,2020-01-09,19.91667,76.03889,3.83,4.905781813342505,4.875360106701732,4.389423847198486
W_19.9167_76.0389,2021-01-09,19.91667,76.03889,4.3,5.5998394408820165,6.248938492038318,5.59837818145752
W_19.6_76.2083,2016-01-04,19.6,76.20833,10.6,8.567181502152392,9.26448734268576,8.628005981445312
W_19.6_76.2083,2016-11-04,19.6,76.20833,3.8,6.236013441058271,6.406063560811873,5.064240455627441
W_19.6_76.2083,2017-01-04,19.6,76.20833,4.5,6.644414947609843,6.762703781248574,6.810793876647949
W_19.6_76.2083,2019-01-09,19.6,76.20833,11.2,10.148548240090998,8.990372661933446,10.583450317382812
W_19.6_76.2083,2019-05-19,19.6,76.20833,25.82,9.587702611222818,9.803467969490516,10.914995193481444
W_19.6_76.2083,2019-11-09,19.6,76.20833,3.8,4.012034813768101,4.204140436662477,4.77164363861084
W_19.6_76.2083,2020-01-09,19.6,76.20833,5.4,6.397694455546176,6.121426843684651,6.7923431396484375
W_19.6_76.2083,2021-01-09,19.6,76.20833,4.9,5.924600473006504,6.213816900186746,5.541434288024902
W_19.5175_75.6594,2016-11-04,19.5175,75.65944,3.97,7.402837510224528,8.094388104463736,4.999935626983643
W_19.5175_75.6594,2017-01-04,19.5175,75.65944,5.4,6.894699932791662,6.802593756278437,7.126608371734619
W_19.5175_75.6594,2019-05-19,19.5175,75.65944,9.5,9.115344581235464,9.97832622240034,15.106932640075684
W_19.5175_75.6594,2019-08-19,19.5175,75.65944,9.2,5.983209700928973,5.861238064267226,14.863767623901367
W_19.5175_75.6594,2019-11-09,19.5175,75.65944,0.7,4.793510451654547,4.4644106102575565,3.852375745773315
W_19.5175_75.6594,2020-01-09,19.5175,75.65944,3.3,5.517729224520213,5.57871786705103,5.547582149505615
W_19.5175_75.6594,2021-01-09,19.5175,75.65944,2.4,5.497808887543118,5.930903666870582,5.647747039794922
W_20.0875_76.5347,2016-11-04,20.0875,76.53472,3.0,5.615881731566416,5.953453263015279,6.9346466064453125
W_20.0875_76.5347,2017-01-04,20.0875,76.53472,4.1,8.312684526165548,8.109416219333156,8.19947624206543
W_20.0875_76.5347,2018-08-19,20.0875,76.53472,1.85,7.812502328190024,5.47521613408911,7.186460971832275
W_20.0875_76.5347,2019-01-09,20.0875,76.53472,6.2,8.413075737036955,9.178432193927408,8.024508476257324
W_20.0875_76.5347,2019-05-19,20.0875,76.53472,9.0,9.571061854421,9.94349820161519,11.47617244720459
W_20.0875_76.5347,2019-11-09,20.0875,76.53472,0.57,3.286940870669931,4.108418758781847,2.76623797416687
W_20.0875_76.5347,2020-01-09,20.0875,76.53472,1.8,4.988932677580257,4.782730226990915,5.029651165008545
W_20.0875_76.5347,2021-01-09,20.0875,76.53472,2.1,5.811845723688783,6.355365853521286,5.285367488861084
W_20.3472_76.6333,2016-11-04,20.34722,76.63333,6.0,5.265958343702957,6.495744859223026,4.958331108093262
W_20.3472_76.6333,2017-01-04,20.34722,76.63333,9.5,6.738368203484949,6.607760299362164,6.450498104095459
W_20.3472_76.6333,2018-08-19,20.34722,76.63333,4.67,7.728631957977693,5.521485999754924,5.032864093780518
W_20.3472_76.6333,2019-01-09,20.34722,76.63333,10.5,8.800960485460733,9.003462665606577,7.967463970184326
W_20.3472_76.6333,2019-05-19,20.34722,76.63333,19.99,9.603613629027603,10.334011305644143,10.975093841552734
W_20.3472_76.6333,2019-11-09,20.34722,76.63333,0.95,3.5920764261401206,4.327383608230878,3.1883058547973637
W_20.3472_76.6333,2020-01-09,20.34722,76.63333,0.7,4.839252291439672,4.867365461901084,4.951905727386475
W_20.3472_76.6333,2021-01-09,20.34722,76.63333,5.4,6.749532307637162,6.1409149815764525,6.101740837097168
W_20.4_76.0,2015-11-04,20.4,76.0,4.58,6.796791461317422,7.125750706573003,4.6612091064453125
W_20.4_76.0,2016-11-04,20.4,76.0,3.5,5.331510670767582,6.304919649080213,4.833226203918457
W_20.4_76.0,2017-01-04,20.4,76.0,4.1,6.678743368673845,6.481254276325756,5.793712615966797
W_20.4_76.0,2018-08-19,20.4,76.0,4.98,7.952601976523015,6.38497647177597,4.1448259353637695
W_20.4_76.0,2019-01-09,20.4,76.0,6.78,8.24756461113534,9.40021725134115,7.548096656799316
W_20.4_76.0,2019-05-19,20.4,76.0,11.38,9.564586204274136,10.182965283466546,11.123943328857422
W_20.4_76.0,2019-11-09,20.4,76.0,4.7,3.3392012485984117,3.842419181182847,1.7958357334136963
W_20.4_76.0,2020-01-09,20.4,76.0,3.1,5.211702455750038,4.753133897468826,5.3925628662109375
W_20.4_76.0,2021-01-09,20.4,76.0,4.1,6.3827263499331925,6.280317740926234,6.154303073883057
W_20.5583_76.6456,2016-11-04,20.55833,76.64556,4.4,5.645580400419562,6.121099063939608,6.613719940185547
W_20.5583_76.6456,2017-01-04,20.55833,76.64556,6.4,7.836022147579411,7.813608790903187,8.630929946899414
W_20.5583_76.6456,2018-08-19,20.55833,76.64556,2.9,8.855963515751714,6.0843257142900296,6.681119918823242
W_20.5583_76.6456,2019-01-09,20.55833,76.64556,4.59,10.310715293305888,9.37009823501674,10.670927047729492
W_20.5583_76.6456,2019-05-19,20.55833,76.64556,9.0,9.594754092146523,9.93921826995088,12.63873291015625
W_20.5583_76.6456,2019-11-09,20.55833,76.64556,1.96,3.5743917186999776,4.225572570536788,3.632255077362061
W_20.5583_76.6456,2020-01-09,20.55833,76.64556,3.7,4.942835786638521,5.067653145791823,4.386373996734619
W_20.5583_76.6456,2021-01-09,20.55833,76.64556,4.0,7.0695118466639615,6.4769314665586695,7.06208610534668
W_20.0722_76.3339,2016-11-04,20.07222,76.33389,4.3,5.1889173257297765,5.907818678791265,4.629265785217285
W_20.0722_76.3339,2017-01-04,20.07222,76.33389,5.4,6.192689233103965,6.387308518394929,5.66481351852417
W_20.0722_76.3339,2018-08-19,20.07222,76.33389,3.85,8.536753569085242,5.961172768001093,4.815951824188232
W_20.0722_76.3339,2019-01-09,20.07222,76.33389,7.3,7.8854835168037,9.08710309979656,6.453536987304688
W_20.0722_76.3339,2019-05-19,20.07222,76.33389,8.3,9.62004581250088,9.839481595500509,10.550416946411133
W_20.0722_76.3339,2019-11-09,20.07222,76.33389,1.66,3.3790514075574705,4.025616321643636,3.0454254150390625
W_20.0722_76.3339,2020-01-09,20.07222,76.33389,4.3,4.9555341682627745,4.889481577964922,4.732332229614258
W_20.0722_76.3339,2021-01-09,20.07222,76.33389,5.1,5.7038577180190675,6.271264212348385,5.274562835693359
W_20.8844_76.2031,2016-11-04,20.88444,76.20306,14.16,6.983701887108379,7.461700913808042,7.0092363357543945
W_20.8844_76.2031,2017-01-04,20.88444,76.20306,15.3,7.986404568007101,8.55301960690425,7.959251880645752
W_20.8844_76.2031,2018-08-19,20.88444,76.20306,17.15,8.952629157567548,6.39828430582284,6.727442741394043
W_20.8844_76.2031,2019-01-09,20.88444,76.20306,17.7,11.444538071337842,10.0325181313897,9.996901512145996
W_20.8844_76.2031,2019-05-19,20.88444,76.20306,18.6,9.533358862607157,10.26337348078067,11.703641891479492
W_20.8844_76.2031,2019-08-19,20.88444,76.20306,15.3,4.975662145009094,5.602271727614824,7.880961418151855
W_20.8844_76.2031,2019-11-09,20.88444,76.20306,13.62,4.612309167685383,5.753316937499181,7.89376974105835
W_20.8844_76.2031,2020-01-09,20.88444,76.20306,14.8,7.055967305820409,8.736895369117846,4.658767223358154
W_20.8844_76.2031,2021-01-09,20.88444,76.20306,11.9,9.43826377726096,8.113676690305612,10.662217140197754
W_20.8625_76.3367,2016-11-04,20.8625,76.33667,15.5,7.2475395277320755,7.32015617091337,8.065654754638672
W_20.8625_76.3367,2017-01-04,20.8625,76.33667,17.8,8.545055773470763,9.485108066875023,8.220590591430664
W_20.8625_76.3367,2018-08-19,20.8625,76.33667,23.0,8.935571912165566,6.429773316461494,6.397541999816895
W_20.8625_76.3367,2019-01-09,20.8625,76.33667,20.17,12.917596204414943,11.845384907446697,11.40155029296875
W_20.8625_76.3367,2019-05-19,20.8625,76.33667,23.4,9.531269047616966,10.404277726180132,11.408193588256836
W_20.8625_76.3367,2019-08-19,20.8625,76.33667,16.0,5.102566933363693,5.611474335335908,7.267545700073242
W_20.8625_76.3367,2019-11-09,20.8625,76.33667,14.2,5.526679720979213,5.78442708702349,8.663424491882324
W_20.8625_76.3367,2020-01-09,20.8625,76.33667,15.1,7.7428152046125405,9.185033226172466,6.392464637756348
W_20.8625_76.3367,2021-01-09,20.8625,76.33667,15.9,8.512327115470388,8.199478728129744,10.53528881072998
W_20.8717_76.2667,2016-11-04,20.87167,76.26667,6.8,7.2475395277320755,7.32015617091337,8.065654754638672
W_20.8717_76.2667,2017-01-04,20.87167,76.26667,10.1,8.545055773470763,9.485108066875023,8.220590591430664
W_20.8717_76.2667,2018-08-19,20.87167,76.26667,10.9,8.935571912165566,6.429773316461494,6.397541999816895
W_20.8717_76.2667,2019-01-09,20.87167,76.26667,16.5,12.917596204414943,11.845384907446697,11.40155029296875
W_20.8717_76.2667,2019-05-19,20.87167,76.26667,17.69,9.531269047616966,10.404277726180132,11.408193588256836
W_20.8717_76.2667,2019-08-19,20.87167,76.26667,6.0,5.102566933363693,5.611474335335908,7.267545700073242
W_20.8717_76.2667,2019-11-09,20.87167,76.26667,2.71,5.526679720979212,5.78442708702349,8.663424491882324
W_20.8717_76.2667,2020-01-09,20.87167,76.26667,3.9,7.7428152046125405,9.185033226172466,6.392464637756348
W_20.8717_76.2667,2021-01-09,20.87167,76.26667,15.3,8.512327115470386,8.199478728129744,10.53528881072998
W_20.5167_76.05,2015-11-04,20.51667,76.05,4.95,6.770835368702411,6.843861283226988,3.289546489715576
W_20.5167_76.05,2016-11-04,20.51667,76.05,4.5,5.699271144298082,6.316020524275389,5.896736145019531
W_20.5167_76.05,2017-01-04,20.51667,76.05,5.3,7.043948642536027,7.111679330771786,7.211284637451172
W_20.5167_76.05,2018-08-19,20.51667,76.05,1.75,9.609934658643095,7.0665904409211056,6.382786750793457
W_20.5167_76.05,2019-01-09,20.51667,76.05,7.45,10.548157331167927,9.01329722711088,7.005616664886475
W_20.5167_76.05,2019-05-19,20.51667,76.05,9.0,9.699469794843981,10.125584075886486,11.95932388305664
W_20.5167_76.05,2019-11-09,20.51667,76.05,4.25,3.48419881935318,3.83651509280989,1.5838289260864258
W_20.5167_76.05,2020-01-09,20.51667,76.05,5.4,4.546780970488854,3.8649293884615927,4.375564098358154
W_20.5167_76.05,2021-01-09,20.51667,76.05,6.2,8.093557117812006,6.66648368471798,6.973094940185547
W_20.4875_76.2972,2016-11-04,20.4875,76.29722,4.5,5.6414268270546195,5.768885201407758,4.909127712249756
W_20.4875_76.2972,2017-01-04,20.4875,76.29722,5.2,6.621238997856811,6.578975775025469,5.169622898101807
W_20.4875_76.2972,2018-08-19,20.4875,76.29722,1.85,8.266556662634445,4.869183113266312,4.326076984405518
W_20.4875_76.2972,2019-01-09,20.4875,76.29722,8.9,7.919843103758361,9.41594694138748,7.816640377044678
W_20.4875_76.2972,2019-05-19,20.4875,76.29722,11.99,9.598952294743407,10.022497099026118,5.984644889831543
W_20.4875_76.2972,2019-11-09,20.4875,76.29722,2.37,3.224178315610318,4.05383127204516,2.498984336853028
W_20.4875_76.2972,2020-01-09,20.4875,76.29722,5.2,4.95099696647842,4.663902565068852,4.885720729827881
W_20.4875_76.2972,2021-01-09,20.4875,76.29722,4.55,6.735467128486869,6.444075250336495,6.530841827392578
W_20.0722_76.3339,2016-11-04,20.07222,76.33389,5.7,5.1889173257297765,5.907818678791265,4.629265785217285
W_20.0722_76.3339,2017-01-04,20.07222,76.33389,10.6,6.192689233103965,6.387308518394929,5.66481351852417
W_20.0722_76.3339,2018-08-19,20.07222,76.33389,5.0,8.536753569085242,5.961172768001093,4.815951824188232
W_20.0722_76.3339,2019-01-09,20.07222,76.33389,13.8,7.8854835168037,9.08710309979656,6.453536987304688
W_20.0722_76.3339,2019-05-19,20.07222,76.33389,15.6,9.62004581250088,9.839481595500509,10.550416946411133
W_20.0722_76.3339,2019-11-09,20.07222,76.33389,2.45,3.37905140755747,4.025616321643636,3.0454254150390625
W_20.0722_76.3339,2020-01-09,20.07222,76.33389,4.4,4.9555341682627745,4.889481577964922,4.732332229614258
W_20.0722_76.3339,2021-01-09,20.07222,76.33389,9.1,5.7038577180190675,6.271264212348385,5.274562835693359
W_20.8644_78.9697,2016-11-04,20.86444,78.96972,4.05,4.947957298466196,5.131411775970466,3.895725727081299
W_20.8644_78.9697,2017-01-04,20.86444,78.96972,5.6,6.048241681071667,5.579874023426628,6.51967716217041
W_20.8644_78.9697,2017-08-24,20.86444,78.96972,2.15,4.996064585845454,4.585541917643331,4.218454837799072
W_20.8644_78.9697,2019-01-09,20.86444,78.96972,5.7,6.774257100790345,7.303528075165483,5.5143585205078125
W_21.1608_79.1692,2016-11-04,21.16083,79.16917,5.8,4.744413134195425,5.08363820561386,4.704491138458252
W_21.1608_79.1692,2017-08-24,21.16083,79.16917,2.1,5.8457187113177485,4.808403560084593,5.721413612365723
W_21.1608_79.1692,2019-01-09,21.16083,79.16917,3.8,6.103731519308819,7.057891439152254,6.465821266174316
W_21.1608_79.1692,2019-05-19,21.16083,79.16917,7.0,9.585427233118674,9.19583161263268,8.027948379516602
W_21.1608_79.1692,2019-11-09,21.16083,79.16917,0.4,4.368077901549639,4.530270669753797,5.483086585998535
W_21.1608_79.1692,2020-01-09,21.16083,79.16917,5.0,5.8984221259018215,6.650675121613463,5.411606788635254
W_21.1608_79.1692,2020-11-29,21.16083,79.16917,3.0,5.825827947610819,5.014549400855863,4.759653568267822
W_21.1608_79.1692,2021-01-09,21.16083,79.16917,3.3,5.792048652754144,6.067635051200689,5.766195774078369
W_20.9917_79.0333,2016-11-04,20.99167,79.03333,2.75,5.83335586525301,6.517053599840865,4.467110633850098
W_20.9917_79.0333,2017-01-04,20.99167,79.03333,4.5,6.457504245876637,6.082434719491915,7.243948459625244
W_20.9917_79.0333,2017-08-24,20.99167,79.03333,4.45,6.009642440184572,4.927693449586171,6.81505298614502
W_21.2333_78.9167,2016-11-04,21.23333,78.91667,1.8,9.654952218191887,8.267989941807855,9.471869468688965
W_21.2333_78.9167,2017-01-04,21.23333,78.91667,3.0,10.16470347094026,9.396743222801414,10.706594467163086
W_21.2333_78.9167,2017-08-24,21.23333,78.91667,0.6,7.530374870541485,6.232470642507409,10.37813663482666
W_21.2333_78.9167,2019-01-09,21.23333,78.91667,2.5,6.970991973753322,7.713163651186552,8.78143310546875
W_21.2333_78.9167,2019-05-19,21.23333,78.91667,5.0,9.627803176572616,9.651381837374128,13.71453094482422
W_21.2333_78.9167,2019-11-09,21.23333,78.91667,2.2,5.683984462304761,4.98793330873247,8.90030288696289
W_21.2333_78.9167,2020-01-09,21.23333,78.91667,2.6,8.909061362246511,8.91724925668843,9.131499290466309
W_21.2333_78.9167,2020-11-29,21.23333,78.91667,1.7,7.449465579172721,6.740388616821078,6.06589412689209
W_21.2333_78.9167,2021-01-09,21.23333,78.91667,1.9,6.876442958288282,7.020037204198316,6.6755475997924805
W_20.775_79.0125,2016-11-04,20.775,79.0125,2.7,4.190567929533839,4.1752669040664,3.460034847259521
W_20.775_79.0125,2017-01-04,20.775,79.0125,4.2,5.474751598334584,5.360443161128927,5.423726558685303
W_20.775_79.0125,2017-08-24,20.775,79.0125,2.15,4.537149727115656,4.338768468578349,3.55143141746521
W_20.775_79.0125,2019-01-09,20.775,79.0125,5.3,6.662435100020159,7.026097415268122,5.169904708862305
W_20.775_79.0125,2019-05-19,20.775,79.0125,7.6,9.577909640503757,9.675202319833318,8.200919151306152
W_20.775_79.0125,2019-11-09,20.775,79.0125,3.2,4.131404804360359,4.171142647626656,3.1786563396453857
W_20.775_79.0125,2020-01-09,20.775,79.0125,4.0,4.582663039804257,4.876563378613636,5.358072757720947
W_20.775_79.0125,2020-11-29,20.775,79.0125,2.6,5.565047292991084,4.544726279417885,3.4568240642547607
W_20.775_79.0125,2021-01-09,20.775,79.0125,4.2,5.39794615269185,5.260503310762771,5.469783306121826
W_21.1264_79.1056,2016-11-04,21.12639,79.10556,4.6,4.744413134195424,5.08363820561386,4.704491138458252
W_21.1264_79.1056,2017-01-04,21.12639,79.10556,5.2,5.887669447061944,6.188828755615855,5.6147050857543945
W_21.1264_79.1056,2017-08-24,21.12639,79.10556,3.3,5.8457187113177485,4.808403560084593,5.721413612365723
W_21.1264_79.1056,2019-01-09,21.12639,79.10556,2.8,6.103731519308819,7.057891439152254,6.465821266174316
W_21.1264_79.1056,2019-05-19,21.12639,79.10556,7.4,9.585427233118674,9.19583161263268,8.027948379516602
W_21.1264_79.1056,2019-11-09,21.12639,79.10556,1.9,4.368077901549639,4.530270669753797,5.483086585998535
W_21.1264_79.1056,2020-01-09,21.12639,79.10556,4.2,5.8984221259018215,6.650675121613463,5.411606788635254
W_21.1264_79.1056,2020-11-29,21.12639,79.10556,3.4,5.825827947610819,5.014549400855863,4.759653568267822
W_21.1264_79.1056,2021-01-09,21.12639,79.10556,5.0,5.792048652754144,6.067635051200689,5.766195774078369
W_21.2019_78.9683,2017-01-04,21.20194,78.96833,7.1,8.240279711896191,7.620499860150626,7.991244316101074
W_21.2019_78.9683,2017-08-24,21.20194,78.96833,5.75,5.6013995942931665,4.978492111321853,6.722090721130371
W_21.2019_78.9683,2019-01-09,21.20194,78.96833,8.55,6.510879064440738,7.495731630459561,7.2469072341918945
W_21.2019_78.9683,2019-05-19,21.20194,78.96833,11.15,9.574524865912151,9.2999199074549,10.317068099975586
W_21.2019_78.9683,2019-11-09,21.20194,78.96833,4.5,4.424657519998419,4.900758828596087,6.418376445770264
W_21.2019_78.9683,2020-01-09,21.20194,78.96833,5.4,6.599399773539448,7.441673759561885,7.390702247619629
W_21.2019_78.9683,2020-11-29,21.20194,78.96833,4.45,7.681648264548308,6.105820589344027,5.7221360206604
W_21.2019_78.9683,2021-01-09,21.20194,78.96833,6.85,6.6480798333383,6.891628160448358,6.2849955558776855
W_21.4667_78.5333,2016-11-04,21.46667,78.53333,5.7,8.797403368422698,7.007500682673096,9.223870277404783
W_21.4667_78.5333,2017-01-04,21.46667,78.53333,6.5,8.93122238242495,9.287587446722522,6.283876895904541
W_21.4667_78.5333,2019-01-09,21.46667,78.53333,7.8,10.265139928664125,9.331815387577535,11.201812744140623
W_21.4667_78.5333,2019-05-19,21.46667,78.53333,10.4,9.635092288425906,9.946570868980642,7.124991416931152
W_21.4667_78.5333,2019-11-09,21.46667,78.53333,6.0,6.154848431695089,6.079943612926496,6.476809978485107
W_21.4667_78.5333,2020-01-09,21.46667,78.53333,8.1,6.723240973663063,7.893095503334266,6.991098880767822
W_21.4667_78.5333,2021-01-09,21.46667,78.53333,5.9,6.450468169913125,6.191277482237258,7.527147769927978
W_20.9144_78.9439,2016-01-04,20.91444,78.94389,7.9,7.225138573891698,6.025665406518111,8.436039924621582
W_20.9144_78.9439,2016-11-04,20.91444,78.94389,7.8,4.057228999044313,4.814188240485399,3.4149587154388428
W_20.9144_78.9439,2017-01-04,20.91444,78.94389,9.1,5.3365792044254325,5.4458705960145775,4.894616603851318
W_20.9144_78.9439,2017-08-24,20.91444,78.94389,7.55,4.567053545109308,3.900358883904457,2.3955109119415283
W_20.9144_78.9439,2019-01-09,20.91444,78.94389,7.75,7.761746449489246,7.655652689849927,6.185893058776856
W_20.9144_78.9439,2019-05-19,20.91444,78.94389,10.4,9.48648868613088,9.55615725260257,7.735771656036377
W_20.9144_78.9439,2019-11-09,20.91444,78.94389,7.4,4.861176809347271,4.957070513258165,4.28774356842041
W_20.9144_78.9439,2020-11-29,20.91444,78.94389,6.5,5.7555281973349794,4.785125984816483,3.86685848236084
W_20.9144_78.9439,2021-01-09,20.91444,78.94389,7.8,5.501234361225818,5.513924071982935,5.648158073425293
W_21.3519_78.4622,2017-08-24,21.35194,78.46222,1.7,5.156833759921594,4.995747709160291,5.890524387359619
W_21.1858_78.9567,2016-11-04,21.18583,78.95667,7.3,4.389600141564135,4.576586773896299,4.434958457946777
W_21.1858_78.9567,2017-08-24,21.18583,78.95667,4.4,4.249349884537119,3.81387034664468,3.858823776245117
W_21.1858_78.9567,2019-01-09,21.18583,78.95667,8.9,6.2003496471902215,7.399341066246884,5.632309913635254
W_21.1858_78.9567,2019-05-19,21.18583,78.95667,9.85,9.569947995761154,9.370232145564156,6.628457546234131
W_21.1858_78.9567,2019-11-09,21.18583,78.95667,3.5,4.306787790927214,4.900151920390214,4.8830766677856445
W_21.1858_78.9567,2020-01-09,21.18583,78.95667,4.15,5.409042416647027,6.273559647807373,3.921566009521485
W_21.1858_78.9567,2020-11-29,21.18583,78.95667,4.1,6.000703346452274,5.526380017422486,5.016108989715576
W_21.1858_78.9567,2021-01-09,21.18583,78.95667,7.8,6.221269533040746,6.241222062435458,5.930757999420166
W_18.4872_74.0783,2016-01-04,18.48722,74.07833,7.8,7.253052145783337,6.751418103683887,8.056438446044922
W_18.4872_74.0783,2016-11-04,18.48722,74.07833,6.07,5.557376639074956,4.421143549143137,7.53318977355957
W_18.4872_74.0783,2017-01-04,18.48722,74.07833,6.45,8.025073934837756,7.576946548866951,9.088918685913086
W_18.4872_74.0783,2019-01-09,18.48722,74.07833,8.7,7.132281899054037,7.085499149803228,8.872354507446289
W_18.4872_74.0783,2019-11-09,18.48722,74.07833,4.63,2.1268675732546782,3.104646258562883,1.6249375343322754
W_18.4872_74.0783,2020-01-09,18.48722,74.07833,7.57,3.5545891462964665,3.305903380541727,4.008718490600586
W_19.0667_73.925,2016-11-04,19.06667,73.925,7.84,5.611052005189425,4.966370898860658,6.11256742477417
W_19.0667_73.925,2017-01-04,19.06667,73.925,5.6,6.923868661692195,6.5715474354607295,6.865058898925781
W_19.0667_73.925,2019-01-09,19.06667,73.925,5.88,6.830239048334763,6.668327087722675,6.584600925445557
W_19.0667_73.925,2019-11-09,19.06667,73.925,4.98,3.6870476408201487,3.0952694153139864,3.945871114730835
W_19.0667_73.925,2020-01-09,19.06667,73.925,4.11,5.032736211086021,5.375130790844783,5.557607173919678
W_18.8639_73.8972,2016-11-04,18.86389,73.89722,1.84,4.696696765639825,4.208927004332246,4.217300415039063
W_18.8639_73.8972,2017-01-04,18.86389,73.89722,1.18,5.896734113663144,5.653624541070025,6.20098352432251
W_18.8639_73.8972,2019-01-09,18.86389,73.89722,1.75,8.138865915121828,6.681692200476123,6.480253219604492
W_18.8639_73.8972,2019-11-09,18.86389,73.89722,1.05,2.952985876821657,3.361082524928577,2.2074766159057617
W_18.8639_73.8972,2020-01-09,18.86389,73.89722,2.35,3.455391101646983,3.9186639628506494,3.064337491989136
W_18.8639_73.8972,2020-11-29,18.86389,73.89722,0.42,3.8966771542530023,4.906796552895206,3.4070475101470947
W_18.8639_73.8972,2021-01-09,18.86389,73.89722,1.9,4.940114845777619,4.906240217150966,4.92151403427124
W_18.3333_73.85,2016-11-04,18.33333,73.85,2.07,4.651045018003929,4.459954931163708,3.345532178878784
W_18.3333_73.85,2017-01-04,18.33333,73.85,7.85,5.2604547031133055,4.810479342949121,5.442609786987305
W_18.3333_73.85,2019-01-09,18.33333,73.85,5.77,6.2491627219569,5.928263016319686,4.48303747177124
W_18.3333_73.85,2019-11-09,18.33333,73.85,2.7,2.0858587926873255,2.874996540054981,1.5538665056228638
W_18.3333_73.85,2020-01-09,18.33333,73.85,2.81,3.3141477732155766,3.161827586062412,3.386843681335449
W_18.3333_73.85,2020-11-29,18.33333,73.85,0.64,5.814781802921887,3.939453875974829,2.117684125900269
W_18.3333_73.85,2021-01-09,18.33333,73.85,2.45,3.8733775936730193,3.94684331210394,3.768709421157837
W_18.1647_74.1686,2016-01-04,18.16472,74.16861,8.5,7.837474126584695,6.851991789553145,7.494457721710205
W_18.1647_74.1686,2016-11-04,18.16472,74.16861,10.6,5.3373068566389374,5.371379940986953,4.792036533355713
W_18.1647_74.1686,2017-01-04,18.16472,74.16861,12.2,6.3646561833651605,6.2587139330533175,4.735110759735107
W_18.1647_74.1686,2019-01-09,18.16472,74.16861,11.0,6.83373471166833,7.446132685324297,6.221084117889404
W_18.1647_74.1686,2019-11-09,18.16472,74.16861,4.8,2.515682549061202,3.495870789156549,2.254667043685913
W_18.1647_74.1686,2020-01-09,18.16472,74.16861,5.68,3.54427608542113,3.8874780351976903,3.4360318183898926
W_18.1647_74.1686,2020-11-29,18.16472,74.16861,4.8,5.288817361243223,5.104590230973392,2.543375015258789
W_18.1647_74.1686,2021-01-09,18.16472,74.16861,9.2,4.3122818331462405,4.184836134900034,4.265058517456055
W_18.0944_74.6111,2016-11-04,18.09444,74.61111,4.26,5.29204373899732,4.991072726410605,5.963130950927734
W_18.0944_74.6111,2017-01-04,18.09444,74.61111,4.76,7.035176854307335,7.095069490730468,7.328710079193115
W_18.0944_74.6111,2019-01-09,18.09444,74.61111,5.6,6.823031687254394,8.243649583419883,6.535614967346191
W_18.0944_74.6111,2019-11-09,18.09444,74.61111,3.41,3.2776968720188404,3.676863519322462,3.8575127124786377
W_18.0944_74.6111,2020-01-09,18.09444,74.61111,4.2,5.111514999520974,5.722212183030175,4.696531295776367
W_18.0944_74.6111,2020-11-29,18.09444,74.61111,1.55,4.1492127251986215,6.034069192773073,3.229586362838745
W_18.0944_74.6111,2021-01-09,18.09444,74.61111,5.05,5.041040262973678,5.10359422921365,4.709240436553955
W_18.6914_74.1306,2016-11-04,18.69139,74.13056,2.25,4.729937257473052,4.285203091321487,4.360173225402832
W_18.6914_74.1306,2017-01-04,18.69139,74.13056,3.3,6.149109291950483,5.863913001929511,5.515594482421875
W_18.6914_74.1306,2019-01-09,18.69139,74.13056,6.83,7.293030567738735,7.606025407052401,6.941516876220703
W_18.6914_74.1306,2019-11-09,18.69139,74.13056,2.1,2.974533758839273,3.553733997843008,2.187026023864746
W_18.6914_74.1306,2020-01-09,18.69139,74.13056,4.43,3.5268146820426787,3.931061620336097,3.389092445373535
W_18.6914_74.1306,2020-11-29,18.69139,74.13056,0.9,3.850821658984372,5.707949943749446,2.28027892112732
W_18.6914_74.1306,2021-01-09,18.69139,74.13056,3.6,4.228345899968092,3.906845705593267,4.600786685943604
W_16.3803_73.3803,2016-11-04,16.38028,73.38028,7.0,6.069524203251115,5.732219543308374,8.26144027709961
W_16.3803_73.3803,2017-01-04,16.38028,73.38028,9.9,9.072959180305846,8.513406928204224,8.326279640197754
W_16.3803_73.3803,2019-01-09,16.38028,73.38028,11.4,6.99866203434695,7.285004269524299,10.457465171813965
W_16.3803_73.3803,2019-11-09,16.38028,73.38028,3.4,5.136618793817539,4.407771922915849,7.222437858581543
W_16.3803_73.3803,2020-01-09,16.38028,73.38028,10.2,8.826556820737679,7.686653154924133,10.583045959472656
W_16.3803_73.3803,2020-11-29,16.38028,73.38028,5.1,4.169465552375535,5.278886182659093,6.763429164886475
W_16.3803_73.3803,2021-01-09,16.38028,73.38028,11.35,8.17871917117187,7.854756440820815,7.9327521324157715
W_16.3719_73.4858,2016-01-04,16.37194,73.48583,6.4,9.967233355264975,8.738090840768365,10.568150520324709
W_16.3719_73.4858,2016-11-04,16.37194,73.48583,14.2,6.069524203251115,5.732219543308374,8.26144027709961
W_16.3719_73.4858,2017-01-04,16.37194,73.48583,13.9,9.072959180305846,8.513406928204224,8.326279640197754
W_16.3719_73.4858,2019-01-09,16.37194,73.48583,4.5,6.99866203434695,7.285004269524299,10.457465171813965
W_16.3719_73.4858,2019-11-09,16.37194,73.48583,11.25,5.136618793817539,4.407771922915849,7.222437858581543
W_16.3719_73.4858,2020-01-09,16.37194,73.48583,15.2,8.826556820737677,7.686653154924133,10.583045959472656
W_16.3719_73.4858,2020-11-29,16.37194,73.48583,12.4,4.169465552375535,5.278886182659093,6.763429164886475
W_16.3719_73.4858,2021-01-09,16.37194,73.48583,17.95,8.17871917117187,7.854756440820815,7.9327521324157715
W_15.9581_73.6853,2016-01-04,15.95806,73.68528,12.0,4.219410184589768,4.076462192263966,4.086087703704834
W_15.9581_73.6853,2016-11-04,15.95806,73.68528,10.0,4.470156292259927,4.981501130717208,2.875218391418457
W_15.9581_73.6853,2017-01-04,15.95806,73.68528,11.2,4.607291919340582,4.308661224862244,5.19062614440918
W_15.9581_73.6853,2019-01-09,15.95806,73.68528,11.9,6.1309097876151375,6.559934392607918,3.2753872871398926
W_15.9581_73.6853,2019-11-09,15.95806,73.68528,9.6,3.4569502601246676,4.010470335163811,2.054572105407715
W_15.9581_73.6853,2020-01-09,15.95806,73.68528,11.15,3.6806344631123005,3.629463917791007,3.770750045776367
W_15.9581_73.6853,2020-11-29,15.95806,73.68528,10.1,4.086355772827829,4.614196228081695,2.6745095252990723
W_15.9581_73.6853,2021-01-09,15.95806,73.68528,11.45,4.463760173444839,4.344458961627986,4.534811019897461
W_15.8928_73.6706,2016-01-04,15.89278,73.67056,6.2,5.140268571004531,5.000315239892444,4.6697492599487305
W_15.8928_73.6706,2016-11-04,15.89278,73.67056,4.8,4.365259934476912,5.093382472352761,3.718735933303833
W_15.8928_73.6706,2017-01-04,15.89278,73.67056,6.0,5.377351716689829,5.087146784086857,5.6873064041137695
W_15.8928_73.6706,2019-01-09,15.89278,73.67056,6.0,6.154451886509753,6.559934392607918,3.4871840476989746
W_15.8928_73.6706,2019-11-09,15.89278,73.67056,3.3,3.4457973634512338,4.012135355583163,2.456955671310425
W_15.8928_73.6706,2020-01-09,15.89278,73.67056,5.15,3.914566990021775,3.970120513557342,3.896477937698364
W_15.8928_73.6706,2020-11-29,15.89278,73.67056,3.5,4.026731320296136,4.609875782978056,3.026574850082397
W_15.8928_73.6706,2021-01-09,15.89278,73.67056,5.75,4.5404927298932485,4.617064667659246,4.505435943603516
W_15.8553_73.7822,2016-01-04,15.85528,73.78222,5.3,5.131291928029144,5.030580492482805,5.157735824584961
W_15.8553_73.7822,2017-01-04,15.85528,73.78222,5.6,5.000490461289138,4.845505001575445,4.614290237426758
W_15.8553_73.7822,2019-01-09,15.85528,73.78222,4.8,6.066381225198538,6.44660759036244,3.962906837463379
W_15.8553_73.7822,2019-11-09,15.85528,73.78222,4.25,3.2492435984772152,3.654600784508256,2.997673749923706
W_15.8553_73.7822,2020-01-09,15.85528,73.78222,4.7,4.278378456509539,4.309532110111521,3.97636079788208
W_15.8553_73.7822,2020-11-29,15.85528,73.78222,4.5,4.319886719818105,4.851107268836045,3.311589479446411
W_15.8553_73.7822,2021-01-09,15.85528,73.78222,4.65,4.544213344263044,4.758249142564486,4.189034461975098
W_15.9625_74.0017,2016-01-04,15.9625,74.00167,4.08,4.297324863419239,3.964731426963416,4.520573139190674
W_15.9625_74.0017,2017-01-04,15.9625,74.00167,3.4,4.942617155905435,4.535221626718869,4.261270999908447
W_15.9625_74.0017,2019-01-09,15.9625,74.00167,4.5,5.659205188899558,6.339104469033511,3.826376676559448
W_15.9625_74.0017,2020-01-09,15.9625,74.00167,2.9,4.130017041136991,3.952137412548314,3.713265419006348
W_15.9625_74.0017,2020-11-29,15.9625,74.00167,0.5,4.801032012913015,6.036957921410705,3.084356546401977
W_15.9625_74.0017,2021-01-09,15.9625,74.00167,3.05,4.785591821622249,4.533365794017241,3.912952423095703
W_15.85_73.65,2016-11-04,15.85,73.65,5.9,4.365259934476912,5.093382472352761,3.718735933303833
W_15.85_73.65,2017-01-04,15.85,73.65,6.1,5.37735171668983,5.087146784086857,5.6873064041137695
W_15.85_73.65,2019-01-09,15.85,73.65,6.4,6.154451886509753,6.559934392607918,3.4871840476989746
W_15.85_73.65,2019-11-09,15.85,73.65,4.15,3.4457973634512338,4.012135355583163,2.456955671310425
W_15.85_73.65,2020-01-09,15.85,73.65,6.1,3.914566990021775,3.970120513557342,3.896477937698364
W_15.85_73.65,2020-11-29,15.85,73.65,5.2,4.026731320296136,4.609875782978056,3.026574850082397
W_15.85_73.65,2021-01-09,15.85,73.65,6.16,4.5404927298932485,4.617064667659246,4.505435943603516
W_15.8667_73.8333,2016-11-04,15.86667,73.83333,3.6,4.293144383420188,4.291489710090565,3.555272340774536
W_15.8667_73.8333,2017-01-04,15.86667,73.83333,4.9,5.000490461289138,4.845505001575445,4.614290237426758
W_15.8667_73.8333,2019-01-09,15.86667,73.83333,5.0,6.066381225198538,6.44660759036244,3.962906837463379
W_15.8667_73.8333,2019-11-09,15.86667,73.83333,2.35,3.2492435984772152,3.654600784508256,2.997673749923706
W_15.8667_73.8333,2020-01-09,15.86667,73.83333,4.9,4.278378456509539,4.309532110111521,3.97636079788208
W_15.8667_73.8333,2020-11-29,15.86667,73.83333,3.2,4.319886719818104,4.851107268836045,3.311589479446411
W_15.8667_73.8333,2021-01-09,15.86667,73.83333,4.62,4.544213344263044,4.758249142564486,4.189034461975098
W_16.3667_73.8,2016-11-04,16.36667,73.8,5.3,4.586786554581354,5.071235993209629,4.491881370544434
W_16.3667_73.8,2017-01-04,16.36667,73.8,5.8,5.928333282477516,5.504279125436238,5.791180610656738
W_16.3667_73.8,2019-01-09,16.36667,73.8,6.0,5.886139503081713,6.122312504599637,5.644456386566162
W_16.3667_73.8,2020-01-09,16.36667,73.8,6.5,5.370648575309557,4.961904293866948,5.208792209625244
W_16.3667_73.8,2021-01-09,16.36667,73.8,5.3,5.798393306058619,5.288927304783383,5.490697383880615
W_21.0667_80.15,2016-11-04,21.06667,80.15,4.32,4.98999259992159,5.663128159301647,4.407641887664795
W_21.0667_80.15,2017-01-04,21.06667,80.15,5.52,6.527058668435577,5.915332120282792,7.1398024559021
W_21.0667_80.15,2017-08-24,21.06667,80.15,7.12,7.157440851630989,7.111203604587504,10.869781494140623
W_21.0667_80.15,2019-01-09,21.06667,80.15,8.22,7.358777944143408,6.739126907898803,10.02968692779541
W_21.0667_80.15,2019-05-19,21.06667,80.15,10.79,9.454326340521218,9.279420819935558,9.732077598571776
W_21.0667_80.15,2019-11-09,21.06667,80.15,6.0,4.415433693666817,4.079126974924704,6.062955856323242
W_21.0667_80.15,2020-01-09,21.06667,80.15,7.0,7.093328430822438,6.7423602083088525,9.788098335266112
W_21.0667_80.15,2020-11-29,21.06667,80.15,5.32,6.1444005410281655,5.371075705813004,4.579061031341553
W_21.0667_80.15,2021-01-09,21.06667,80.15,7.52,6.004364211492182,6.091695763478596,6.439356327056885
W_21.0758_80.3667,2016-11-04,21.07583,80.36667,2.4,4.217432780773929,4.3450861988744025,4.085938453674316
W_21.0758_80.3667,2017-01-04,21.07583,80.36667,3.2,5.91538318481882,5.779267230417757,5.896293640136719
W_21.0758_80.3667,2017-08-24,21.07583,80.36667,2.9,4.3409299263965115,4.157699597764185,4.920386791229248
W_21.0758_80.3667,2019-01-09,21.07583,80.36667,3.4,7.021047343133593,6.847041066424498,7.561973571777344
W_21.0758_80.3667,2019-05-19,21.07583,80.36667,5.1,9.250927495942243,9.661149974334036,10.834278106689451
W_21.0758_80.3667,2019-11-09,21.07583,80.36667,2.7,4.448144010085983,4.272314580608216,5.01594877243042
W_21.0758_80.3667,2020-01-09,21.07583,80.36667,2.55,6.505584588763328,6.199035196442276,7.296618461608887
W_21.0758_80.3667,2020-11-29,21.07583,80.36667,2.2,6.1325845199475655,5.389438048903104,4.423857688903809
W_21.0758_80.3667,2021-01-09,21.07583,80.36667,2.9,6.1944114819764895,6.122401461716001,6.167216777801514
W_21.4633_80.3653,2017-01-04,21.46333,80.36528,7.79,5.660566078305234,5.4061267197860845,5.389875411987305
W_21.4633_80.3653,2019-01-09,21.46333,80.36528,5.4,6.979799427162553,6.745374782899795,6.266917705535889
W_21.4633_80.3653,2019-05-19,21.46333,80.36528,9.0,9.407357277652103,8.984640481179014,10.451704978942873
W_21.4633_80.3653,2019-11-09,21.46333,80.36528,3.5,4.363512332805977,4.153665631649906,4.771847248077393
W_21.4633_80.3653,2020-01-09,21.46333,80.36528,6.0,5.825271855861504,6.073818693504902,5.335057258605957
W_21.4633_80.3653,2020-11-29,21.46333,80.36528,1.9,5.813597741970312,4.751757908300656,3.6536457538604736
W_21.4633_80.3653,2021-01-09,21.46333,80.36528,6.3,5.285848137911969,5.22657650757087,5.05272912979126
W_20.9167_74.6333,2016-11-04,20.91667,74.63333,10.2,6.769472313423681,7.054930254226603,8.038275718688965
W_20.9236_74.3772,2016-11-04,20.92361,74.37722,8.0,7.898836421499548,6.8031818535637125,7.318266868591309
W_20.9236_74.3772,2017-01-04,20.92361,74.37722,8.7,7.823197460640331,7.99748737782589,7.259995460510254
W_20.9236_74.3772,2019-05-19,20.92361,74.37722,10.99,9.619268318731399,9.899536587422954,10.964250564575195
W_20.9236_74.3772,2019-08-19,20.92361,74.37722,8.8,5.88912053701169,4.770040681130174,7.862573623657227
W_20.9236_74.3772,2019-11-09,20.92361,74.37722,6.8,5.224814912824614,4.5486386885676495,5.555774688720703
W_20.9236_74.3772,2020-01-09,20.92361,74.37722,5.95,7.5624079520937295,6.701407594444692,8.705520629882812
W_20.9236_74.3772,2021-01-09,20.92361,74.37722,7.1,7.2178263824003945,7.137805644712957,7.820210456848144
W_21.2167_74.8167,2016-11-04,21.21667,74.81667,6.6,10.605187904935432,9.803332622909611,10.703500747680664
W_21.2167_74.8167,2017-01-04,21.21667,74.81667,7.3,10.789526997228991,10.973503542660197,9.58986759185791
W_21.2167_74.8167,2019-01-09,21.21667,74.81667,8.25,11.624950018276625,10.95332439845733,9.9296875
W_21.2167_74.8167,2019-05-19,21.21667,74.81667,8.8,9.804257563739544,9.714497175519709,11.871230125427246
W_21.2167_74.8167,2019-08-19,21.21667,74.81667,6.5,4.912060744111272,5.49824143640102,7.130081653594971
W_21.2167_74.8167,2019-11-09,21.21667,74.81667,6.3,5.456308838370616,5.484982821426983,5.833760738372803
W_21.2167_74.8167,2020-01-09,21.21667,74.81667,5.7,7.7469717790565085,7.514989715110568,9.242713928222656
W_21.2167_74.8167,2021-01-09,21.21667,74.81667,7.0,7.402026032234039,8.071861910742793,9.14541244506836
W_21.3378_74.4925,2019-01-09,21.33778,74.4925,15.5,10.710512832599106,10.006516185657576,11.006275177001951
W_21.3378_74.4925,2019-05-19,21.33778,74.4925,22.0,9.43078280835233,9.958882490087422,10.315103530883787
W_21.3378_74.4925,2019-08-19,21.33778,74.4925,9.85,5.304769264707042,5.114160156053615,3.9461545944213863
W_21.3378_74.4925,2019-11-09,21.33778,74.4925,9.8,5.274593860429977,5.092104166620383,5.788859844207764
W_21.3378_74.4925,2020-01-09,21.33778,74.4925,8.15,7.61296528756241,7.294280196515896,7.660853862762451
W_21.3378_74.4925,2021-01-09,21.33778,74.4925,11.3,7.605637659086665,8.04761691374053,8.210598945617676
W_21.1064_74.7297,2016-01-04,21.10639,74.72972,7.0,8.387431312199563,9.032695944119627,6.522808074951172
W_21.1064_74.7297,2016-11-04,21.10639,74.72972,2.0,8.002954288991361,8.267259374764485,8.734400749206543
W_21.1064_74.7297,2017-01-04,21.10639,74.72972,7.39,8.73399886630387,9.466807591760638,7.874686717987059
W_21.1064_74.7297,2019-01-09,21.10639,74.72972,7.1,9.653736478597494,9.381686089970868,8.933892250061035
W_21.1064_74.7297,2019-05-19,21.10639,74.72972,7.39,9.56660703606393,9.59515383413032,11.761483192443848
W_21.1064_74.7297,2019-11-09,21.10639,74.72972,2.1,5.504398022886069,5.932816758010504,6.037368774414063
W_21.1064_74.7297,2020-01-09,21.10639,74.72972,3.45,7.970660564564261,7.545403531621384,11.04957103729248
W_21.1064_74.7297,2021-01-09,21.10639,74.72972,6.4,7.643411528330478,7.883190546982069,8.57498550415039
W_21.3236_74.5733,2016-01-04,21.32361,74.57333,9.95,8.831126269930714,9.524852670453768,10.249951362609863
W_21.3236_74.5733,2016-11-04,21.32361,74.57333,9.15,6.536673515249155,7.127485871514399,6.477779865264893
W_21.3236_74.5733,2017-01-04,21.32361,74.57333,11.0,7.521752951869326,7.514320563005871,6.934516429901123
W_21.3236_74.5733,2019-01-09,21.32361,74.57333,10.2,11.225692424995776,10.130999032338735,12.466301918029783
W_21.3236_74.5733,2019-05-19,21.32361,74.57333,12.4,9.88453884624305,9.77091274638606,10.760202407836914
W_21.3236_74.5733,2019-08-19,21.32361,74.57333,7.85,5.042945898803925,5.035296859922727,9.029946327209473
W_21.3236_74.5733,2019-11-09,21.32361,74.57333,5.0,5.630425409809266,4.778702817274969,6.467704772949219
W_21.3236_74.5733,2020-01-09,21.32361,74.57333,7.4,8.27162108462642,7.629532503487866,7.929494857788086
W_21.3236_74.5733,2021-01-09,21.32361,74.57333,10.1,7.147732931885663,7.641290324150013,8.595425605773926
W_21.0042_73.8561,2016-11-04,21.00417,73.85611,9.4,6.404267800721541,5.413954827431104,6.977217674255371
W_21.0042_73.8561,2017-01-04,21.00417,73.85611,1.2,8.092517413046101,7.577354867253612,7.534375190734863
W_21.0042_73.8561,2019-05-19,21.00417,73.85611,9.99,9.547583838870631,9.37741374753269,9.690454483032228
W_21.0042_73.8561,2019-11-09,21.00417,73.85611,0.4,3.6337312940452255,3.4976767054539684,3.841000556945801
W_21.0042_73.8561,2020-01-09,21.00417,73.85611,0.8,6.078410358822312,5.530203490232247,7.29892110824585
W_21.0042_73.8561,2021-01-09,21.00417,73.85611,1.5,5.171224089869525,4.922154770963858,5.750473499298096
W_16.7381_74.6042,2017-01-04,16.73806,74.60417,2.8,6.223168073707923,5.789855245141276,6.319350242614746
W_16.7381_74.6042,2019-11-09,16.73806,74.60417,3.7,3.647525484252419,3.7889002282062334,3.056777000427246
W_16.7381_74.6042,2020-01-09,16.73806,74.60417,2.8,5.115142678601253,4.56184135448469,5.962179183959961
W_16.7381_74.6042,2020-11-29,16.73806,74.60417,5.3,3.8787934095573133,5.4774777960635,3.4639806747436523
W_16.7381_74.6042,2021-01-09,16.73806,74.60417,4.9,4.3965338893845285,4.5529953606483256,3.575170516967773
W_16.7811_73.9861,2016-11-04,16.78111,73.98611,4.3,4.286241390542226,4.579196916331209,3.965867757797241
W_16.7811_73.9861,2017-01-04,16.78111,73.98611,3.9,5.643615111970127,5.085254175835852,5.411215782165527
W_16.7811_73.9861,2019-01-09,16.78111,73.98611,4.9,5.721522116603833,6.407851187823203,4.943112373352051
W_16.7811_73.9861,2020-11-29,16.78111,73.98611,3.0,3.8592545089479677,5.713359426127431,4.000551700592041
W_16.7811_73.9861,2021-01-09,16.78111,73.98611,4.1,5.6453149466854144,5.18133529565145,5.3192219734191895
W_16.7_74.0167,2016-11-04,16.7,74.01667,0.01,4.075401303622389,4.496128491499907,4.093873500823975
W_16.7_74.0167,2017-01-04,16.7,74.01667,0.5,5.82598668778623,5.17798484797019,5.8611159324646
W_16.7_74.0167,2019-01-09,16.7,74.01667,1.9,5.90971498008194,6.405013062494472,5.754011631011963
W_16.7_74.0167,2019-11-09,16.7,74.01667,1.4,4.176454251520127,3.8362857539964015,4.919475078582764
W_16.7_74.0167,2020-01-09,16.7,74.01667,1.55,6.284086754001467,5.738250915195917,5.946742057800293
W_16.7_74.0167,2020-11-29,16.7,74.01667,0.2,3.815132541929933,6.05267578043473,4.274131774902344
W_16.7_74.0167,2021-01-09,16.7,74.01667,0.6,5.764041485570759,5.369530483586454,5.235988616943359
W_16.3833_74.1833,2016-11-04,16.38333,74.18333,1.9,6.039084370582638,5.662409970606267,3.7562780380249023
W_16.3833_74.1833,2017-01-04,16.38333,74.18333,1.2,5.543657508970164,4.9513221322732885,4.584775447845459
W_16.3833_74.1833,2019-01-09,16.38333,74.18333,1.0,5.310503635853285,6.15873770552241,4.239041805267334
W_16.3833_74.1833,2019-11-09,16.38333,74.18333,1.4,3.871057697191908,3.641164203879368,3.5630762577056885
W_16.3833_74.1833,2020-01-09,16.38333,74.18333,1.0,5.338381658973405,4.604593021178696,3.23771071434021
W_16.3833_74.1833,2020-11-29,16.38333,74.18333,0.8,6.2880564091118565,5.392103793301762,2.351090669631958
W_15.8675_74.2333,2016-11-04,15.8675,74.23333,2.5,4.929114291840515,5.970727281145933,4.668982028961182
W_15.8675_74.2333,2017-01-04,15.8675,74.23333,0.9,6.193124720680177,5.863156456720193,6.601868152618408
W_15.8675_74.2333,2019-01-09,15.8675,74.23333,8.05,6.205825615655912,6.494417900735104,6.499547481536865
W_15.8675_74.2333,2019-11-09,15.8675,74.23333,7.0,4.329815179341251,3.8954076949464858,3.7534291744232178
W_15.8675_74.2333,2020-01-09,15.8675,74.23333,7.2,5.052977040636204,5.037092162893021,5.302081108093262
W_15.8675_74.2333,2020-11-29,15.8675,74.23333,6.7,5.1909423112001996,5.582004352494023,4.426621437072754
W_15.8675_74.2333,2021-01-09,15.8675,74.23333,7.15,5.5046231569361455,5.632550811044911,4.126402378082275
W_16.1694_74.4694,2016-11-04,16.16944,74.46944,5.2,5.456123024917666,6.117309055315005,4.045769691467285
W_16.1694_74.4694,2017-01-04,16.16944,74.46944,7.18,6.0264797452271095,5.383831867896468,6.383935451507568
W_16.1694_74.4694,2019-01-09,16.16944,74.46944,7.7,5.936129993364378,6.4693996670971625,4.386731147766113
W_16.1694_74.4694,2019-11-09,16.16944,74.46944,3.65,3.4834643973774746,3.5771850477409943,2.9067516326904297
W_16.1694_74.4694,2020-01-09,16.16944,74.46944,4.2,4.136854529018581,4.262720410662454,3.442604780197144
W_16.1694_74.4694,2020-11-29,16.16944,74.46944,2.9,7.621203450734092,5.382735530944771,2.9026875495910645
W_16.1694_74.4694,2021-01-09,16.16944,74.46944,4.2,4.141180362635343,4.235989965897537,3.6624913215637207
W_16.4517_74.0533,2016-01-04,16.45167,74.05333,1.5,3.9969716036097984,4.533927146320339,1.5494203567504885
W_16.4517_74.0533,2016-11-04,16.45167,74.05333,2.6,4.430329713195811,5.401506645250427,4.075925827026367
W_16.4517_74.0533,2017-01-04,16.45167,74.05333,2.5,5.806634292678757,5.034820063988619,5.447974681854248
W_16.4517_74.0533,2019-01-09,16.45167,74.05333,2.8,5.616183215032127,6.022318685641315,4.7639360427856445
W_16.4517_74.0533,2020-01-09,16.45167,74.05333,2.8,4.4509129367652145,5.361646023560611,4.021868705749512
W_16.4517_74.0533,2020-11-29,16.45167,74.05333,1.1,4.74854437534297,5.250068505563501,2.8773062229156494
W_16.4517_74.0533,2021-01-09,16.45167,74.05333,2.8,4.650556288220014,4.264344841584423,4.178977966308594
W_16.8861_73.4444,2016-11-04,16.88611,73.44444,12.8,4.631513338624582,5.11438434021761,4.44471549987793
W_16.8861_73.4444,2017-01-04,16.88611,73.44444,13.3,5.93355714529784,5.991888671766132,5.589319229125977
W_16.8861_73.4444,2019-01-09,16.88611,73.44444,13.9,7.106499259244127,6.92582481401042,7.212898254394531
W_16.8861_73.4444,2019-11-09,16.88611,73.44444,12.9,5.349680342386004,4.409437574136303,5.420980453491211
W_16.8861_73.4444,2020-01-09,16.88611,73.44444,14.3,6.743554376390022,6.625167123092596,6.051290035247803
W_16.8861_73.4444,2020-11-29,16.88611,73.44444,13.35,3.7002422756683404,5.441303725395687,5.568045616149902
W_16.8861_73.4444,2021-01-09,16.88611,73.44444,12.8,7.185394682664352,6.46972645424937,7.749449253082275
W_16.6069_73.5492,2016-01-04,16.60694,73.54917,10.68,6.991843016066314,7.411475777651121,7.032354831695557
W_16.6069_73.5492,2016-11-04,16.60694,73.54917,8.0,5.327074128120514,5.3650642167154095,5.421245098114014
W_16.6069_73.5492,2017-01-04,16.60694,73.54917,9.5,6.720272763662925,6.694843444351524,7.817652702331543
W_16.6069_73.5492,2019-01-09,16.60694,73.54917,9.5,7.687152924971122,6.887154834771388,8.705397605895996
W_16.6069_73.5492,2019-11-09,16.60694,73.54917,8.2,5.492626259459606,4.4076404025516425,6.634003639221191
W_16.6069_73.5492,2020-01-09,16.60694,73.54917,9.5,8.31279679540283,7.412955094529682,8.365113258361816
W_16.6069_73.5492,2020-11-29,16.60694,73.54917,9.75,3.8455569565808347,5.541558350803996,6.908444404602051
W_16.6069_73.5492,2021-01-09,16.60694,73.54917,10.1,8.030564671496979,7.620106614366919,7.727388858795166
W_17.3583_73.5333,2016-11-04,17.35833,73.53333,1.5,3.5692435225831387,4.725924124273128,3.45820951461792
W_17.3583_73.5333,2017-01-04,17.35833,73.53333,2.1,5.177379080288692,4.9613597974247154,5.306840419769287
W_17.3583_73.5333,2019-01-09,17.35833,73.53333,2.1,6.233115943734991,6.582664767102735,5.269825458526611
W_17.3583_73.5333,2019-11-09,17.35833,73.53333,1.1,4.602266950732456,4.328470141760088,4.250126838684082
W_17.3583_73.5333,2020-01-09,17.35833,73.53333,2.45,4.856373538637035,5.611707564549858,3.4448602199554443
W_17.3583_73.5333,2020-11-29,17.35833,73.53333,0.96,3.876994327849887,4.953611500168628,4.682875633239746
W_17.3583_73.5333,2021-01-09,17.35833,73.53333,2.1,6.51060005769383,5.825665929327331,6.383971691131592
W_17.9667_73.2333,2015-11-04,17.96667,73.23333,5.0,4.14861430057283,4.388107434159059,4.953627586364746
W_17.9667_73.2333,2016-11-04,17.96667,73.23333,5.8,5.330677159842981,4.76461735427606,5.089319705963135
W_17.9667_73.2333,2017-01-04,17.96667,73.23333,8.7,6.606937136372728,5.8489204414768015,6.4228835105896
W_17.9667_73.2333,2019-01-09,17.96667,73.23333,8.8,4.639783310949957,5.657239399498098,4.506591796875
W_17.9667_73.2333,2019-05-19,17.96667,73.23333,9.9,8.350565406317225,9.115346293265508,10.080327987670898
W_17.9667_73.2333,2019-08-19,17.96667,73.23333,2.4,5.361977053395002,4.352215303361502,5.183557033538818
W_17.9667_73.2333,2019-11-09,17.96667,73.23333,4.8,4.345988554593003,3.392366917607606,2.927521228790283
W_17.9667_73.2333,2020-01-09,17.96667,73.23333,8.1,4.687512612554045,4.288124483047025,5.662726402282715
W_17.9667_73.2333,2020-11-29,17.96667,73.23333,5.4,4.069725112536968,4.649685526591812,2.641535520553589
W_17.9667_73.2333,2021-01-09,17.96667,73.23333,8.85,4.146712746462885,3.970784966879824,3.9754748344421382
W_17.1642_73.2694,2016-01-04,17.16417,73.26944,17.45,6.201587358459064,7.341182871916196,5.833564758300781
W_17.1642_73.2694,2016-11-04,17.16417,73.26944,15.9,4.603882833022369,4.819663179050531,5.895023822784424
W_17.1642_73.2694,2017-01-04,17.16417,73.26944,16.5,6.935034474954366,6.643547612047778,5.643553256988525
W_17.1642_73.2694,2019-01-09,17.16417,73.26944,15.5,5.130460271617016,6.578264308516238,7.263696193695068
W_17.1642_73.2694,2019-11-09,17.16417,73.26944,13.0,5.23750540115308,4.294388973964974,5.655054569244385
W_17.1642_73.2694,2020-01-09,17.16417,73.26944,16.7,7.0423643026666465,6.7677501619354175,7.758020877838135
W_17.1642_73.2694,2020-11-29,17.16417,73.26944,14.3,4.154202560335422,6.000358455481763,5.829201698303223
W_17.1642_73.2694,2021-01-09,17.16417,73.26944,15.95,7.235489635677427,6.724258780789988,7.563489437103271
W_17.4833_73.35,2016-11-04,17.48333,73.35,4.2,4.4575961561440725,4.586431785842454,5.94964599609375
W_17.4833_73.35,2017-01-04,17.48333,73.35,4.9,6.958385792459949,6.634323732470786,6.270966529846191
W_17.4833_73.35,2019-01-09,17.48333,73.35,5.5,6.399136059989969,6.953137503592082,6.990783214569092
W_17.4833_73.35,2019-11-09,17.48333,73.35,3.9,5.368888229844234,4.312941880323782,5.296635627746582
W_17.4833_73.35,2020-01-09,17.48333,73.35,5.1,6.828255498766899,6.503018126504153,7.116949081420898
W_17.4833_73.35,2020-11-29,17.48333,73.35,3.9,3.8574563027873388,4.891462814728932,5.426166534423828
W_17.4833_73.35,2021-01-09,17.48333,73.35,5.34,6.924125367156371,6.55749577431318,6.510127544403076
W_17.2347_73.2722,2016-11-04,17.23472,73.27222,5.7,4.797168094002072,4.493371665911145,8.730402946472168
W_17.2347_73.2722,2017-01-04,17.23472,73.27222,7.8,8.629893353786485,8.792411108580557,6.351488590240479
W_17.2347_73.2722,2019-01-09,17.23472,73.27222,7.3,6.126133995314623,6.892110464458582,7.588840007781982
W_17.2347_73.2722,2019-11-09,17.23472,73.27222,4.2,5.394346128162777,4.455996697582895,5.607837677001953
W_17.2347_73.2722,2020-01-09,17.23472,73.27222,7.75,7.055715451676033,6.758935214620278,7.558469295501709
W_17.2347_73.2722,2020-11-29,17.23472,73.27222,5.2,3.9375017984397163,5.239522599804668,6.457592487335205
W_17.2347_73.2722,2021-01-09,17.23472,73.27222,7.9,7.68557248263064,7.279433371191997,7.32696008682251
W_20.4833_77.4833,2016-11-04,20.48333,77.48333,1.7,7.1109484417426785,6.968983629936685,6.606557846069336
W_20.4833_77.4833,2017-01-04,20.48333,77.48333,3.7,7.644177970692456,7.626234733350069,7.929318428039551
W_20.4833_77.4833,2017-08-24,20.48333,77.48333,4.5,7.3789639439997226,6.077245590365822,9.139060020446776
W_20.4833_77.4833,2018-08-19,20.48333,77.48333,1.0,6.504474575549648,5.618523509488844,8.608892440795898
W_20.4833_77.4833,2019-01-09,20.48333,77.48333,5.1,7.838142683764067,8.117976822272254,9.62782096862793
W_20.4833_77.4833,2019-05-19,20.48333,77.48333,12.99,9.618479361861258,9.914029919153275,12.371477127075195
W_20.4833_77.4833,2019-11-09,20.48333,77.48333,0.4,4.0432654864571145,4.1860188657119,3.9339675903320312
W_20.4833_77.4833,2020-01-09,20.48333,77.48333,3.9,6.083309723693918,5.656638130294883,7.316380977630615
W_20.4833_77.4833,2021-01-09,20.48333,77.48333,7.9,5.789525047659812,5.4798364439025375,6.403580188751221
W_20.0397_76.6958,2016-11-04,20.03972,76.69583,4.3,5.651313680271191,5.7631112734914485,6.209110260009766
W_20.0397_76.6958,2017-01-04,20.03972,76.69583,4.8,7.465278264566964,7.452575513272738,7.69815731048584
W_20.0397_76.6958,2018-08-19,20.03972,76.69583,2.1,7.917330212349598,5.158064999745722,7.190307140350342
W_20.0397_76.6958,2018-11-11,20.03972,76.69583,9.9,7.978391442622762,8.359701145455592,7.962258815765381
W_20.0397_76.6958,2019-01-09,20.03972,76.69583,9.1,8.900632477809905,8.987038809919504,9.282197952270508
W_20.0397_76.6958,2019-05-19,20.03972,76.69583,10.1,9.60689678414102,10.001160861984904,12.21297836303711
W_20.0397_76.6958,2019-11-09,20.03972,76.69583,7.8,4.045328340028978,4.24982680083744,2.9339919090271
W_20.0397_76.6958,2020-01-09,20.03972,76.69583,7.35,4.99602161594561,4.815170304565731,5.201827049255371
W_20.0397_76.6958,2021-01-09,20.03972,76.69583,5.5,5.72742791461677,6.373101027222884,5.478503227233887
W_20.1833_77.2667,2016-11-04,20.18333,77.26667,6.3,4.727104344679449,4.87398956655741,3.852424383163452
W_20.1833_77.2667,2017-01-04,20.18333,77.26667,6.4,5.889367736283887,5.783750426072411,6.07688570022583
W_20.1833_77.2667,2017-08-24,20.18333,77.26667,6.05,6.155892120273894,5.747721866795026,6.191781044006348
W_20.1833_77.2667,2018-08-19,20.18333,77.26667,3.52,6.5521266712623225,4.93420130052996,3.675803422927856
W_20.1833_77.2667,2019-01-09,20.18333,77.26667,8.55,7.613207747880163,8.024971492705696,7.605062007904053
W_20.1833_77.2667,2019-05-19,20.18333,77.26667,12.49,9.598207115527062,9.924882813253207,10.212838172912598
W_20.1833_77.2667,2019-11-09,20.18333,77.26667,4.02,4.177114403616809,4.19041706293782,2.6564178466796875
W_20.1833_77.2667,2020-01-09,20.18333,77.26667,6.2,4.744361573906684,4.879934305366055,4.983771324157715
W_20.1833_77.2667,2021-01-09,20.18333,77.26667,7.6,6.022213903761464,5.827557181047242,6.1645708084106445
W_20.4861_77.4825,2016-11-04,20.48611,77.4825,6.9,7.1109484417426785,6.968983629936685,6.606557846069336
W_20.4861_77.4825,2017-01-04,20.48611,77.4825,6.6,7.644177970692458,7.626234733350069,7.929318428039551
W_20.4861_77.4825,2018-08-19,20.48611,77.4825,7.54,6.504474575549648,5.618523509488844,8.608892440795898
W_20.4861_77.4825,2019-01-09,20.48611,77.4825,7.2,7.838142683764067,8.117976822272254,9.62782096862793
W_20.4861_77.4825,2019-05-19,20.48611,77.4825,7.5,9.618479361861258,9.914029919153275,12.371477127075195
W_20.4861_77.4825,2019-11-09,20.48611,77.4825,7.9,4.0432654864571145,4.1860188657119,3.9339675903320312
W_20.4861_77.4825,2020-01-09,20.48611,77.4825,8.4,6.083309723693918,5.656638130294883,7.316380977630615
W_20.4861_77.4825,2021-01-09,20.48611,77.4825,7.1,5.789525047659812,5.4798364439025375,6.403580188751221
W_20.2922_77.0722,2016-01-04,20.29222,77.07222,5.2,7.776833829906141,8.00617666085179,6.776042461395264
W_20.2922_77.0722,2016-11-04,20.29222,77.07222,2.6,4.451476408122241,4.580858484066352,3.711824893951416
W_20.2922_77.0722,2017-01-04,20.29222,77.07222,3.1,5.648254156013575,5.76364063473453,4.508327484130859
W_20.2922_77.0722,2017-08-24,20.29222,77.07222,2.85,5.905391732121657,6.174687729031644,2.836482286453247
W_20.2922_77.0722,2018-08-19,20.29222,77.07222,1.92,6.4579175245064375,4.284495491404864,1.9168537855148315
W_20.2922_77.0722,2018-11-11,20.29222,77.07222,3.1,7.922552033527721,6.831761827247503,7.962258815765381
W_20.2922_77.0722,2019-01-09,20.29222,77.07222,3.35,7.8020617863071235,8.058939649529119,7.764513492584228
W_20.2922_77.0722,2019-05-19,20.29222,77.07222,5.0,9.63937828740079,9.948341731685838,9.49103546142578
W_20.2922_77.0722,2019-11-09,20.29222,77.07222,1.42,3.458016903593672,4.124824563879523,2.374394655227661
W_20.2922_77.0722,2020-01-09,20.29222,77.07222,2.35,4.328662332951322,4.76701834247835,3.69015121459961
W_20.2922_77.0722,2021-01-09,20.29222,77.07222,3.05,5.953926958842107,5.906873910128285,6.042154788970947
W_20.2208_77.5511,2016-11-04,20.22083,77.55111,6.4,5.157196672858075,5.284434784684619,4.818109512329102
W_20.2208_77.5511,2017-01-04,20.22083,77.55111,7.0,6.686236162586372,6.393565968574012,6.1617608070373535
W_20.2208_77.5511,2017-08-24,20.22083,77.55111,9.35,6.621012895118146,6.294308614725303,6.0005083084106445
W_20.2208_77.5511,2018-08-19,20.22083,77.55111,5.47,6.268116106940547,4.988193264824254,5.383835792541504
W_20.2208_77.5511,2018-11-11,20.22083,77.55111,7.6,7.960494180615098,7.474645927307361,7.962258815765381
W_20.2208_77.5511,2019-01-09,20.22083,77.55111,8.3,7.651503393682994,7.897508041514454,8.957840919494629
W_20.2208_77.5511,2019-05-19,20.22083,77.55111,24.5,9.683601612920633,10.035848977470122,10.473884582519531
W_20.2208_77.5511,2019-11-09,20.22083,77.55111,5.07,4.74986410873004,4.182767348293818,4.340589046478272
W_20.2208_77.5511,2020-01-09,20.22083,77.55111,6.3,6.063298433428213,5.920298797187921,7.620344638824463
W_20.2208_77.5511,2021-01-09,20.22083,77.55111,8.9,5.853609132688059,5.700094231983639,5.839226722717285
W_20.3958_77.5083,2016-11-04,20.39583,77.50833,2.1,6.062151622609475,5.529598929072641,6.52614164352417
W_20.3958_77.5083,2017-01-04,20.39583,77.50833,8.0,7.593756092937529,7.443174228839946,7.38584041595459
W_20.3958_77.5083,2017-08-24,20.39583,77.50833,5.5,6.529062405556623,6.367710902654487,7.273076057434082
W_20.3958_77.5083,2018-08-19,20.39583,77.50833,3.75,6.959353829003834,5.016822609784799,7.254793167114258
W_20.3958_77.5083,2018-11-11,20.39583,77.50833,5.2,7.948598717233331,8.01266259352228,7.962258815765381
W_20.3958_77.5083,2019-01-09,20.39583,77.50833,6.5,7.747889849252747,7.857652355328163,10.658580780029297
W_20.3958_77.5083,2019-05-19,20.39583,77.50833,14.0,9.616166776316572,9.715387047220002,11.586933135986328
W_20.3958_77.5083,2019-11-09,20.39583,77.50833,3.17,3.8626568639838856,4.12098908261757,3.619269609451294
W_20.3958_77.5083,2020-01-09,20.39583,77.50833,5.0,6.175622615569716,5.376200644493679,8.351962089538574
W_20.3958_77.5083,2021-01-09,20.39583,77.50833,5.3,6.000983539619158,5.626797578633709,6.19322395324707
W_20.2625_77.4125,2016-11-04,20.2625,77.4125,8.2,5.370930098701551,5.209417566672175,5.210351943969727
W_20.2625_77.4125,2017-01-04,20.2625,77.4125,8.8,6.754682282849846,6.522813380567978,6.297704696655273
W_20.2625_77.4125,2017-08-24,20.2625,77.4125,11.6,6.349277745779852,6.458897578659069,6.072188854217529
W_20.2625_77.4125,2018-08-19,20.2625,77.4125,5.37,6.615334748581468,4.612906692442252,5.528209209442139
W_20.2625_77.4125,2019-01-09,20.2625,77.4125,44.99,7.832763737394057,7.861639624358133,8.847599983215332
W_20.2625_77.4125,2019-05-19,20.2625,77.4125,44.9,9.540547161938033,9.714399026369296,10.174356460571287
W_20.2625_77.4125,2019-11-09,20.2625,77.4125,4.24,4.809420251179876,4.226882396108916,3.8532893657684326
W_20.2625_77.4125,2020-01-09,20.2625,77.4125,6.9,6.099775516918414,5.511228413966085,7.836983680725098
W_20.3072_77.5617,2016-11-04,20.30722,77.56167,2.5,5.594599943951576,5.3529478419678105,5.585780143737793
W_20.3072_77.5617,2017-01-04,20.30722,77.56167,2.0,6.9023687452245746,6.884489645768763,6.512138843536377
W_20.3072_77.5617,2017-08-24,20.30722,77.56167,3.6,6.776176012431948,5.907201927434207,5.466104984283447
W_20.3072_77.5617,2018-08-19,20.30722,77.56167,1.18,6.006149025934388,4.439261964412604,5.460351943969727
W_20.3072_77.5617,2018-11-11,20.30722,77.56167,3.1,7.96001252515707,7.358891811240255,7.962258815765381
W_20.3072_77.5617,2019-01-09,20.30722,77.56167,4.3,7.86277925862388,7.885659367077006,10.272626876831056
W_20.3072_77.5617,2019-05-19,20.30722,77.56167,9.99,9.635008538489327,9.691377426770869,12.70301342010498
W_20.3072_77.5617,2019-11-09,20.30722,77.56167,1.24,4.221450246567889,4.229605970327015,4.109781265258789
W_20.3072_77.5617,2020-01-09,20.30722,77.56167,2.0,6.30310190735442,5.727160387940501,8.198493957519531
W_20.3072_77.5617,2021-01-09,20.30722,77.56167,3.5,5.94982503395336,5.516902719900052,5.931149482727051
W_17.9667_73.9833,2016-11-04,17.96667,73.98333,8.9,3.8916386174467985,4.300610718906801,4.012281894683838
W_17.9667_73.9833,2017-01-04,17.96667,73.98333,9.3,5.648589813495691,5.419617124589991,5.178752899169922
W_17.9667_73.9833,2019-01-09,17.96667,73.98333,21.2,6.904608570296492,6.674025741356486,7.1895365715026855
W_17.9667_73.9833,2019-11-09,17.96667,73.98333,4.7,3.828299146163374,3.609330085155791,3.3776426315307617
W_17.9667_73.9833,2020-01-09,17.96667,73.98333,6.3,4.576950480155905,4.975634699017256,4.363870143890381
W_17.9667_73.9833,2021-01-09,17.96667,73.98333,6.4,4.937756256010144,5.38652639208335,4.6396307945251465
W_17.7528_74.0514,2016-11-04,17.75278,74.05139,3.9,4.6225954334378505,4.48772542803368,6.83498477935791
W_17.7528_74.0514,2017-01-04,17.75278,74.05139,4.3,7.687427473923288,7.052361211881921,7.996736526489258
W_17.7528_74.0514,2019-01-09,17.75278,74.05139,5.1,6.616075457859431,6.845431692774399,6.789194107055664
W_17.7528_74.0514,2019-11-09,17.75278,74.05139,4.5,3.3845191980084817,3.641690509577451,3.735052585601807
W_17.7528_74.0514,2020-01-09,17.75278,74.05139,5.45,4.670787315169306,5.145567160585398,3.837183952331543
W_17.7528_74.0514,2021-01-09,17.75278,74.05139,5.2,4.968094692577035,5.382675850654582,4.325518608093262
W_17.9667_74.35,2016-11-04,17.96667,74.35,1.6,4.66222882476892,4.5581764789378285,4.287307262420654
W_17.9667_74.35,2017-01-04,17.96667,74.35,3.9,5.922804341863902,5.814402873571938,5.585742950439453
W_17.9667_74.35,2019-01-09,17.96667,74.35,11.8,7.111146698018495,7.641132933604411,7.259809970855713
W_17.9667_74.35,2019-11-09,17.96667,74.35,1.4,3.406267599028367,3.771764470312122,3.5914900302886963
W_17.9667_74.35,2020-01-09,17.96667,74.35,2.3,4.769722926511685,5.271048877015009,4.550081729888916
W_17.9667_74.35,2021-01-09,17.96667,74.35,1.8,4.922895046100715,4.8370018904519,4.268531322479248
W_18.0108_74.3503,2016-11-04,18.01083,74.35028,0.5,4.836078655990504,4.651144050825343,4.826581001281738
W_18.0108_74.3503,2017-01-04,18.01083,74.35028,3.7,6.652703254214156,6.435580698902486,6.126306533813477
W_18.0108_74.3503,2019-01-09,18.01083,74.35028,10.9,6.6842849536382865,7.781035598867115,6.536590099334717
W_18.0108_74.3503,2019-11-09,18.01083,74.35028,1.6,2.652844951112886,3.545565708741684,3.3040170669555664
W_18.0108_74.3503,2020-01-09,18.01083,74.35028,4.15,4.646566119318015,4.91936708122267,4.266455173492432
W_18.0108_74.3503,2020-11-29,18.01083,74.35028,3.5,3.9842205750007658,5.90680155306133,2.8651790618896484
W_18.0108_74.3503,2021-01-09,18.01083,74.35028,5.4,4.795217340475943,4.483159004343488,4.3735222816467285
W_17.1308_74.0339,2016-01-04,17.13083,74.03389,4.6,4.6029937576168285,5.202058054972053,5.017232894897461
W_17.1308_74.0339,2016-11-04,17.13083,74.03389,2.6,4.075795258598202,4.486648654138081,4.25035572052002
W_17.1308_74.0339,2017-01-04,17.13083,74.03389,4.1,5.875274078038143,5.279044091154941,6.533268451690674
W_17.1308_74.0339,2019-11-09,17.13083,74.03389,2.0,3.689579405397432,3.3053985499767435,3.4509975910186768
W_17.1308_74.0339,2020-01-09,17.13083,74.03389,2.2,4.8888608123367305,4.609532134005705,4.318615913391113
W_17.1308_74.0339,2021-01-09,17.13083,74.03389,2.95,4.890273745425367,4.741830524008224,5.008519172668457
W_17.8667_74.325,2016-11-04,17.86667,74.325,4.1,3.809596352104652,4.194718478560628,3.328088998794556
W_17.8667_74.325,2017-01-04,17.86667,74.325,6.8,5.130839790428546,5.0037352550671415,4.356658935546875
W_17.8667_74.325,2019-01-09,17.86667,74.325,10.0,7.1308589927747725,7.510977960768447,7.144519329071045
W_17.8667_74.325,2019-11-09,17.86667,74.325,3.4,3.9312368967284472,3.806800720107437,3.4201793670654297
W_17.8667_74.325,2020-01-09,17.86667,74.325,5.3,4.772629785583081,5.107210050197867,4.105409622192383
W_17.8667_74.325,2021-01-09,17.86667,74.325,6.4,4.758612279203763,4.941334599771783,4.129054546356201
W_18.15_73.975,2016-11-04,18.15,73.975,4.8,4.192358617936991,4.643758251110023,4.7955002784729
W_18.15_73.975,2017-01-04,18.15,73.975,10.5,6.285857565549072,5.929590063511257,5.20814323425293
W_18.15_73.975,2019-01-09,18.15,73.975,3.6,6.47024294679008,6.302924870254461,5.66862154006958
W_18.15_73.975,2020-11-29,18.15,73.975,6.8,5.486969625957288,4.68188684605856,2.7408406734466557
W_18.15_73.975,2021-01-09,18.15,73.975,9.2,4.237109000471038,4.217760708407432,4.3817877769470215
W_17.7692_74.3308,2016-01-04,17.76917,74.33083,8.5,6.365069164541309,6.1466142927692,4.677696704864502
W_17.7692_74.3308,2016-11-04,17.76917,74.33083,4.3,4.777129856781707,4.759701775160201,3.858879566192627
W_17.7692_74.3308,2017-01-04,17.76917,74.33083,5.3,5.549621904692056,5.456828870005908,5.626357555389404
W_17.7692_74.3308,2019-01-09,17.76917,74.33083,8.5,7.01912936053478,7.34207205554576,7.026328086853027
W_17.7692_74.3308,2019-11-09,17.76917,74.33083,3.45,3.392463076268476,3.615889113183437,3.4601359367370605
W_17.7692_74.3308,2020-01-09,17.76917,74.33083,4.15,4.627014545669393,5.142132888230368,4.232925891876221
W_17.7692_74.3308,2020-11-29,17.76917,74.33083,2.9,3.8300503484169415,5.654143310912028,3.5672903060913086
W_17.7692_74.3308,2021-01-09,17.76917,74.33083,4.9,4.682544505832586,5.157964913439859,4.147720336914063
W_17.1222_74.0292,2019-01-09,17.12222,74.02917,3.1,6.22623571181648,6.356422993994477,5.156229019165039
W_17.1222_74.0292,2019-11-09,17.12222,74.02917,1.2,3.689579405397432,3.3053985499767435,3.4509975910186768
W_17.1222_74.0292,2020-01-09,17.12222,74.02917,1.7,4.8888608123367305,4.609532134005705,4.318615913391113
W_17.1222_74.0292,2021-01-09,17.12222,74.02917,2.0,4.890273745425367,4.741830524008224,5.008519172668457
W_17.7083_73.9806,2016-11-04,17.70833,73.98056,3.8,4.888193757631331,4.745693216534364,5.10854959487915
W_17.7083_73.9806,2017-01-04,17.70833,73.98056,5.4,6.635431789463398,5.885951012047227,6.175721645355225
W_17.7083_73.9806,2019-01-09,17.70833,73.98056,7.5,6.61902753163115,6.634461872800632,8.039310455322266
W_17.7083_73.9806,2019-11-09,17.70833,73.98056,0.9,3.6648881636087527,3.8022086918592417,3.7499804496765137
W_17.7083_73.9806,2020-01-09,17.70833,73.98056,6.5,5.071509009255214,5.117873675564447,6.290721893310547
W_17.7083_73.9806,2020-11-29,17.70833,73.98056,4.1,3.785447708976307,4.76215740565563,4.882750988006592
W_17.7083_73.9806,2021-01-09,17.70833,73.98056,5.15,6.612814126211651,5.713991584443713,4.894653797149658
W_17.6_74.2,2016-11-04,17.6,74.2,6.9,4.375537966584445,5.480485909237403,3.4688405990600586
W_17.6_74.2,2017-01-04,17.6,74.2,7.45,5.344241054816623,4.8925427727777695,5.850459575653076
W_17.6_74.2,2019-01-09,17.6,74.2,5.4,6.0723797571703715,6.797458884240649,5.671938419342041
W_17.6_74.2,2019-11-09,17.6,74.2,3.2,3.3057741986520885,3.3861661213062035,3.910138130187988
W_17.6_74.2,2020-01-09,17.6,74.2,5.0,4.858039664313713,5.17177319021137,3.8980438709259033
W_17.6_74.2,2021-01-09,17.6,74.2,7.1,4.622806375704263,5.143179046439375,4.132366180419922
W_17.5089_74.2278,2016-01-04,17.50889,74.22778,7.6,4.281914324399191,5.776318535437503,2.9558000564575195
W_17.5089_74.2278,2016-11-04,17.50889,74.22778,6.75,4.906613629611715,5.810229630515903,3.839860677719116
W_17.5089_74.2278,2017-01-04,17.50889,74.22778,6.22,5.6747410269029706,5.142882128231124,5.989966869354248
W_17.5089_74.2278,2019-01-09,17.50889,74.22778,7.75,6.317294725786676,6.709989508692272,5.217494010925293
W_17.5089_74.2278,2019-11-09,17.50889,74.22778,6.5,3.605118676459405,3.58881239982773,4.070410251617432
W_17.5089_74.2278,2020-01-09,17.50889,74.22778,8.2,5.185459159994701,5.308215365202974,4.843594551086426
W_17.5089_74.2278,2021-01-09,17.50889,74.22778,7.9,4.749187733293086,5.209510972851062,4.309003829956055
W_21.0403_79.6764,2016-11-04,21.04028,79.67639,5.4,4.537641114206309,4.353874399130927,5.41727876663208
W_21.0403_79.6764,2017-01-04,21.04028,79.67639,7.7,6.4408221535202435,6.477818910639691,4.970276355743408
W_21.0403_79.6764,2019-01-09,21.04028,79.67639,7.7,6.424539198931728,6.719051137349873,6.933856010437012
W_21.0403_79.6764,2019-05-19,21.04028,79.67639,12.5,9.342436889932499,9.050380219687302,9.065096855163574
W_21.0403_79.6764,2019-11-09,21.04028,79.67639,8.0,4.415517522711484,3.856234241121415,4.95916748046875
W_21.0403_79.6764,2020-11-29,21.04028,79.67639,5.2,5.447030408888733,4.162318266646891,3.198420286178589
W_21.0403_79.6764,2021-01-09,21.04028,79.67639,7.8,5.199798624988021,4.808019961663943,5.5431718826293945
W_21.125_79.675,2016-11-04,21.125,79.675,1.7,4.20365433806895,4.319701064939126,5.364420413970947
W_21.125_79.675,2017-01-04,21.125,79.675,2.6,6.413297871480244,6.35367284752225,6.191444873809815
W_21.125_79.675,2019-01-09,21.125,79.675,3.3,6.357114670313797,6.697948377594041,6.205042839050293
W_21.125_79.675,2019-05-19,21.125,79.675,5.9,9.53535192575415,9.00367487968521,11.095131874084473
W_21.125_79.675,2019-11-09,21.125,79.675,3.3,4.469309139246338,3.835131481365583,5.077266216278076
W_21.125_79.675,2020-01-09,21.125,79.675,2.45,5.966361949224887,6.082177043119728,5.349062442779541
W_21.125_79.675,2020-11-29,21.125,79.675,2.5,5.430599055348315,3.8853362224575614,3.028564214706421
W_21.125_79.675,2021-01-09,21.125,79.675,3.2,5.076291347862904,4.617061130435944,5.300198554992676
W_21.2833_79.6833,2016-11-04,21.28333,79.68333,3.95,4.356994907460747,4.221226506939848,4.115914821624756
W_21.2833_79.6833,2017-01-04,21.28333,79.68333,4.35,6.017899001052405,5.47088243190474,5.802046298980713
W_21.2833_79.6833,2019-01-09,21.28333,79.68333,6.05,6.345207590760363,6.66490920659119,4.999247550964356
W_21.2833_79.6833,2019-05-19,21.28333,79.68333,7.45,9.541204193078398,8.967088637908425,9.035054206848145
W_21.2833_79.6833,2019-11-09,21.28333,79.68333,4.0,4.606440489665502,3.825308924572231,4.300447463989258
W_21.2833_79.6833,2020-01-09,21.28333,79.68333,5.3,5.008278271054521,5.521058292267124,4.6559672355651855
W_21.2833_79.6833,2020-11-29,21.28333,79.68333,3.25,5.413349827093514,3.726374794380952,2.783174991607666
W_21.2833_79.6833,2021-01-09,21.28333,79.68333,3.95,4.9547154009319,4.387890430787013,4.916144847869873
W_21.0667_79.8333,2017-01-04,21.06667,79.83333,9.25,6.439791692156754,6.359575349494457,5.265832901000977
W_21.0667_79.8333,2019-01-09,21.06667,79.83333,11.35,6.388421181403924,6.719051137349873,6.803837776184082
W_21.0667_79.8333,2019-05-19,21.06667,79.83333,14.09,9.489806795091727,9.096413661496689,9.999128341674805
W_21.0667_79.8333,2019-11-09,21.06667,79.83333,8.0,4.453356272045305,3.797555770344324,5.31627368927002
W_21.0667_79.8333,2020-01-09,21.06667,79.83333,9.15,6.102177502632304,6.229737445976556,6.319098472595215
W_21.0667_79.8333,2020-11-29,21.06667,79.83333,11.2,5.575110088531307,4.579014728136388,3.222015857696533
W_21.0667_79.8333,2021-01-09,21.06667,79.83333,9.65,5.408647582462796,4.932215320148492,5.812582969665527
W_21.1022_80.0036,2016-11-04,21.10222,80.00361,5.8,4.261247469234925,4.479492618290472,4.038275718688965
W_21.1022_80.0036,2017-01-04,21.10222,80.00361,8.1,5.706707338426087,5.545869580843777,5.2745537757873535
W_21.1022_80.0036,2017-08-24,21.10222,80.00361,13.6,5.613636202106778,5.716901287358466,6.876792907714844
W_21.1022_80.0036,2019-01-09,21.10222,80.00361,13.0,6.383056213680521,6.728752769552045,6.577298164367676
W_21.1022_80.0036,2019-05-19,21.10222,80.00361,15.6,9.43565452152952,9.188623699963747,10.373512268066406
W_21.1022_80.0036,2019-11-09,21.10222,80.00361,5.2,4.2815847775554605,4.049066404740374,5.076808452606201
W_21.1022_80.0036,2020-01-09,21.10222,80.00361,9.7,6.163327730159703,6.150506213548263,6.419971942901611
W_21.1022_80.0036,2020-11-29,21.10222,80.00361,6.7,5.96501121516174,5.04917560230834,3.3749325275421143
W_21.1022_80.0036,2021-01-09,21.10222,80.00361,11.0,5.354533696922051,5.075045707103904,6.000877380371094
W_20.95_79.8,2016-11-04,20.95,79.8,2.62,4.409658701745459,4.546649005641558,3.899932146072388
W_20.95_79.8,2017-01-04,20.95,79.8,4.82,5.73526854963973,5.507503760732731,4.718546390533447
W_20.95_79.8,2019-01-09,20.95,79.8,5.72,6.328369897643895,6.744432591400747,6.954451084136963
W_20.95_79.8,2019-05-19,20.95,79.8,10.52,9.401553605087456,9.124789695780173,10.42451000213623
W_20.95_79.8,2019-11-09,20.95,79.8,3.4,4.253196949353047,3.945349937697179,5.186747550964356
W_20.95_79.8,2020-01-09,20.95,79.8,2.8,6.134789974428439,6.186365023903806,5.990968227386475
W_20.95_79.8,2020-11-29,20.95,79.8,2.42,5.632095976044399,4.660993633896706,3.6468119621276855
W_20.95_79.8,2021-01-09,20.95,79.8,4.32,5.51826302326498,5.25289390955504,6.045546531677246
W_21.1792_80.0042,2016-11-04,21.17917,80.00417,2.2,4.261247469234925,4.479492618290472,4.038275718688965
W_21.1792_80.0042,2017-01-04,21.17917,80.00417,4.3,5.706707338426087,5.545869580843777,5.2745537757873535
W_21.1792_80.0042,2017-08-24,21.17917,80.00417,8.0,5.613636202106778,5.716901287358466,6.876792907714844
W_21.1792_80.0042,2019-01-09,21.17917,80.00417,7.2,6.383056213680521,6.728752769552045,6.577298164367676
W_21.1792_80.0042,2019-05-19,21.17917,80.00417,9.19,9.43565452152952,9.188623699963747,10.373512268066406
W_21.1792_80.0042,2019-11-09,21.17917,80.00417,3.1,4.2815847775554605,4.049066404740374,5.076808452606201
W_21.1792_80.0042,2020-01-09,21.17917,80.00417,5.0,6.163327730159703,6.150506213548263,6.419971942901611
W_21.1792_80.0042,2020-11-29,21.17917,80.00417,3.7,5.965011215161739,5.04917560230834,3.3749325275421143
W_21.1792_80.0042,2021-01-09,21.17917,80.00417,9.2,5.354533696922051,5.075045707103904,6.000877380371094
W_21.2486_79.6647,2016-11-04,21.24861,79.66472,1.5,4.356994907460747,4.221226506939848,4.115914821624756
W_21.2486_79.6647,2019-01-09,21.24861,79.66472,2.2,6.345207590760362,6.66490920659119,4.999247550964356
W_21.2486_79.6647,2019-05-19,21.24861,79.66472,3.5,9.541204193078398,8.967088637908425,9.035054206848145
W_21.2486_79.6647,2019-11-09,21.24861,79.66472,2.6,4.606440489665502,3.825308924572231,4.300447463989258
W_21.2486_79.6647,2020-01-09,21.24861,79.66472,1.7,5.008278271054521,5.521058292267124,4.6559672355651855
W_21.2486_79.6647,2020-11-29,21.24861,79.66472,2.4,5.413349827093515,3.726374794380952,2.783174991607666
W_21.2486_79.6647,2021-01-09,21.24861,79.66472,2.3,4.9547154009319,4.387890430787013,4.916144847869873
W_21.2833_79.6833,2016-11-04,21.28333,79.68333,4.1,4.356994907460747,4.221226506939848,4.115914821624756
W_21.2833_79.6833,2019-01-09,21.28333,79.68333,5.9,6.345207590760363,6.66490920659119,4.999247550964356
W_21.2833_79.6833,2019-11-09,21.28333,79.68333,4.0,4.606440489665502,3.825308924572231,4.300447463989258
W_21.2833_79.6833,2020-11-29,21.28333,79.68333,3.5,5.413349827093514,3.726374794380952,2.783174991607666
W_21.2833_79.6833,2021-01-09,21.28333,79.68333,4.6,4.9547154009319,4.387890430787013,4.916144847869873
W_21.3972_79.6722,2016-11-04,21.39722,79.67222,4.25,3.5232583656019134,4.014851080258672,3.370450735092163
W_21.3972_79.6722,2017-01-04,21.39722,79.67222,9.65,5.4183606312253625,5.0772123733093615,5.142839431762695
W_21.3972_79.6722,2019-01-09,21.39722,79.67222,9.35,6.314192856753988,6.808107022544759,4.577016353607178
W_21.3972_79.6722,2019-05-19,21.39722,79.67222,11.54,9.525520110752051,9.019123976583264,8.516830444335938
W_21.3972_79.6722,2019-11-09,21.39722,79.67222,3.65,4.046752087363316,4.277104430756747,3.355653762817383
W_21.3972_79.6722,2021-01-09,21.39722,79.67222,5.35,4.674474880765016,4.344139214164885,4.543574810028076
W_21.3833_79.5833,2016-11-04,21.38333,79.58333,5.95,5.476956100812102,5.652092407998904,4.747733116149902
W_21.3833_79.5833,2017-01-04,21.38333,79.58333,6.65,6.479868451274813,6.23275760764759,6.523980617523193
W_21.3833_79.5833,2019-01-09,21.38333,79.58333,6.75,6.331038284567376,6.969619527380677,5.047806262969971
W_21.3833_79.5833,2019-05-19,21.38333,79.58333,12.65,9.530214112752885,9.284683719565669,10.17684555053711
W_21.3833_79.5833,2020-01-09,21.38333,79.58333,5.35,5.1002900202844765,5.255191629875668,3.7251362800598153
W_21.3833_79.5833,2020-11-29,21.38333,79.58333,3.65,5.552021620722575,3.862702405113112,2.943061113357544
W_21.3833_79.5833,2021-01-09,21.38333,79.58333,5.65,4.829418225388692,4.599667856087849,4.663335800170898
W_20.775_79.6264,2016-11-04,20.775,79.62639,2.45,4.305575422543862,4.15995817398302,3.486125469207764
W_20.775_79.6264,2017-01-04,20.775,79.62639,2.85,5.638271521957621,5.131358996088031,6.116572380065918
W_20.775_79.6264,2017-08-24,20.775,79.62639,1.45,7.050684158529126,6.589382306906455,5.677061557769775
W_20.775_79.6264,2019-01-09,20.775,79.62639,3.15,6.253496331601938,6.518170142404561,6.245579719543457
W_20.775_79.6264,2019-05-19,20.775,79.62639,2.95,9.476707480611351,9.001233712703547,15.83645725250244
W_20.775_79.6264,2019-11-09,20.775,79.62639,3.4,4.052564950949628,3.390388316018735,4.524118423461914
W_20.775_79.6264,2020-01-09,20.775,79.62639,3.05,6.073322763688227,5.609605104795071,9.477136611938477
W_20.775_79.6264,2020-11-29,20.775,79.62639,2.45,5.607957563849759,4.357833961444241,4.030844688415527
W_20.775_79.6264,2021-01-09,20.775,79.62639,3.25,5.730711424475516,5.28788367994161,6.114437103271484
W_19.0667_75.3167,2016-11-04,19.06667,75.31667,12.8,4.839653825387656,4.75018480272541,5.1674580574035645
W_19.0667_75.3167,2017-01-04,19.06667,75.31667,13.2,6.692668142451763,6.806798164825261,6.3543806076049805
W_19.0667_75.3167,2019-01-09,19.06667,75.31667,24.33,8.927934382144578,8.684276947481429,7.737529754638672
W_19.0667_75.3167,2019-05-19,19.06667,75.31667,24.32,10.077651181006368,10.064390365371882,10.106681823730469
W_19.0667_75.3167,2019-08-19,19.06667,75.31667,21.67,10.466821496935715,7.330655447331692,5.088261127471924
W_19.0667_75.3167,2019-11-09,19.06667,75.31667,5.4,3.650724213918705,4.010433978754882,3.109686374664306
W_19.0667_75.3167,2020-01-09,19.06667,75.31667,5.05,4.449589476572485,5.145486012689529,4.265368461608887
W_19.0667_75.3167,2020-11-29,19.06667,75.31667,4.7,6.1052061733068115,6.217158271850205,2.8043153285980225
W_19.0667_75.3167,2021-01-09,19.06667,75.31667,5.15,5.092945479726648,4.88150997217709,5.271453380584717
W_18.85_76.5333,2016-11-04,18.85,76.53333,1.0,5.263240902087276,4.594803117432674,7.146359443664551
W_18.85_76.5333,2017-01-04,18.85,76.53333,2.6,7.751228955488998,8.4064804963638,6.239340305328369
W_18.85_76.5333,2020-01-09,18.85,76.53333,3.31,5.21619966291351,5.861862673559861,3.739559412002564
W_18.85_76.5333,2020-11-29,18.85,76.53333,15.5,6.194065534732633,5.419249233143861,3.26223373413086
W_19.0569_75.4311,2016-01-04,19.05694,75.43111,14.95,7.015673074224372,7.917692623563176,6.786599159240723
W_19.0569_75.4311,2017-01-04,19.05694,75.43111,10.1,6.377140709372009,6.819687923282498,6.133815765380859
W_19.0569_75.4311,2019-01-09,19.05694,75.43111,15.9,9.148105791028497,8.895783045863977,8.26749038696289
W_19.0569_75.4311,2019-05-19,19.05694,75.43111,17.9,10.105900701465606,10.124089891903234,10.44432258605957
W_19.0569_75.4311,2019-11-09,19.05694,75.43111,18.0,3.4248755646631683,3.892794268857428,2.409918785095215
W_19.0569_75.4311,2020-01-09,19.05694,75.43111,14.2,4.154957814421956,4.583905943787213,4.10949182510376
W_19.0569_75.4311,2020-11-29,19.05694,75.43111,13.2,7.832999615335131,6.34533630134944,2.8332865238189697
W_19.0569_75.4311,2021-01-09,19.05694,75.43111,11.95,5.057214356256833,4.9885515230241655,5.37664270401001
W_18.7997_75.3644,2019-01-09,18.79972,75.36444,2.4,8.593707668307115,8.810076300789913,8.811563491821289
W_18.7997_75.3644,2019-05-19,18.79972,75.36444,15.99,9.548763643536045,9.542243210421596,10.674979209899902
W_18.7997_75.3644,2019-11-09,18.79972,75.36444,1.0,3.186806420992094,3.840409767618052,4.376386642456055
W_18.7997_75.3644,2020-01-09,18.79972,75.36444,0.9,6.358720467226443,6.417665353336584,7.328301906585693
W_18.7997_75.3644,2020-11-29,18.79972,75.36444,0.8,3.87068874110514,6.004241322658199,4.004332542419434
W_18.7997_75.3644,2021-01-09,18.79972,75.36444,1.0,5.715261377039649,6.07821011454561,5.49183464050293
W_18.7947_76.1953,2017-01-04,18.79472,76.19528,15.0,6.159502900145648,5.463334076529934,7.231121063232422
W_18.7947_76.1953,2019-01-09,18.79472,76.19528,21.0,10.219452254391074,9.612363399498731,9.54377555847168
W_18.7947_76.1953,2019-05-19,18.79472,76.19528,20.52,9.742820811918811,9.96267003580797,10.138652801513672
W_18.7947_76.1953,2019-11-09,18.79472,76.19528,10.2,3.504781437801764,3.7212311155887785,2.800545454025269
W_18.7947_76.1953,2020-01-09,18.79472,76.19528,14.64,6.180179691762641,5.814927023762456,6.7228169441223145
W_18.7947_76.1953,2020-11-29,18.79472,76.19528,4.6,7.024231143393401,5.6402667760769525,2.989067316055298
W_18.7947_76.1953,2021-01-09,18.79472,76.19528,10.9,6.136783330948231,5.275490188896656,6.582511901855469
W_19.0211_75.7583,2016-11-04,19.02111,75.75833,8.2,6.27923991807923,8.299629504725896,4.331463813781738
W_19.0211_75.7583,2017-01-04,19.02111,75.75833,9.3,6.01279238165034,6.423069550293347,5.751109600067139
W_19.0211_75.7583,2018-08-24,19.02111,75.75833,10.2,9.343636765186416,6.148126226635723,9.164508819580078
W_19.0211_75.7583,2019-01-09,19.02111,75.75833,11.8,10.815661169147736,9.35117234108867,13.084624290466309
W_19.0211_75.7583,2019-05-19,19.02111,75.75833,13.13,9.405660157335452,9.956297785289484,16.176570892333984
W_19.0211_75.7583,2019-08-19,19.02111,75.75833,10.55,9.489019722853126,6.758157958636031,14.329462051391602
W_19.0211_75.7583,2019-11-09,19.02111,75.75833,6.11,3.5320258967249547,3.7088042684905895,2.230795860290528
W_19.0211_75.7583,2020-01-09,19.02111,75.75833,8.2,4.240808785931786,4.40303580522783,3.7327260971069336
W_19.0211_75.7583,2020-11-29,19.02111,75.75833,7.0,7.893603218166455,6.580675433096481,3.0935282707214355
W_19.0211_75.7583,2021-01-09,19.02111,75.75833,9.25,5.286403924893795,5.107074517549819,5.826995849609375
W_19.1044_76.2125,2016-01-04,19.10444,76.2125,11.1,9.072318322614098,8.915959519579228,8.189370155334473
W_19.1044_76.2125,2016-11-04,19.10444,76.2125,3.25,5.6310726725871145,5.217583734879436,6.166296005249023
W_19.1044_76.2125,2017-01-04,19.10444,76.2125,5.6,7.119392345619264,7.560393386021316,6.809127807617188
W_19.1044_76.2125,2018-08-24,19.10444,76.2125,7.7,10.668521723069949,7.933109771702117,7.620006084442139
W_19.1044_76.2125,2019-01-09,19.10444,76.2125,15.0,12.930338621519626,10.633345386369903,14.18139362335205
W_19.1044_76.2125,2019-05-19,19.10444,76.2125,14.91,9.32643731236083,9.78018891776724,10.622328758239746
W_19.1044_76.2125,2019-11-09,19.10444,76.2125,3.1,3.822788956206847,3.8456332732801055,3.657070875167847
W_19.1044_76.2125,2020-11-29,19.10444,76.2125,3.3,6.049895321292484,5.348132790343784,4.348561763763428
W_19.1044_76.2125,2021-01-09,19.10444,76.2125,6.32,6.310336666317928,6.480063773552959,6.2064642906188965
W_19.2747_75.7386,2016-01-04,19.27472,75.73861,6.45,9.548245426361545,9.43803274707893,11.912602424621582
W_19.2747_75.7386,2016-11-04,19.27472,75.73861,3.3,5.517873453236889,5.995940988839723,6.174096584320068
W_19.2747_75.7386,2017-01-04,19.27472,75.73861,3.4,7.21012321307353,7.471833070994256,7.088191509246826
W_19.2747_75.7386,2018-08-24,19.27472,75.73861,5.9,9.284252289547975,6.674241687422117,5.729061603546143
W_19.2747_75.7386,2019-01-09,19.27472,75.73861,8.0,10.764535014502274,9.310740385132627,11.80940055847168
W_19.2747_75.7386,2019-05-19,19.27472,75.73861,14.52,9.350000686965892,9.9131181279256,10.272086143493652
W_19.2747_75.7386,2019-08-19,19.27472,75.73861,11.2,9.052459309067233,6.289615667141958,7.899869441986084
W_19.2747_75.7386,2019-11-09,19.27472,75.73861,2.7,3.3749000461976597,4.003858476249788,2.5333802700042725
W_19.2747_75.7386,2020-01-09,19.27472,75.73861,2.15,4.503510619415168,4.517018276533976,4.999676704406738
W_19.2747_75.7386,2020-11-29,19.27472,75.73861,2.8,7.954581993376768,6.557148578816445,3.474148750305176
W_19.2747_75.7386,2021-01-09,19.27472,75.73861,5.1,5.155468249396648,5.342081529374758,5.853071689605713
W_18.6878_76.3089,2019-01-09,18.68778,76.30889,9.4,10.410307046703744,10.520582737378408,11.066922187805176
W_18.6878_76.3089,2019-05-19,18.68778,76.30889,15.95,9.43021270520011,9.835885883801096,10.481975555419922
W_18.6878_76.3089,2019-11-09,18.68778,76.30889,1.5,3.8440253460121356,3.8401649338481594,4.042977809906006
W_18.6878_76.3089,2020-01-09,18.68778,76.30889,6.95,6.549359823442435,6.912377617997848,6.332813262939453
W_18.6878_76.3089,2020-11-29,18.68778,76.30889,2.3,7.0916359542712595,5.284732605749298,2.917917013168335
W_18.6878_76.3089,2021-01-09,18.68778,76.30889,4.15,6.2939380742231235,5.277105340929275,6.72664213180542
W_18.4828_76.5917,2016-11-04,18.48278,76.59167,3.7,5.1555703189214235,5.9471279841541485,4.320125579833984
W_18.4828_76.5917,2017-01-04,18.48278,76.59167,5.3,6.348267846214001,6.6114197790689095,6.115621089935303
W_18.4828_76.5917,2019-01-09,18.48278,76.59167,11.05,10.840570805418038,10.459188437764794,10.930413246154783
W_18.4828_76.5917,2019-05-19,18.48278,76.59167,12.3,9.446521584607305,9.832017046087389,14.38858127593994
W_18.4828_76.5917,2019-11-09,18.48278,76.59167,8.23,4.374768874619141,4.156829699083604,4.438262462615967
W_18.4828_76.5917,2020-01-09,18.48278,76.59167,10.3,7.144602109245415,7.40865484364039,7.86530590057373
W_18.4828_76.5917,2021-01-09,18.48278,76.59167,7.65,6.355016225327913,5.651078397181927,6.803604602813721
W_18.9833_76.0333,2016-11-04,18.98333,76.03333,2.3,5.113012648829568,5.236164741815152,4.498874664306641
W_18.9833_76.0333,2017-01-04,18.98333,76.03333,2.6,6.068991013405761,6.50205917319866,6.021260738372803
W_18.9833_76.0333,2018-08-24,18.98333,76.03333,2.5,6.363046119674001,5.818692889697178,5.341638088226318
W_18.9833_76.0333,2019-01-09,18.98333,76.03333,3.3,10.35017121898539,9.2030857192648,9.742281913757324
W_18.9833_76.0333,2019-05-19,18.98333,76.03333,6.33,9.723189025662924,9.870947976547168,10.276312828063965
W_18.9833_76.0333,2019-11-09,18.98333,76.03333,1.7,3.311070776236837,3.705688505517725,2.8320512771606445
W_18.9833_76.0333,2020-01-09,18.98333,76.03333,2.54,6.309508622703465,5.919102099028968,6.5116143226623535
W_18.9833_76.0333,2020-11-29,18.98333,76.03333,2.1,6.226028654645562,5.541575786211434,3.375150680541992
W_18.9833_76.0333,2021-01-09,18.98333,76.03333,2.4,5.6324769156947525,5.4814746136720975,6.29166841506958
W_18.9667_75.8833,2016-11-04,18.96667,75.88333,2.4,5.126349597127557,5.272899296631489,4.600869178771973
W_18.9667_75.8833,2017-01-04,18.96667,75.88333,3.2,6.0906128396234545,6.645250356490601,6.502972602844238
W_18.9667_75.8833,2018-08-24,18.96667,75.88333,4.9,6.362809302359151,6.806250338557806,5.754518985748291
W_18.9667_75.8833,2019-01-09,18.96667,75.88333,11.0,9.835433102971445,8.939998386152757,10.55147647857666
W_18.9667_75.8833,2019-05-19,18.96667,75.88333,10.99,9.718281006218206,10.032683687951682,10.599580764770508
W_18.9667_75.8833,2019-08-19,18.96667,75.88333,7.5,9.648530950711313,6.067666670922425,6.535181522369385
W_18.9667_75.8833,2019-11-09,18.96667,75.88333,1.5,3.3393572024486247,3.649965049928235,2.4269466400146484
W_18.9667_75.8833,2020-01-09,18.96667,75.88333,2.04,5.810884128233327,5.302618781443673,5.753436088562012
W_18.9667_75.8833,2020-11-29,18.96667,75.88333,2.2,7.9535252383903225,6.410545516251901,3.221489906311035
W_18.9667_75.8833,2021-01-09,18.96667,75.88333,3.4,5.474472200456209,5.337387324475699,6.2215962409973145
W_18.05_76.5667,2019-01-09,18.05,76.56667,10.45,12.746320339721583,11.104557021801924,12.054351806640623
W_18.05_76.5667,2019-05-19,18.05,76.56667,16.2,9.504784349941211,9.783315602079147,13.78582763671875
W_18.05_76.5667,2020-01-09,18.05,76.56667,5.61,7.286263140438424,8.254530233323612,7.183953285217285
W_18.05_76.5667,2021-01-09,18.05,76.56667,7.89,6.299923907497772,6.688759182720082,6.725784778594971
W_17.9167_76.7667,2016-11-04,17.91667,76.76667,5.45,5.604777569794334,5.247717826813602,6.998335838317871
W_17.9167_76.7667,2017-01-04,17.91667,76.76667,7.75,8.169584692959093,8.809780804654036,7.8348069190979
W_17.9167_76.7667,2019-01-09,17.91667,76.76667,10.7,10.711840672214068,10.889768176056442,16.387990951538086
W_17.9167_76.7667,2019-05-19,17.91667,76.76667,11.6,9.433931900679456,10.295299616705046,11.13697338104248
W_17.9167_76.7667,2019-11-09,17.91667,76.76667,7.93,6.1118498255296005,5.005534648698325,6.366142272949219
W_17.9167_76.7667,2020-01-09,17.91667,76.76667,9.56,10.836163360197304,10.491606566600368,12.647527694702148
W_17.9167_76.7667,2021-01-09,17.91667,76.76667,8.4,6.383468083369241,7.4742193335730684,6.648020267486572
W_18.3536_76.805,2016-11-04,18.35361,76.805,2.85,4.601186387660926,4.916659416605683,3.5271570682525635
W_18.3536_76.805,2017-01-04,18.35361,76.805,5.15,6.083136032327694,5.879575381746008,6.030402183532715
W_18.3536_76.805,2019-01-09,18.35361,76.805,7.8,11.151747956886817,10.60384328010776,11.676435470581056
W_18.3536_76.805,2019-05-19,18.35361,76.805,10.4,9.48037771958355,9.95382683175742,11.585553169250488
W_18.3536_76.805,2019-11-09,18.35361,76.805,2.95,4.306403981642815,4.1806896647955565,5.336378574371338
W_18.3536_76.805,2020-01-09,18.35361,76.805,6.86,9.107382339036509,8.650047949502385,6.485271453857422
W_18.3536_76.805,2021-01-09,18.35361,76.805,4.35,6.1782342960482275,5.659134485203222,6.419322967529297
W_18.525_77.0417,2016-11-04,18.525,77.04167,6.0,5.1152299561689025,4.923996612571032,6.1986613273620605
W_18.525_77.0417,2017-01-04,18.525,77.04167,8.1,7.489228882942636,7.775158574129861,6.019183158874512
W_18.525_77.0417,2019-01-09,18.525,77.04167,10.8,11.913152523596331,9.272894489964353,14.328017234802246
W_18.525_77.0417,2019-05-19,18.525,77.04167,9.45,9.252205741067005,9.697623093351323,11.144758224487305
W_18.525_77.0417,2020-01-09,18.525,77.04167,6.9,7.749848075119125,6.174033832861592,9.677228927612305
W_18.525_77.0417,2021-01-09,18.525,77.04167,8.0,5.299734517631086,5.030752418253517,5.295706272125244
W_18.6167_76.9667,2016-11-04,18.61667,76.96667,7.7,4.672561972558948,4.7669745251989,4.477709770202637
W_18.6167_76.9667,2019-11-09,18.61667,76.96667,4.25,3.4271055585359234,4.054027635700441,2.4128494262695312
W_18.6167_76.9667,2020-01-09,18.61667,76.96667,8.76,7.174459942334318,6.140890382688422,7.4011688232421875
W_18.6167_76.9667,2021-01-09,18.61667,76.96667,12.78,5.605343641846543,5.546348226950512,5.438243865966797
W_18.0856_76.4022,2016-11-04,18.08556,76.40222,2.2,5.033525916078289,5.051953194814944,5.235677242279053
W_18.0856_76.4022,2017-01-04,18.08556,76.40222,5.5,6.8253698381432235,7.38765411501674,7.706202507019043
W_18.0856_76.4022,2019-01-09,18.08556,76.40222,6.9,9.861506334248723,10.564968305698226,10.484543800354004
W_18.0856_76.4022,2019-05-19,18.08556,76.40222,8.2,9.496371585573737,9.46157519187872,11.868680000305176
W_18.0856_76.4022,2019-11-09,18.08556,76.40222,1.15,4.376245758793816,4.258968137134087,4.257772445678711
W_18.0856_76.4022,2020-01-09,18.08556,76.40222,3.78,6.900650049656741,7.317413357444093,7.135899066925049
W_18.0856_76.4022,2021-01-09,18.08556,76.40222,3.69,6.270895722268528,6.19225726599408,6.551609516143799
W_20.1264_73.0686,2015-11-04,20.12639,73.06861,1.9,4.3180940612416086,3.894586788948737,4.803516864776611
W_20.1264_73.0686,2016-11-04,20.12639,73.06861,1.6,3.9234400886581624,3.8455528485587136,4.636636257171631
W_20.1264_73.0686,2017-01-04,20.12639,73.06861,2.53,6.1699735962844064,5.744077926849571,6.0131683349609375
W_20.1264_73.0686,2019-01-09,20.12639,73.06861,4.0,5.862503399563156,5.60992767495066,7.13948917388916
W_20.1264_73.0686,2019-11-09,20.12639,73.06861,3.34,2.722141159822252,2.558023357177716,3.52270770072937
W_20.1264_73.0686,2020-01-09,20.12639,73.06861,3.35,5.10038906937257,4.816453641288828,5.146259307861328
W_20.1264_73.0686,2020-11-29,20.12639,73.06861,2.3,5.6577023211851865,4.690165717775551,4.351649284362793
W_20.1264_73.0686,2021-01-09,20.12639,73.06861,3.2,4.90158561331123,5.280071064102093,4.391165733337402
W_20.2256_73.0275,2015-11-04,20.22556,73.0275,5.2,3.518385048024961,3.750821214854355,3.486357450485229
W_20.2256_73.0275,2016-11-04,20.22556,73.0275,4.88,3.149557118140755,2.92970616687319,3.544695377349853
W_16.4667_75.85,2017-01-04,16.46667,75.85,11.29,6.495558151190614,6.232041760296512,5.634819507598877
W_16.4667_75.85,2018-11-04,16.46667,75.85,2.92,8.897488959310609,7.521319177853452,7.962258815765381
W_16.4667_75.85,2019-01-02,16.46667,75.85,8.68,7.131841891911125,7.337774289830104,4.2825212478637695
W_16.4667_75.85,2019-11-23,16.46667,75.85,13.0,5.0273534021716255,5.830333909224072,2.845082521438598
W_16.4667_75.85,2020-01-09,16.46667,75.85,3.7,5.002283269166252,5.224501387425727,4.210611343383789
W_16.4667_75.85,2020-11-29,16.46667,75.85,1.47,4.78654960571991,4.73754186363616,1.5003479719161987
W_16.4667_75.85,2021-01-09,16.46667,75.85,2.06,3.884510082574298,3.36662074730296,3.9704701900482178
W_16.2153_76.0958,2017-01-04,16.21528,76.09583,5.25,5.843894531031025,5.456409878334223,5.617522239685059
W_16.2153_76.0958,2018-11-04,16.21528,76.09583,1.95,7.9551280497306,7.407149461431162,7.962258815765381
W_16.2153_76.0958,2019-01-02,16.21528,76.09583,2.85,6.090854439895889,7.047792935272335,3.676726818084717
W_16.2153_76.0958,2020-01-09,16.21528,76.09583,2.5,4.973820561929247,5.093313766725759,5.069881916046143
W_16.2153_76.0958,2020-11-29,16.21528,76.09583,0.25,4.801737871439055,4.785620264266292,1.8372719287872317
W_16.2153_76.0958,2021-01-09,16.21528,76.09583,1.05,4.082554415257476,3.4062116753010248,4.157437324523926
W_17.1333_76.3,2016-11-04,17.13333,76.3,5.15,4.697659206297164,4.68784048055384,3.054889678955078
W_17.1333_76.3,2017-01-04,17.13333,76.3,5.55,5.029560304292449,4.665714349879349,4.802707672119141
W_17.1333_76.3,2018-11-04,17.13333,76.3,4.6,7.95289866282775,7.305013617858718,7.962258815765381
W_17.1333_76.3,2019-01-02,17.13333,76.3,5.68,6.34786985676021,7.845653157304664,5.34053897857666
W_17.1333_76.3,2019-05-27,17.13333,76.3,8.4,9.300688882750059,9.100635933064384,9.64869499206543
W_17.1333_76.3,2020-01-09,17.13333,76.3,5.0,6.060087437898707,6.105073676229427,5.520686149597168
W_17.1333_76.3,2020-11-29,17.13333,76.3,3.25,4.7233581964788645,4.735203729311748,2.404940366744995
W_17.1333_76.3,2021-01-09,17.13333,76.3,3.65,4.024453415614266,4.298670828647587,3.948575973510742
W_16.2833_76.1,2017-01-04,16.28333,76.1,6.34,5.843894531031025,5.456409878334223,5.617522239685059
W_16.2833_76.1,2018-11-04,16.28333,76.1,4.02,7.9551280497306,7.407149461431162,7.962258815765381
W_16.2833_76.1,2019-01-02,16.28333,76.1,5.87,6.090854439895889,7.047792935272335,3.676726818084717
W_16.2833_76.1,2019-11-23,16.28333,76.1,2.52,4.824845677351104,5.364281061786308,3.079573631286621
W_16.2833_76.1,2020-01-09,16.28333,76.1,5.8,4.973820561929248,5.093313766725759,5.069881916046143
W_16.2833_76.1,2020-11-29,16.28333,76.1,1.14,4.801737871439055,4.785620264266292,1.8372719287872317
W_16.2833_76.1,2021-01-09,16.28333,76.1,1.2,4.082554415257476,3.4062116753010248,4.157437324523926
W_17.0167_76.4333,2017-01-04,17.01667,76.43333,3.07,4.945090794405726,4.552721375167208,4.232634544372559
W_17.0167_76.4333,2018-11-04,17.01667,76.43333,2.92,7.958377966302981,6.939831739223421,7.962258815765381
W_17.0167_76.4333,2019-01-02,17.01667,76.43333,3.92,5.68063464825087,7.567387008765754,3.9285807609558105
W_17.0167_76.4333,2019-11-23,17.01667,76.43333,2.14,5.401392964191466,5.875089600949744,3.892552137374878
W_17.0167_76.4333,2020-11-29,17.01667,76.43333,1.85,4.648539845768093,4.716334931635324,2.159271240234375
W_17.0167_76.4333,2021-01-09,17.01667,76.43333,4.68,3.8691913422914075,4.044061362439368,3.60981822013855
W_17.0833_75.9667,2021-01-09,17.08333,75.96667,4.8,4.817862115747503,4.585661226445827,4.443572521209717
W_16.8667_76.15,2018-11-04,16.86667,76.15,13.4,7.957201071931643,7.525573947012401,7.962258815765381
W_16.8667_76.15,2019-01-02,16.86667,76.15,13.5,7.4784912155710765,7.637739767434708,6.286795139312744
W_16.8667_76.15,2020-01-09,16.86667,76.15,11.5,5.228379112658491,5.7014652495703055,4.571061611175537
W_16.8667_76.15,2020-11-29,16.86667,76.15,9.35,4.627703525209537,4.609282371535066,2.5861976146698
W_16.8667_76.15,2021-01-09,16.86667,76.15,7.96,3.9344808709767887,4.318333706831469,3.6940348148345943
W_16.9308_75.8478,2017-01-04,16.93083,75.84778,6.35,6.00205568681383,5.55971122763648,6.563409328460693
W_16.9308_75.8478,2018-11-04,16.93083,75.84778,5.85,7.963454862297089,7.725390668235694,7.962258815765381
W_16.9308_75.8478,2019-01-02,16.93083,75.84778,6.27,8.11122695537769,7.801912216616149,8.247498512268066
W_16.9308_75.8478,2019-11-23,16.93083,75.84778,1.03,4.892014092173918,4.941574198622604,3.217740535736084
W_16.9308_75.8478,2020-01-09,16.93083,75.84778,3.2,5.379150250515847,5.592225965696111,6.036632061004639
W_16.9308_75.8478,2020-11-29,16.93083,75.84778,0.95,3.859632169754666,5.046716086424646,2.959613800048828
W_16.9308_75.8478,2021-01-09,16.93083,75.84778,1.45,4.661775026686371,4.521670874795502,4.353936195373535
W_17.1153_75.7875,2018-11-04,17.11528,75.7875,10.19,7.9511482187996645,7.674818078211551,7.962258815765381
W_17.1153_75.7875,2019-01-02,17.11528,75.7875,10.39,8.772233720407112,7.674692464769155,9.886268615722656
W_16.6814_75.7336,2017-01-04,16.68139,75.73361,13.24,10.240456770744467,10.799520595119484,10.767863273620604
W_16.6814_75.7336,2018-11-04,16.68139,75.73361,11.9,7.959060977300085,8.19531850717433,7.962258815765381
W_16.6814_75.7336,2019-01-02,16.68139,75.73361,12.6,8.073431193536473,7.782833843864649,7.398595333099365
W_16.6814_75.7336,2019-11-23,16.68139,75.73361,7.46,4.910478388908584,4.838885597596958,4.334568500518799
W_16.6814_75.7336,2020-01-09,16.68139,75.73361,9.7,7.856489580333084,6.286550308909345,8.819534301757812
W_16.6814_75.7336,2020-11-29,16.68139,75.73361,2.3,4.007599529315223,5.531570868500004,3.153475046157837
W_16.6814_75.7336,2021-01-09,16.68139,75.73361,3.75,4.636597254361729,4.831717609963032,4.32966423034668
W_16.7_76.0667,2017-01-04,16.7,76.06667,4.93,6.702322246787473,6.73190872393264,5.892419815063477
W_16.7_76.0667,2018-11-04,16.7,76.06667,5.16,7.956193590632088,7.591299427697814,7.962258815765381
W_16.7_76.0667,2019-01-02,16.7,76.06667,5.9,8.319092933833119,7.678772918527375,7.05352258682251
W_16.7_76.0667,2019-11-23,16.7,76.06667,3.18,5.171339344908063,4.84608336418716,3.299717664718628
W_16.7_76.0667,2020-01-09,16.7,76.06667,6.0,5.618585313890276,5.642960420192898,5.01853609085083
W_16.7_76.0667,2020-11-29,16.7,76.06667,3.33,5.5678704680062125,4.846353696434544,2.137840032577514
W_16.7_76.0667,2021-01-09,16.7,76.06667,4.49,3.8965190338517846,3.946681215356013,3.595463275909424
W_16.6333_76.2583,2017-01-04,16.63333,76.25833,5.86,6.857232497517078,6.480506786211258,8.574689865112305
W_16.6333_76.2583,2018-11-04,16.63333,76.25833,6.15,7.957281570005357,7.727941760608049,7.962258815765381
W_16.6333_76.2583,2019-11-23,16.63333,76.25833,5.6,5.117444715023583,5.6236999301886135,5.067026138305664
W_16.6333_76.2583,2020-01-09,16.63333,76.25833,7.5,7.932379123134485,7.501361882831699,9.771767616271973
W_16.6333_76.2583,2020-11-29,16.63333,76.25833,1.7,4.742046355967786,4.642616005675201,2.6644458770751958
W_16.6333_76.2583,2021-01-09,16.63333,76.25833,2.75,3.8929927194616827,4.324056791670669,3.740948677062988
W_16.6706_75.8425,2018-11-04,16.67056,75.8425,8.7,7.969230236925824,7.9459080113795855,7.962258815765381
W_16.6706_75.8425,2019-11-23,16.67056,75.8425,39.4,4.944562640795575,5.018405727127547,3.572953462600708
W_16.85_75.7,2017-01-04,16.85,75.7,3.95,10.09192330921787,10.478908843300475,10.156418800354004
W_16.85_75.7,2018-11-04,16.85,75.7,3.26,7.945111109037636,7.593040897067548,7.962258815765381
W_16.85_75.7,2019-01-02,16.85,75.7,3.96,8.728692647887067,8.067405961465786,11.142963409423828
W_16.85_75.7,2019-11-23,16.85,75.7,2.84,4.968676424982287,4.857788359550072,4.862222671508789
W_16.85_75.7,2020-01-09,16.85,75.7,3.2,7.28972978741485,7.1489883049809375,10.454702377319336
W_16.85_75.7,2020-11-29,16.85,75.7,3.66,4.087833214616801,5.46376005134394,3.893111228942871
W_16.85_75.7,2021-01-09,16.85,75.7,3.88,5.07610030823864,5.664339449833962,4.766907215118408
W_15.7333_76.0583,2017-01-04,15.73333,76.05833,11.7,7.8215639782886655,7.464780087298234,8.001381874084473
W_15.7333_76.0583,2018-11-04,15.73333,76.05833,8.4,7.9610069987126435,7.602751112482172,7.962258815765381
W_15.7333_76.0583,2019-04-30,15.73333,76.05833,10.65,9.381377486430933,9.152457443363414,10.567611694335938
W_15.7333_76.0583,2019-11-29,15.73333,76.05833,8.0,4.653884169905685,5.178918336882197,5.322951316833496
W_15.7333_76.0583,2020-01-09,15.73333,76.05833,8.26,8.240906819618605,8.135145263530815,10.2842435836792
W_15.7333_76.0583,2020-11-29,15.73333,76.05833,7.7,5.585944745982403,5.566366479412556,6.352006912231445
W_15.7333_76.0583,2021-01-09,15.73333,76.05833,7.2,7.944017101652639,7.570344022741978,7.316784381866455
W_16.45_76.5125,2017-01-04,16.45,76.5125,0.21,5.678373390564285,5.089985066576007,5.459183692932129
W_16.6714_77.3208,2017-01-04,16.67139,77.32083,12.57,5.120646946075933,4.914696499329127,4.947843074798584
W_16.6714_77.3208,2018-11-04,16.67139,77.32083,5.72,7.953279210323538,7.408156944880759,7.962258815765381
W_16.6714_77.3208,2019-01-03,16.67139,77.32083,13.0,7.131881377373869,7.2110553776291635,7.249679088592529
W_16.6714_77.3208,2019-11-29,16.67139,77.32083,13.59,6.158536498040642,6.322235227610127,5.470405578613281
W_16.5667_76.8167,2017-01-04,16.56667,76.81667,8.72,6.102017849371891,5.823372581675564,5.110105991363525
W_16.5667_76.8167,2018-11-04,16.56667,76.81667,8.83,7.95363268684579,7.406447763539132,7.962258815765381
W_16.5667_76.8167,2019-01-03,16.56667,76.81667,9.74,5.8642095544902055,7.021564866097843,5.290986061096191
W_16.5667_76.8167,2019-11-29,16.56667,76.81667,8.22,6.0369203639609745,6.01078085601847,4.64232873916626
W_16.5667_76.8167,2020-01-09,16.56667,76.81667,10.21,4.875113117487524,6.287409657345751,3.244945526123047
W_16.5667_76.8167,2020-11-29,16.56667,76.81667,2.62,4.56422264118657,4.700456266551139,2.0964889526367188
W_16.5667_76.8167,2021-01-09,16.56667,76.81667,4.62,3.2475746467001985,3.65739599200812,2.723140954971313
W_16.3906_76.5072,2017-01-04,16.39056,76.50722,1.56,6.470861312173718,6.005430462603661,6.485413074493408
W_16.3906_76.5072,2018-11-04,16.39056,76.50722,1.92,7.957364137515583,7.063071500338768,7.962258815765381
W_16.3906_76.5072,2019-01-03,16.39056,76.50722,2.53,6.825680891295749,6.810004461558126,7.443979263305664
W_16.3906_76.5072,2019-04-30,16.39056,76.50722,5.95,8.209122913664174,8.928588462153062,10.567611694335938
W_16.3906_76.5072,2019-11-29,16.39056,76.50722,1.31,4.847231619413911,5.587874895145399,3.587493658065796
W_16.3906_76.5072,2020-01-09,16.39056,76.50722,4.11,5.436535490743921,5.0313887728766655,5.108589172363281
W_16.3906_76.5072,2020-11-29,16.39056,76.50722,3.35,5.1174540191447875,4.627493112445007,3.1898138523101807
W_16.3906_76.5072,2021-01-09,16.39056,76.50722,3.75,3.6825036981219794,4.271692446038055,3.336456298828125
W_16.7072_76.8311,2017-01-04,16.70722,76.83111,7.18,3.852120114660804,3.876687487180708,3.268824577331543
W_16.7072_76.8311,2018-11-04,16.70722,76.83111,15.49,7.961781956682688,7.1545799452208,7.962258815765381
W_16.7072_76.8311,2019-01-03,16.70722,76.83111,10.34,6.284479118751287,7.80893552007349,4.321660995483398
W_16.7072_76.8311,2019-04-30,16.70722,76.83111,11.1,9.160902997487051,9.311268817135234,10.567611694335938
W_16.7072_76.8311,2019-11-29,16.70722,76.83111,5.79,5.7672914503396004,5.979297706444637,4.342937469482422
W_16.7072_76.8311,2020-01-09,16.70722,76.83111,4.57,4.961249302620071,6.036050641091622,3.592595100402832
W_16.7072_76.8311,2020-11-29,16.70722,76.83111,1.34,4.500002143817102,4.944258737348661,1.4630542993545532
W_16.75_77.1167,2019-01-03,16.75,77.11667,6.85,7.58784969499332,7.472012670796465,8.159597396850586
W_16.5667_76.6833,2017-01-04,16.56667,76.68333,3.08,6.196986824111373,5.89499446010589,5.978466987609863
W_16.5667_76.6833,2019-01-03,16.56667,76.68333,3.09,5.963946020789174,7.09735314188004,5.675086975097656
W_16.5667_76.6833,2019-04-30,16.56667,76.68333,4.35,8.4622018146116,9.512635458008257,10.567611694335938
W_16.5667_76.6833,2019-11-29,16.56667,76.68333,2.61,5.890295487553768,5.999362921048899,4.095813274383545
W_16.5667_76.6833,2020-01-09,16.56667,76.68333,3.25,4.971379519079738,5.693397619692864,4.215860366821289
W_16.5667_76.6833,2021-01-09,16.56667,76.68333,2.7,3.4166736298862603,3.774814003645529,2.826392412185669
W_16.4667_76.6333,2017-01-04,16.46667,76.63333,1.37,6.427100663248342,6.008813640507089,6.356038093566895
W_16.4667_76.6333,2018-11-04,16.46667,76.63333,1.64,7.953758384885182,7.3967615554837,7.962258815765381
W_16.4667_76.6333,2019-01-03,16.46667,76.63333,4.15,6.567401506311749,6.869115625581008,6.062347412109375
W_16.4667_76.6333,2019-11-29,16.46667,76.63333,1.62,5.830867654756848,6.029250628237127,4.556700229644775
W_17.8333_76.8667,2016-11-04,17.83333,76.86667,5.32,5.671960015708544,5.654976625912692,5.929742813110352
W_17.8333_76.8667,2017-01-04,17.83333,76.86667,6.27,7.006816001884206,7.580119128520348,6.969888210296631
W_17.8333_76.8667,2018-11-04,17.83333,76.86667,10.0,7.958270699499464,7.93153573372973,7.962258815765381
W_17.8333_76.8667,2019-01-02,17.83333,76.86667,12.07,10.37222900613585,9.271533429156053,11.64222240447998
W_17.8333_76.8667,2019-11-23,17.83333,76.86667,9.3,5.182037207702723,6.72260324792305,5.817119598388672
W_17.8333_76.8667,2020-11-29,17.83333,76.86667,4.99,5.862598003228886,5.324974947128086,4.205061435699463
W_17.8333_76.8667,2021-01-09,17.83333,76.86667,6.52,6.172248836657888,6.376855976384429,5.982769966125488
W_17.7872_76.9331,2016-11-04,17.78722,76.93306,7.65,3.4298868676945458,4.024249258986568,3.0933566093444824
W_17.7872_76.9331,2017-01-04,17.78722,76.93306,8.95,5.180419244875299,5.184211026111736,4.504994869232178
W_17.7872_76.9331,2018-11-04,17.78722,76.93306,9.48,7.96441779040952,7.641872488467505,7.962258815765381
W_17.7872_76.9331,2019-01-02,17.78722,76.93306,9.55,9.791434703850236,9.62668257078576,7.741642475128174
W_17.7872_76.9331,2019-05-27,17.78722,76.93306,11.1,8.9475599831764,9.225080841678324,8.136123657226562
W_17.7872_76.9331,2020-11-29,17.78722,76.93306,5.7,5.46505173392554,5.445342491087365,3.302279472351074
W_17.7872_76.9331,2021-01-09,17.78722,76.93306,8.95,5.514549127209437,5.465491610082991,5.42329216003418
W_17.8778_77.4022,2016-11-04,17.87778,77.40222,3.04,6.373678181687557,7.768339318134236,6.866990566253662
W_17.8778_77.4022,2017-01-04,17.87778,77.40222,4.1,7.861272027256614,8.808288032384977,7.049661636352539
W_17.8778_77.4022,2019-01-02,17.87778,77.40222,20.9,14.48421757312456,12.563846626296726,11.85977840423584
W_17.8778_77.4022,2020-11-29,17.87778,77.40222,3.79,5.147333123417607,5.26123509134368,4.945676326751709
W_17.8778_77.4022,2021-01-09,17.87778,77.40222,3.64,7.012608981805059,7.487714253759306,6.790404319763184
W_18.1_77.2833,2016-11-04,18.1,77.28333,5.32,5.405161575121735,6.167162625865919,4.146615505218506
W_18.1_77.2833,2017-01-04,18.1,77.28333,6.47,6.010437918486918,6.140701211056398,4.172782897949219
W_18.1_77.2833,2018-11-04,18.1,77.28333,15.59,7.954857760210419,7.821477940051252,7.962258815765381
W_18.1_77.2833,2019-03-31,18.1,77.28333,10.47,8.903537691746697,10.545704570895005,9.035948753356934
W_18.1_77.2833,2019-05-27,18.1,77.28333,14.3,9.057135399650745,9.726493493770722,9.521628379821776
W_18.1_77.2833,2019-11-24,18.1,77.28333,8.82,5.196894986606157,6.583703367086335,5.318642616271973
W_18.1_77.2833,2020-11-29,18.1,77.28333,5.0,6.245834230014793,5.25185473656836,2.6097328662872314
W_18.1_77.2833,2021-01-09,18.1,77.28333,8.07,5.162579787660683,4.885895427920545,5.376642227172852
W_17.6333_77.4,2016-11-04,17.63333,77.4,10.8,6.141062878189229,5.481282342895563,6.835815906524658
W_17.6333_77.4,2017-01-04,17.63333,77.4,13.35,7.984920666189493,8.6607758743184,8.323413848876953
W_17.6333_77.4,2018-11-04,17.63333,77.4,21.57,7.957356640531545,7.525396947067687,7.962258815765381
W_17.6333_77.4,2021-01-09,17.63333,77.4,6.9,6.644184770453632,7.844932691938004,6.896673202514648
W_18.2114_77.425,2016-11-04,18.21139,77.425,1.12,4.383601260837487,4.154322484299297,3.553105354309082
W_18.2114_77.425,2017-01-04,18.21139,77.425,2.61,5.459940876750556,5.667139489305463,4.689936637878418
W_18.2114_77.425,2018-11-04,18.21139,77.425,3.12,7.954960838831552,7.518570877408997,7.962258815765381
W_18.2114_77.425,2019-01-02,18.21139,77.425,3.57,9.15963370804074,10.117820752251834,6.041421890258789
W_18.2114_77.425,2020-11-29,18.21139,77.425,1.3,6.283167548108136,5.348635740933797,2.2897298336029053
W_18.2114_77.425,2021-01-09,18.21139,77.425,2.5,5.15768267608226,4.610935261496341,5.349600791931152
W_17.9917_77.325,2016-11-04,17.99167,77.325,3.66,6.388093755163949,6.979940498287437,7.265507221221924
W_17.9917_77.325,2017-01-04,17.99167,77.325,3.74,8.38832060354153,8.797621798815562,8.976360321044922
W_17.9917_77.325,2019-01-02,17.99167,77.325,5.59,11.04845895738477,11.354588980857171,10.688499450683594
W_17.9917_77.325,2019-11-23,17.99167,77.325,7.39,5.59278546661645,6.956659671676017,10.362672805786133
W_17.9917_77.325,2020-11-29,17.99167,77.325,1.09,5.1867830639332615,5.588782732963486,4.487707614898682
W_17.9917_77.325,2021-01-09,17.99167,77.325,6.19,6.210790942520536,7.009635848120997,6.351747512817383
W_18.1_77.2833,2016-11-04,18.1,77.28333,12.76,5.405161575121735,6.167162625865919,4.146615505218506
W_18.1_77.2833,2017-01-04,18.1,77.28333,13.62,6.010437918486918,6.140701211056398,4.172782897949219
W_18.1_77.2833,2019-11-23,18.1,77.28333,2.55,5.196894986606157,6.583703367086335,5.318642616271973
W_18.1_77.2833,2020-01-09,18.1,77.28333,11.52,9.488771498150152,8.654301174707564,6.05021858215332
W_18.1_77.2833,2021-01-09,18.1,77.28333,47.3,5.162579787660683,4.885895427920545,5.376642227172852
W_15.6228_75.0722,2016-11-04,15.62278,75.07222,5.35,5.416834768092209,6.391537061192389,5.307518005371094
W_15.6228_75.0722,2017-01-04,15.62278,75.07222,5.6,7.798491856716604,7.257420023661851,6.7358717918396
W_15.6228_75.0722,2018-11-04,15.62278,75.07222,5.15,7.949470307653334,7.850578488148907,7.962258815765381
W_15.6228_75.0722,2019-01-03,15.62278,75.07222,4.8,8.053267307115092,7.64605310541196,7.8035569190979
W_15.6228_75.0722,2019-11-27,15.62278,75.07222,4.0,4.678094278763534,4.65345404758794,4.034466743469238
W_15.6228_75.0722,2020-11-29,15.62278,75.07222,2.55,5.602772647391146,5.527938667078924,3.816190242767334
W_15.6228_75.0722,2021-01-09,15.62278,75.07222,3.35,5.799505489303335,5.442882907146626,7.490423202514648
W_15.75_75.6514,2017-01-04,15.75,75.65139,5.03,11.016050292786325,11.47823654801229,9.558399200439451
W_15.75_75.6514,2018-11-04,15.75,75.65139,9.68,7.956330316262348,7.94256835716691,7.962258815765381
W_15.75_75.6514,2019-04-30,15.75,75.65139,6.6,9.757226073312626,8.80964825557241,10.567611694335938
W_15.75_75.6514,2020-01-09,15.75,75.65139,3.1,12.48098819400568,10.163960175348675,14.566712379455566
W_15.75_75.6514,2020-11-29,15.75,75.65139,1.26,5.256445569857764,6.589749146560314,10.73678493499756
W_15.75_75.6514,2021-01-09,15.75,75.65139,2.41,10.356699865196708,11.092383034881436,10.14009952545166
W_17.575_76.7583,2016-11-04,17.575,76.75833,5.91,4.072106193034221,3.8787140236186426,3.293020725250244
W_17.575_76.7583,2017-01-04,17.575,76.75833,9.07,5.202569356932775,5.098788732574739,5.138779640197754
W_17.575_76.7583,2018-11-04,17.575,76.75833,11.49,7.951205332011004,7.359711790641525,7.962258815765381
W_17.575_76.7583,2019-01-03,17.575,76.75833,12.26,7.050128861772861,8.43315778994685,5.12409257888794
W_17.575_76.7583,2019-04-30,17.575,76.75833,13.65,9.30573046652218,9.286842072368342,10.567611694335938
W_17.575_76.7583,2019-11-29,17.575,76.75833,8.87,5.151191575994969,5.689214048015747,3.5630991458892822
W_17.575_76.7583,2020-01-09,17.575,76.75833,12.35,6.080379401614763,6.263610136188026,5.583081245422363
W_17.575_76.7583,2020-11-29,17.575,76.75833,2.31,4.9733852190405035,5.105206250636143,1.990381956100464
W_17.575_76.7583,2021-01-09,17.575,76.75833,7.41,4.494007925580908,4.015512159619926,4.491168975830078
W_17.6208_76.875,2016-11-04,17.62083,76.875,1.25,3.378003458600597,4.069108549962785,2.961655378341675
W_17.6208_76.875,2017-01-04,17.62083,76.875,5.1,4.940490325844294,4.785326877732799,4.299765586853027
W_17.6208_76.875,2018-11-04,17.62083,76.875,12.18,7.965710489433941,7.277431034625159,7.962258815765381
W_17.6208_76.875,2019-01-03,17.62083,76.875,8.87,8.12648735178494,8.817676583411908,6.225454807281494
W_17.6208_76.875,2019-11-29,17.62083,76.875,6.05,5.143783201540131,5.831337054361031,3.829020977020264
W_17.6208_76.875,2020-01-09,17.62083,76.875,4.7,6.483463415119976,6.948304909238514,5.060385704040527
W_17.6208_76.875,2020-11-29,17.62083,76.875,3.5,4.737510640485715,5.03204125302542,2.3612914085388184
W_17.6208_76.875,2021-01-09,17.62083,76.875,1.75,4.602693767001683,4.415861070921434,4.744097232818604
W_17.3583_77.15,2016-11-04,17.35833,77.15,7.2,4.763547879001989,4.537914037564493,4.1457953453063965
W_17.3583_77.15,2017-01-04,17.35833,77.15,6.9,6.072292229562197,5.738659224335456,5.837259292602539
W_17.3583_77.15,2018-11-04,17.35833,77.15,11.5,7.9549595982285295,7.44938611422256,7.962258815765381
W_17.3583_77.15,2019-01-03,17.35833,77.15,11.95,8.508316792767431,9.434705882483724,7.2465596199035645
W_17.3583_77.15,2019-11-29,17.35833,77.15,8.67,5.669135081541284,6.404087941122848,5.454169750213623
W_17.3583_77.15,2020-11-29,17.35833,77.15,4.05,6.234990003533774,6.236393277395407,2.8163058757781982
W_17.3583_77.15,2021-01-09,17.35833,77.15,7.85,4.862412552844802,4.620232587827441,5.54747486114502
W_17.4417_76.6667,2016-11-04,17.44167,76.66667,15.0,4.170233046914864,4.17566418765527,4.175031661987305
W_17.4417_76.6667,2017-01-04,17.44167,76.66667,14.9,5.994731410961151,5.7514866091727885,6.6883416175842285
W_17.4417_76.6667,2018-11-04,17.44167,76.66667,15.6,7.936009131959258,7.557987689032716,7.962258815765381
W_17.4417_76.6667,2019-01-03,17.44167,76.66667,14.93,10.264890129291462,8.750625716426095,7.6169867515563965
W_17.4417_76.6667,2019-04-30,17.44167,76.66667,15.47,9.118800881128317,9.521493040310832,10.567611694335938
W_17.4417_76.6667,2019-11-29,17.44167,76.66667,14.83,5.165355143287484,5.72986313293561,4.020427703857422
W_17.4417_76.6667,2020-01-09,17.44167,76.66667,15.49,6.45636945677141,6.652841839704001,7.815713405609131
W_17.4417_76.6667,2020-11-29,17.44167,76.66667,13.62,4.664051251783447,5.0601113649810685,2.0788357257843018
W_17.4417_76.6667,2021-01-09,17.44167,76.66667,14.96,4.433799497733955,4.085686564709088,4.472342491149902
W_17.4833_77.2333,2016-11-04,17.48333,77.23333,1.15,4.267069352925185,4.358635151916941,3.341026306152344
W_17.4833_77.2333,2017-01-04,17.48333,77.23333,1.57,5.3139117892523196,5.089537015877921,5.232525825500488
W_17.4833_77.2333,2018-11-04,17.48333,77.23333,1.85,7.910278750830979,7.33912424298949,7.962258815765381
W_17.4833_77.2333,2019-01-03,17.48333,77.23333,3.35,9.382725152264747,9.74936633548968,5.193582057952881
W_17.4833_77.2333,2019-11-29,17.48333,77.23333,0.93,5.405459441903914,6.00739503638263,4.498044490814209
W_17.4833_77.2333,2020-01-09,17.48333,77.23333,2.74,7.881880568254663,7.634625554152027,4.183872222900391
W_17.4833_77.2333,2020-11-29,17.48333,77.23333,0.7,5.876073999279205,5.829508463156859,2.686307907104492
W_17.4833_77.2333,2021-01-09,17.48333,77.23333,2.0,5.0477385229761405,4.553405096176018,5.687220096588135
W_17.1792_77.2847,2016-11-04,17.17917,77.28472,2.64,5.133315746688291,4.757074441828221,5.023041248321533
W_17.1792_77.2847,2017-01-04,17.17917,77.28472,6.59,6.781869784249131,6.410722462859698,6.300387382507324
W_17.1792_77.2847,2018-11-04,17.17917,77.28472,24.4,7.956250259406602,7.235841242261017,7.962258815765381
W_17.1792_77.2847,2019-04-30,17.17917,77.28472,9.8,9.384914849677719,9.580821064217204,11.078838348388672
W_17.1792_77.2847,2020-01-09,17.17917,77.28472,9.05,7.976413590584028,7.257091178651267,9.042129516601562
W_17.1792_77.2847,2021-01-09,17.17917,77.28472,3.19,5.3323582013213215,5.238221861191446,5.447808742523193
W_17.2158_76.5731,2016-11-04,17.21583,76.57306,3.1,4.715210470490907,4.55307463232321,5.2174601554870605
W_17.2158_76.5731,2017-01-04,17.21583,76.57306,4.2,6.822256278493431,6.629375359054832,6.772163391113281
W_17.2158_76.5731,2018-11-04,17.21583,76.57306,10.61,7.953786557787328,7.028909243246914,7.962258815765381
W_17.2158_76.5731,2019-01-03,17.21583,76.57306,9.72,8.71939726442228,8.22546289735972,8.743854522705078
W_17.2158_76.5731,2019-04-30,17.21583,76.57306,9.9,9.128297133380553,9.774391147797056,10.567611694335938
W_17.2158_76.5731,2019-11-29,17.21583,76.57306,5.93,5.196823976635487,6.028986734695889,6.190250873565674
W_17.2158_76.5731,2020-11-29,17.21583,76.57306,1.4,4.682959808781596,5.0079723338362,2.351895809173584
W_17.2158_76.5731,2021-01-09,17.21583,76.57306,2.9,4.295176584950868,4.305270266283337,4.090025901794434
W_17.1083_76.6167,2016-11-04,17.10833,76.61667,4.3,4.563074848724894,4.52661381938108,3.986988306045532
W_17.1083_76.6167,2017-01-04,17.10833,76.61667,6.58,5.867791422801939,5.437069335716719,5.690375328063965
W_17.1083_76.6167,2018-11-04,17.10833,76.61667,12.12,7.955000030080904,7.136831043735915,7.962258815765381
W_17.1083_76.6167,2019-01-03,17.10833,76.61667,14.9,6.522942121681969,7.509825395883493,6.312386989593506
W_17.1083_76.6167,2019-04-30,17.10833,76.61667,15.45,8.451079261513668,9.590518358780267,10.567611694335938
W_17.1083_76.6167,2019-11-29,17.10833,76.61667,6.8,5.350542882654218,6.0032006199640575,4.98108434677124
W_17.1083_76.6167,2020-01-09,17.10833,76.61667,9.75,6.270559592183919,6.803798238407674,6.127180099487305
W_17.1083_76.6167,2021-01-09,17.10833,76.61667,4.2,3.8450597379000935,4.077127796094743,3.712344884872437
W_17.3417_76.5889,2016-11-04,17.34167,76.58889,11.32,5.230215492235745,4.641714855040582,7.919443130493164
W_17.3417_76.5889,2017-01-04,17.34167,76.58889,11.92,8.531033731840939,8.652621016113732,7.702420234680176
W_17.3417_76.5889,2018-11-04,17.34167,76.58889,15.53,7.941135998267495,7.645275029276065,7.962258815765381
W_17.3417_76.5889,2019-01-03,17.34167,76.58889,16.12,9.4268352862766,8.03691791803011,9.893749237060549
W_17.3417_76.5889,2019-04-30,17.34167,76.58889,17.45,9.33285558221975,9.644240967469791,10.567611694335938
W_17.3417_76.5889,2020-01-09,17.34167,76.58889,14.6,7.900408122370175,7.487252618979449,9.143026351928713
W_17.3417_76.5889,2020-11-29,17.34167,76.58889,8.17,4.6403221429766,4.883021157019181,2.4038546085357666
W_17.3417_76.5889,2021-01-09,17.34167,76.58889,11.52,4.420752863279143,4.376082782936973,4.438650608062744
W_17.2583_76.6361,2016-11-04,17.25833,76.63611,4.68,5.236512284573339,4.92494925768635,5.5835394859313965
W_17.2583_76.6361,2017-01-04,17.25833,76.63611,6.08,6.957722290726909,6.844421596124173,8.017881393432617
W_17.2583_76.6361,2019-01-03,17.25833,76.63611,10.13,9.39171122345404,8.638153692959207,9.35638427734375
W_17.2583_76.6361,2019-11-29,17.25833,76.63611,7.8,5.206200698721432,5.827722182804616,5.889593601226807
W_17.2583_76.6361,2020-01-09,17.25833,76.63611,10.35,7.665611166160449,7.218885729540988,8.368125915527344
W_17.2583_76.6361,2021-01-09,17.25833,76.63611,2.33,4.2385029498126165,4.027761855341109,4.086380481719971
W_17.2917_76.9583,2016-11-04,17.29167,76.95833,1.3,4.023660250320655,4.0495557302702405,3.7605926990509033
W_17.2917_76.9583,2017-01-04,17.29167,76.95833,2.77,5.606897244698834,5.452775365085849,5.321171283721924
W_17.2917_76.9583,2018-11-04,17.29167,76.95833,4.0,7.946248966744217,7.0810891597930326,7.962258815765381
W_17.2917_76.9583,2019-01-03,17.29167,76.95833,5.25,6.897287616111822,8.28625255253867,6.182520866394043
W_17.2917_76.9583,2019-11-29,17.29167,76.95833,2.8,5.144093688885956,5.811565595028434,5.283273696899414
W_17.2917_76.9583,2020-01-09,17.29167,76.95833,5.45,7.038913546958605,7.028878267320934,5.639242649078369
W_17.2917_76.9583,2020-11-29,17.29167,76.95833,0.1,5.297561853084779,5.8906316464723645,1.697136402130127
W_17.2917_76.9583,2021-01-09,17.29167,76.95833,2.35,4.255506500925318,3.703835995419181,4.416182518005371
W_17.3778_77.2083,2016-11-04,17.37778,77.20833,2.46,4.763547879001989,4.537914037564493,4.1457953453063965
W_17.3778_77.2083,2017-01-04,17.37778,77.20833,6.07,6.072292229562197,5.738659224335456,5.837259292602539
W_17.3778_77.2083,2018-11-04,17.37778,77.20833,4.19,7.95495959822853,7.44938611422256,7.962258815765381
W_17.3778_77.2083,2019-01-03,17.37778,77.20833,12.78,8.508316792767431,9.434705882483724,7.2465596199035645
W_17.3778_77.2083,2019-11-29,17.37778,77.20833,8.18,5.669135081541284,6.404087941122848,5.454169750213623
W_17.3778_77.2083,2020-01-09,17.37778,77.20833,7.94,7.894839285306562,7.184833485867616,5.450653553009033
W_17.3778_77.2083,2020-11-29,17.37778,77.20833,1.61,6.234990003533774,6.236393277395407,2.8163058757781982
W_17.3778_77.2083,2021-01-09,17.37778,77.20833,2.31,4.862412552844802,4.620232587827441,5.54747486114502
W_16.3839_75.1517,2016-11-04,16.38389,75.15167,4.8,5.402743086494271,5.907626569392377,5.070242404937744
W_16.3839_75.1517,2017-01-04,16.38389,75.15167,7.12,7.731887544532105,6.566338138634144,7.4940505027771
W_16.3839_75.1517,2018-11-04,16.38389,75.15167,4.3,7.95656150394505,7.386605599714445,7.962258815765381
W_16.3839_75.1517,2019-01-01,16.38389,75.15167,5.87,7.717717261459072,7.132405268949171,6.206436634063721
W_16.3839_75.1517,2019-11-22,16.38389,75.15167,1.35,4.716159981444337,4.459993548754788,2.2767577171325684
W_16.3839_75.1517,2020-01-09,16.38389,75.15167,4.7,4.942204921969627,4.767579642292764,5.3353190422058105
W_16.3839_75.1517,2020-11-29,16.38389,75.15167,1.1,4.79929908190215,5.093802352489321,2.498565912246704
W_16.3839_75.1517,2021-01-09,16.38389,75.15167,4.53,4.284914064703199,3.7310001619412176,4.504966735839844
W_16.1_76.2833,2017-01-04,16.1,76.28333,3.75,5.368240375730763,4.792325214240094,4.7329535484313965
W_16.1_76.2833,2018-11-04,16.1,76.28333,4.5,7.866734135838172,6.983549261006059,7.962258815765381
W_16.1_76.2833,2019-01-01,16.1,76.28333,4.85,7.609074447659717,7.354569000642665,3.975226640701294
W_16.1_76.2833,2019-11-22,16.1,76.28333,4.12,4.7820401301148365,5.563515244460231,3.3948464393615723
W_16.1_76.2833,2020-01-09,16.1,76.28333,5.0,5.098841661355334,5.325377594249285,3.7559075355529785
W_16.1_76.2833,2020-11-29,16.1,76.28333,1.85,5.28286811623874,4.519356752271556,2.430549383163452
W_16.1_76.2833,2021-01-09,16.1,76.28333,2.7,4.08944020390454,3.730436784654061,3.569121122360229
W_16.3472_75.6222,2019-01-01,16.34722,75.62222,15.54,7.848010255722932,7.598605037885832,5.984665393829346
W_16.3472_75.6222,2019-11-22,16.34722,75.62222,12.14,4.750050440237329,4.5748110021134085,3.081795454025269
W_16.3472_75.6222,2020-01-09,16.34722,75.62222,14.02,5.4542697965046,5.421667843033845,5.549641132354736
W_16.3472_75.6222,2020-11-29,16.34722,75.62222,8.4,4.873889457403045,5.305594459262521,2.9338371753692627
W_16.3472_75.6222,2021-01-09,16.34722,75.62222,9.63,4.85212462625741,4.353919162321235,5.243081092834473
W_15.9994_76.8931,2017-01-04,15.99944,76.89306,5.55,7.1322712385505564,6.804391774559623,7.628117561340332
W_15.9994_76.8931,2018-11-04,15.99944,76.89306,1.66,7.957434066482242,7.487130265870551,7.962258815765381
W_15.9994_76.8931,2019-04-30,15.99944,76.89306,7.93,7.554403943202745,8.665285702339858,10.567611694335938
W_15.9994_76.8931,2019-11-29,15.99944,76.89306,1.5,4.677893560171096,5.5344329974172775,8.2023344039917
W_15.9994_76.8931,2020-01-09,15.99944,76.89306,5.92,7.828697473919915,8.21560632502502,5.252713203430176
W_15.9994_76.8931,2020-11-29,15.99944,76.89306,2.3,6.137304241744806,4.473890146836224,4.17263126373291
W_15.9994_76.8931,2021-01-09,15.99944,76.89306,3.1,4.476812087676859,4.903733664258323,3.6058080196380615
W_16.4006_76.9828,2017-01-04,16.40056,76.98278,0.07,4.98178220973951,4.251270732967456,4.704073429107666
W_16.4006_76.9828,2018-11-04,16.40056,76.98278,0.42,7.96041226511514,7.379325670491045,7.962258815765381
W_16.4006_76.9828,2019-01-04,16.40056,76.98278,0.33,5.500595974556264,6.163948631876648,4.359551906585693
W_16.4006_76.9828,2019-04-30,16.40056,76.98278,2.63,7.713225784045223,9.420224582207954,10.567611694335938
W_16.4006_76.9828,2019-11-29,16.40056,76.98278,0.45,5.096587798343995,5.975020976157856,4.667683124542236
W_16.4006_76.9828,2021-01-09,16.40056,76.98278,1.05,3.202797081683886,3.952046856936531,2.890223979949951
W_16.0167_76.4,2019-01-04,16.01667,76.4,7.61,7.440406159905629,7.290197099311454,5.334366321563721
W_16.0167_76.4,2020-11-29,16.01667,76.4,1.35,6.089690046746364,4.435005724641609,2.9892003536224365
W_16.0167_76.4,2021-01-09,16.01667,76.4,1.55,4.479056405857066,4.148639985135701,3.506281614303589
W_15.8389_76.4583,2017-01-04,15.83889,76.45833,10.75,7.932689083134621,7.31664219880065,7.212433338165283
W_15.8389_76.4583,2020-01-09,15.83889,76.45833,11.59,6.886085176981866,5.946023908552642,5.48861026763916
W_15.8389_76.4583,2020-11-29,15.83889,76.45833,0.1,6.115137248898642,4.555042556070232,2.6568808555603027
W_15.8389_76.4583,2021-01-09,15.83889,76.45833,0.95,4.208032484981634,4.080001593777888,3.843183517456055
W_16.0667_76.9917,2017-01-04,16.06667,76.99167,1.02,7.410214734313616,7.153537062429551,7.223231315612793
W_16.0667_76.9917,2018-11-04,16.06667,76.99167,0.92,7.940180279025082,6.840590834994639,7.962258815765381
W_16.0667_76.9917,2019-01-04,16.06667,76.99167,1.31,6.179802916633446,6.4880328202112985,7.397001266479492
W_16.0667_76.9917,2019-04-30,16.06667,76.99167,2.46,8.016728239086428,8.802315385081888,10.567611694335938
W_16.0667_76.9917,2019-11-29,16.06667,76.99167,1.7,4.728272796028491,5.428636351686791,6.918883323669434
W_16.0667_76.9917,2020-01-09,16.06667,76.99167,1.91,6.781280356518372,7.310909893102407,5.371973514556885
W_16.0667_76.9917,2020-11-29,16.06667,76.99167,1.0,5.862973825871592,4.513814896169855,4.261430740356445
W_16.0667_76.9917,2021-01-09,16.06667,76.99167,1.15,4.9488276677717495,5.162108303658084,3.615492105484009
W_15.9625_76.9528,2017-01-04,15.9625,76.95278,4.0,7.1322712385505564,6.804391774559623,7.628117561340332
W_15.9625_76.9528,2018-11-04,15.9625,76.95278,4.35,7.957434066482244,7.487130265870551,7.962258815765381
W_15.9625_76.9528,2019-04-30,15.9625,76.95278,5.48,7.554403943202745,8.665285702339858,10.567611694335938
W_15.9625_76.9528,2019-11-29,15.9625,76.95278,3.35,4.677893560171096,5.5344329974172775,8.2023344039917
W_15.9625_76.9528,2020-01-09,15.9625,76.95278,3.56,7.828697473919915,8.21560632502502,5.252713203430176
W_15.9625_76.9528,2020-11-29,15.9625,76.95278,1.7,6.137304241744805,4.473890146836224,4.17263126373291
W_15.9625_76.9528,2021-01-09,15.9625,76.95278,1.95,4.476812087676859,4.903733664258323,3.6058080196380615
W_15.7778_76.7653,2017-01-04,15.77778,76.76528,0.95,6.485193050942238,5.917430324669243,5.999743938446045
W_15.7778_76.7653,2018-11-04,15.77778,76.76528,0.7,7.942223913698496,7.029607310587483,7.962258815765381
W_15.7778_76.7653,2019-04-30,15.77778,76.76528,1.95,7.391710551540689,8.505449338141577,10.567611694335938
W_15.7778_76.7653,2019-11-29,15.77778,76.76528,3.25,4.760999189969607,4.922825535766853,7.114459037780762
W_15.7778_76.7653,2020-01-09,15.77778,76.76528,1.65,6.455932430513474,7.504169755021303,4.439874649047852
W_15.7778_76.7653,2020-11-29,15.77778,76.76528,0.01,6.082390855308179,4.488590854324574,3.3659040927886963
W_15.7778_76.7653,2021-01-09,15.77778,76.76528,0.28,4.0369946272097135,4.250459335066159,3.582439422607422
W_16.2833_74.6042,2016-11-04,16.28333,74.60417,12.42,4.5099439949696425,5.950230815294593,4.638247013092041
W_16.2833_74.6042,2017-01-04,16.28333,74.60417,13.79,6.233413958016706,5.944208918142468,5.954460620880127
W_16.2833_74.6042,2018-11-04,16.28333,74.60417,10.42,7.710781752318662,6.392322793130422,7.962258815765381
W_16.2833_74.6042,2019-01-02,16.28333,74.60417,11.72,6.3267391808307005,6.615099100192342,4.388419628143311
W_16.2833_74.6042,2020-01-09,16.28333,74.60417,10.75,4.317430130202752,4.148101686983472,4.573967456817627
W_16.2833_74.6042,2020-11-29,16.28333,74.60417,8.82,8.22375968516628,5.255214795095185,2.5445730686187744
W_16.2833_74.6042,2021-01-09,16.28333,74.60417,10.94,3.7750335936602695,4.050587601601498,3.4295809268951416
W_16.8694_75.275,2016-11-04,16.86944,75.275,3.02,4.9347146879763475,4.86557209042464,6.5599870681762695
W_16.8694_75.275,2017-01-04,16.86944,75.275,4.0,7.657871083811057,7.245879194794703,7.529788494110107
W_16.8694_75.275,2018-11-04,16.86944,75.275,3.64,7.978330776785633,7.332474773523623,7.962258815765381
W_16.8694_75.275,2019-01-02,16.86944,75.275,5.47,8.259566024144302,7.679691131322722,9.43589973449707
W_16.8694_75.275,2019-11-22,16.86944,75.275,0.64,4.807344963118165,4.623727071300577,4.411693096160889
W_16.8694_75.275,2020-01-09,16.86944,75.275,3.25,5.7193286971199475,6.126165186456138,6.050030708312988
W_16.8694_75.275,2020-11-29,16.86944,75.275,0.89,4.052782732283582,5.703781400637153,2.480653762817383
W_16.8694_75.275,2021-01-09,16.86944,75.275,2.75,4.249786980053991,3.9430662937607215,4.405656337738037
W_16.6417_75.075,2016-11-04,16.64167,75.075,3.15,5.008810396676313,4.934110266538139,5.083316802978516
W_16.6417_75.075,2017-01-04,16.64167,75.075,8.04,6.663675331306107,6.13597524904497,5.786342144012451
W_16.6417_75.075,2018-11-04,16.64167,75.075,2.39,7.9563473818767365,7.872759080413799,7.962258815765381
W_16.6417_75.075,2019-01-02,16.64167,75.075,6.64,6.946722788500416,7.10632948443288,5.359241962432861
W_16.6417_75.075,2020-01-09,16.64167,75.075,2.16,4.211514156304942,4.152543843864436,3.819856643676758
W_16.6417_75.075,2020-11-29,16.64167,75.075,1.14,3.828404976248907,5.189374240073979,2.147421598434448
W_16.6417_75.075,2021-01-09,16.64167,75.075,3.89,4.078929582005905,3.60519143129638,3.9771552085876474
W_15.9333_75.3028,2017-01-04,15.93333,75.30278,14.0,7.088380482837782,6.724304792190263,5.943053722381592
W_15.9333_75.3028,2018-11-04,15.93333,75.30278,15.27,7.957566571720513,7.546408794078131,7.962258815765381
W_15.9333_75.3028,2019-01-02,15.93333,75.30278,11.77,8.169845833170417,7.815424672115448,9.066423416137695
W_15.9333_75.3028,2019-11-22,15.93333,75.30278,5.63,4.659380273438862,4.664339595861323,3.119208574295044
W_15.9333_75.3028,2020-11-29,15.93333,75.30278,6.2,5.353705746169039,5.610072416142571,4.307449817657471
W_15.9333_75.3028,2021-01-09,15.93333,75.30278,8.08,5.994503243247064,5.739122038075363,7.102496147155762
W_15.9_74.9167,2016-11-04,15.9,74.91667,4.6,6.979744938886685,6.635175151412999,6.344770908355713
W_15.9_74.9167,2017-01-04,15.9,74.91667,5.85,7.677060637676858,7.0554387274635495,7.396457195281982
W_15.9_74.9167,2018-11-04,15.9,74.91667,5.5,7.862005353463817,6.766255355016733,7.962258815765381
W_15.9_74.9167,2019-01-02,15.9,74.91667,6.15,6.495656201110166,6.852776598517513,6.470993041992188
W_15.9_74.9167,2019-11-23,15.9,74.91667,2.05,4.853220328855681,4.626264608143049,1.70014488697052
W_15.9_74.9167,2020-01-09,15.9,74.91667,4.8,3.9734223656130703,3.649877457485088,3.5102107524871826
W_15.9_74.9167,2020-11-29,15.9,74.91667,2.15,7.958327692754351,5.832487860882802,2.8360304832458496
W_15.9_74.9167,2021-01-09,15.9,74.91667,2.59,4.175305532413052,4.382563008683246,4.565647125244141
W_15.7689_74.5583,2016-11-04,15.76889,74.55833,1.99,6.026813151699599,6.213243134397768,5.272846221923828
W_15.7689_74.5583,2017-01-04,15.76889,74.55833,4.08,6.753332022464269,6.644310192304996,6.638632774353027
W_15.7689_74.5583,2018-11-04,15.76889,74.55833,2.1,7.466708882668283,6.413281182829635,7.962258815765381
W_15.7689_74.5583,2019-01-02,15.76889,74.55833,3.02,6.621570028022015,6.9323746698863005,8.498370170593262
W_15.7689_74.5583,2019-11-22,15.76889,74.55833,1.18,4.799483855264068,4.309166800913221,3.248332500457764
W_15.7689_74.5583,2020-01-09,15.76889,74.55833,3.45,5.681669724462805,5.046844043008866,6.899016857147217
W_15.7689_74.5583,2020-11-29,15.76889,74.55833,1.93,6.764446901596833,5.22499345939308,4.55138111114502
W_15.7689_74.5583,2021-01-09,15.76889,74.55833,3.67,5.959326644282028,6.000364096083654,5.173555850982666
W_16.325_74.6,2019-11-22,16.325,74.6,2.16,5.024358082753677,4.392697630352575,2.566612482070923
W_16.325_74.6,2020-01-09,16.325,74.6,6.2,4.449387401116417,4.110752706367081,4.2552337646484375
W_16.325_74.6,2020-11-29,16.325,74.6,2.41,6.829582967298969,5.0935846588302605,2.3945465087890625
W_16.325_74.6,2021-01-09,16.325,74.6,6.61,3.6469995721267447,3.851358596264308,3.3424832820892334
W_16.1333_74.5,2016-11-04,16.13333,74.5,6.46,5.456123024917666,6.117309055315005,4.045769691467285
W_16.1333_74.5,2017-01-04,16.13333,74.5,8.69,6.0264797452271095,5.383831867896468,6.383935451507568
W_16.1333_74.5,2018-11-04,16.13333,74.5,7.71,7.778657642162924,6.2282288613691525,7.962258815765381
W_16.1333_74.5,2019-01-02,16.13333,74.5,8.69,5.936129993364378,6.4693996670971625,4.386731147766113
W_16.1333_74.5,2019-11-22,16.13333,74.5,0.95,4.947608450734691,4.461830692735544,2.9067516326904297
W_16.1333_74.5,2020-01-09,16.13333,74.5,3.82,4.136854529018581,4.262720410662454,3.442604780197144
W_16.1333_74.5,2021-01-09,16.13333,74.5,3.13,4.141180362635343,4.235989965897537,3.6624913215637207
W_16.1_74.6997,2016-01-04,16.1,74.69972,2.12,6.552210231363532,5.864460224711927,6.760165214538574
W_16.1_74.6997,2016-11-04,16.1,74.69972,2.1,5.254403116621794,6.019822794742699,5.193247318267822
W_16.1_74.6997,2017-01-04,16.1,74.69972,2.19,6.690040929671749,6.112718101772832,6.107297420501709
W_16.1_74.6997,2018-11-04,16.1,74.69972,2.39,7.6574466489224156,6.456237775428743,7.962258815765381
W_16.1_74.6997,2019-01-02,16.1,74.69972,2.85,6.379906520391661,6.492643250987922,4.91193962097168
W_16.1_74.6997,2019-11-22,16.1,74.69972,0.9,4.913996764270727,4.525571674977195,2.5055336952209477
W_16.1_74.6997,2020-01-09,16.1,74.69972,3.23,4.565219267399389,3.9909252496559446,4.738527297973633
W_16.1_74.6997,2020-11-29,16.1,74.69972,1.88,8.249218257510625,5.465479161115809,2.5818800926208496
W_16.1_74.6997,2021-01-09,16.1,74.69972,2.16,4.305892541147927,4.066044091718784,3.649672269821167
W_16.15_75.0667,2016-11-04,16.15,75.06667,1.81,7.043303810317902,6.387679857491241,7.338375568389893
W_16.15_75.0667,2017-01-04,16.15,75.06667,2.7,7.909443183050607,7.7679662815769746,8.301165580749512
W_16.15_75.0667,2018-11-04,16.15,75.06667,2.45,7.951946618769042,7.221240798910539,7.962258815765381
W_16.15_75.0667,2019-01-02,16.15,75.06667,2.98,8.291615835173927,7.56274979287638,7.420536041259766
W_16.15_75.0667,2019-05-26,16.15,75.06667,6.87,10.265413846013313,9.290253459731325,11.060931205749512
W_16.15_75.0667,2019-11-22,16.15,75.06667,1.04,4.682722401648122,4.556618688780985,1.563953518867493
W_16.15_75.0667,2020-01-09,16.15,75.06667,2.69,4.779097764863672,4.4058055634093805,4.097181797027588
W_16.15_75.0667,2020-11-29,16.15,75.06667,0.79,5.777252157187287,5.2242428073961005,2.549389362335205
W_16.15_75.0667,2021-01-09,16.15,75.06667,2.2,4.862851042243131,4.028970375050421,4.9718756675720215
W_16.7336_74.8375,2016-11-04,16.73361,74.8375,0.9,3.5851920241869184,4.767482992181657,3.615583658218384
W_16.7336_74.8375,2017-01-04,16.73361,74.8375,1.58,5.286741645262037,5.062735683988314,4.459959983825684
W_16.7336_74.8375,2018-11-04,16.73361,74.8375,1.69,7.95806139674082,7.719338015439163,7.962258815765381
W_16.7336_74.8375,2019-01-02,16.73361,74.8375,1.1,6.936240044966718,7.18494596367203,4.734885692596436
W_16.7336_74.8375,2019-11-22,16.73361,74.8375,0.37,4.802929832426751,4.594937015618544,1.655142307281494
W_16.7336_74.8375,2020-01-09,16.73361,74.8375,1.13,3.6103945085590636,3.388088098064493,3.266911029815674
W_16.7336_74.8375,2020-11-29,16.73361,74.8375,1.27,3.8741360141472554,5.287064016223036,2.673739433288574
W_16.7336_74.8375,2021-01-09,16.73361,74.8375,1.03,3.906348952673987,3.868494857185646,3.5335617065429688
W_16.2583_74.6583,2016-11-04,16.25833,74.65833,2.68,4.5099439949696425,5.950230815294593,4.638247013092041
W_16.2583_74.6583,2017-01-04,16.25833,74.65833,2.05,6.233413958016706,5.944208918142468,5.954460620880127
W_16.2583_74.6583,2018-11-04,16.25833,74.65833,3.48,7.710781752318662,6.392322793130422,7.962258815765381
W_16.2583_74.6583,2019-01-02,16.25833,74.65833,1.53,6.3267391808307005,6.615099100192342,4.388419628143311
W_16.2583_74.6583,2019-11-22,16.25833,74.65833,1.32,5.017109608622782,4.543981223103352,2.699552297592163
W_16.2583_74.6583,2020-01-09,16.25833,74.65833,6.2,4.317430130202752,4.148101686983472,4.573967456817627
W_16.2583_74.6583,2020-11-29,16.25833,74.65833,1.75,8.22375968516628,5.255214795095185,2.5445730686187744
W_16.2583_74.6583,2021-01-09,16.25833,74.65833,2.46,3.7750335936602686,4.050587601601498,3.4295809268951416
W_16.0508_75.1878,2016-11-04,16.05083,75.18778,7.98,7.246450520147067,6.66797354575961,8.012777328491211
W_16.0508_75.1878,2017-01-04,16.05083,75.18778,9.52,10.32183191697756,8.59625333205119,8.028219223022461
W_16.0508_75.1878,2018-11-04,16.05083,75.18778,7.95,7.958748580613577,7.655123940799953,7.962258815765381
W_16.0508_75.1878,2019-01-02,16.05083,75.18778,9.44,8.107021246571708,7.607773389053902,7.554283142089844
W_16.0508_75.1878,2019-05-26,16.05083,75.18778,12.9,9.862555042167214,9.360396376440477,9.017657279968262
W_16.0508_75.1878,2019-11-23,16.05083,75.18778,5.4,4.688259287372719,4.610977529763512,1.7364531755447388
W_16.0508_75.1878,2020-01-09,16.05083,75.18778,8.77,4.716489474127866,4.591729512297945,3.432868242263794
W_16.0508_75.1878,2020-11-29,16.05083,75.18778,7.12,6.518950304480707,5.028176136517158,2.4984943866729736
W_16.0508_75.1878,2021-01-09,16.05083,75.18778,8.7,4.87374865279244,4.184114584872958,5.309203147888184
W_15.7556_75.2514,2017-01-04,15.75556,75.25139,6.52,7.3489958268227475,7.189862208302479,6.833663463592529
W_15.7556_75.2514,2018-11-04,15.75556,75.25139,4.78,7.960149566974595,7.430942819062638,7.962258815765381
W_15.7556_75.2514,2019-01-02,15.75556,75.25139,5.95,8.074760530327758,7.929823978752502,8.569982528686523
W_15.7556_75.2514,2019-11-23,15.75556,75.25139,1.43,4.716573841282139,4.335002961750497,4.823527812957764
W_15.7556_75.2514,2020-01-09,15.75556,75.25139,4.1,8.086395792315098,7.582114393027821,8.128479957580566
W_15.7556_75.2514,2020-11-29,15.75556,75.25139,1.05,5.428774653103056,5.757218747445055,5.003366470336914
W_15.7556_75.2514,2021-01-09,15.75556,75.25139,1.83,7.057696372004625,6.232564220842722,8.050829887390137
W_15.8947_74.6597,2016-01-04,15.89472,74.65972,5.8,5.959533035393758,6.001443483599889,6.11253547668457
W_15.8947_74.6597,2016-11-04,15.89472,74.65972,10.0,5.870427790130608,6.32449389592787,5.9474029541015625
W_15.8947_74.6597,2017-01-04,15.89472,74.65972,11.3,6.9470063776037705,6.900537040755864,7.269133567810059
W_15.8947_74.6597,2018-11-04,15.89472,74.65972,1.8,7.221840286989024,7.17053421462404,7.962258815765381
W_15.8947_74.6597,2019-01-02,15.89472,74.65972,2.24,6.670071138553476,6.947058893866913,7.722607135772705
W_15.8947_74.6597,2019-11-22,15.89472,74.65972,1.32,4.786050507435335,4.545471667531484,2.888439416885376
W_15.8947_74.6597,2020-01-09,15.89472,74.65972,1.98,5.42841568742402,4.776390574528337,5.994681358337402
W_15.8947_74.6597,2020-11-29,15.89472,74.65972,1.54,7.391277102046109,5.251969187457469,4.241037368774414
W_15.8947_74.6597,2021-01-09,15.89472,74.65972,1.8,5.782113527947403,5.753533869464582,4.907915115356445
W_16.0833_74.95,2016-11-04,16.08333,74.95,6.87,7.655141354044889,6.54601601780725,9.938692092895508
W_16.0833_74.95,2017-01-04,16.08333,74.95,5.36,9.624664033879354,9.599204175784138,9.925300598144531
W_16.0833_74.95,2018-08-19,16.08333,74.95,8.85,9.386002716071829,4.856505647624236,8.388063430786133
W_16.0833_74.95,2018-11-04,16.08333,74.95,8.31,7.82279128850728,6.900391758319071,7.962258815765381
W_16.0833_74.95,2019-01-02,16.08333,74.95,8.47,8.138040662596177,7.48023194634648,6.895615577697754
W_16.0833_74.95,2020-01-09,16.08333,74.95,7.25,3.5057334398451485,3.248667370901811,2.9126200675964355
W_16.0833_74.95,2020-11-29,16.08333,74.95,5.15,6.918589304917867,4.54245263763261,2.4406659603118896
W_16.0833_74.95,2021-01-09,16.08333,74.95,7.55,4.511763305953508,4.0037583915508135,4.524762630462647
W_16.4042_74.3792,2016-11-04,16.40417,74.37917,3.17,4.605028694488618,5.81928432860256,4.634070873260498
W_16.4042_74.3792,2017-01-04,16.40417,74.37917,4.05,6.127247730530487,5.809484451378136,5.29560661315918
W_16.4042_74.3792,2018-11-04,16.40417,74.37917,2.68,6.663485116036953,5.684138705805442,7.962258815765381
W_16.4042_74.3792,2019-01-02,16.40417,74.37917,3.63,5.976391352076039,6.527083543170374,4.443002700805664
W_16.4042_74.3792,2019-11-22,16.40417,74.37917,1.77,4.723490832184448,4.4964415022899225,3.253174066543579
W_16.4042_74.3792,2020-01-09,16.40417,74.37917,3.35,4.8773675170029245,4.5189793676421495,3.407398223876953
W_16.4042_74.3792,2020-11-29,16.40417,74.37917,2.14,4.723963951323143,5.352750933447544,2.452966451644897
W_16.4042_74.3792,2021-01-09,16.40417,74.37917,2.85,3.933399615138568,4.050414346991544,3.283590078353882
W_15.85_75.1167,2019-11-23,15.85,75.11667,2.27,4.652984073449451,4.642475749031252,2.9123165607452397
W_15.85_75.1167,2020-01-09,15.85,75.11667,5.4,5.885872964670927,5.4792515563541295,4.617824554443359
W_15.85_75.1167,2020-11-29,15.85,75.11667,2.27,5.799238690877184,5.261411607563465,3.3379998207092285
W_15.85_75.1167,2021-01-09,15.85,75.11667,2.52,5.169244035199518,4.929192086267033,6.543027877807617
W_16.4333_74.7917,2017-01-04,16.43333,74.79167,13.94,7.665245785293901,6.76335370143998,6.996966361999512
W_16.4333_74.7917,2018-11-04,16.43333,74.79167,9.08,7.886559072873018,6.33504821646225,7.962258815765381
W_16.4333_74.7917,2019-01-02,16.43333,74.79167,8.61,6.381643108024798,6.490566639909607,5.715028762817383
W_16.4333_74.7917,2019-11-23,16.43333,74.79167,3.46,4.79563770035587,4.454333920140497,2.7202353477478027
W_16.4333_74.7917,2020-01-09,16.43333,74.79167,2.52,4.23905096573829,4.071984948609543,4.615046977996826
W_16.4333_74.7917,2020-11-29,16.43333,74.79167,0.46,4.4948451700323035,5.239190270780512,2.938202142715454
W_16.4333_74.7917,2021-01-09,16.43333,74.79167,0.92,3.900257779660266,4.290173745269322,3.4789865016937256
W_15.7556_75.1097,2016-11-04,15.75556,75.10972,11.23,5.4860456477217365,6.378677085412102,5.2080078125
W_15.7556_75.1097,2017-01-04,15.75556,75.10972,13.5,7.363845845823724,7.021404979653414,6.735034465789795
W_15.7556_75.1097,2018-11-04,15.75556,75.10972,9.04,7.955825963043927,7.769339358022572,7.962258815765381
W_15.7556_75.1097,2019-01-02,15.75556,75.10972,11.02,7.88574627381359,7.458636335683329,7.777409553527832
W_15.7556_75.1097,2019-05-26,15.75556,75.10972,14.05,9.670834059775727,9.495770694820832,10.567611694335938
W_15.7556_75.1097,2019-11-22,15.75556,75.10972,1.35,4.659471676035385,4.653702588105847,3.5121424198150635
W_15.7556_75.1097,2020-01-09,15.75556,75.10972,6.8,5.829321719235716,6.147592157071521,5.7151875495910645
W_15.7556_75.1097,2020-11-29,15.75556,75.10972,3.35,6.764306251350448,5.338267103223568,3.6622586250305176
W_15.7556_75.1097,2021-01-09,15.75556,75.10972,6.55,5.3907382306174165,5.176738958666592,7.0839056968688965
W_16.9028_75.1194,2016-11-04,16.90278,75.11944,11.57,5.86779881390945,5.990126396328288,6.984437942504883
W_16.9028_75.1194,2017-01-04,16.90278,75.11944,11.98,8.011190533521114,7.4709099565672465,8.066946983337402
W_16.9028_75.1194,2018-11-04,16.90278,75.11944,11.89,7.960687512403724,7.4282094214715615,7.962258815765381
W_16.9028_75.1194,2019-01-02,16.90278,75.11944,12.03,8.444272519408445,7.22609505736402,8.70238971710205
W_16.9028_75.1194,2019-11-22,16.90278,75.11944,6.88,4.9241546399024445,4.659302413663155,4.210835933685303
W_16.9028_75.1194,2020-01-09,16.90278,75.11944,11.34,5.648857938572188,5.627463710621383,6.481216430664063
W_16.9028_75.1194,2020-11-29,16.90278,75.11944,7.31,3.946623436169297,5.698504237566619,2.5816242694854736
W_16.9028_75.1194,2021-01-09,16.90278,75.11944,11.48,4.394025561746867,3.877237190123386,4.086065769195557
W_16.0606_74.6511,2016-01-04,16.06056,74.65111,14.8,6.619133569514562,6.514966879707763,4.38815450668335
W_16.0606_74.6511,2018-11-04,16.06056,74.65111,14.38,7.507226465724001,6.574415957143674,7.962258815765381
W_16.0606_74.6511,2019-11-22,16.06056,74.65111,5.3,4.786175000220224,4.509584001264661,2.405485153198242
W_16.0606_74.6511,2020-01-09,16.06056,74.65111,10.3,4.528783483790396,3.9089346261461886,4.481481075286865
W_16.0606_74.6511,2020-11-29,16.06056,74.65111,5.59,8.113439710210635,5.4079758424564695,3.279634952545166
W_16.0606_74.6511,2021-01-09,16.06056,74.65111,10.35,4.491383856776582,4.591237263490044,4.028981685638428
W_19.7333_78.6458,2016-11-04,19.73333,78.64583,4.66,4.5217910952857965,4.357346366843061,4.455845832824707
W_19.7333_78.6458,2017-01-04,19.73333,78.64583,5.47,6.272994119309913,5.991095618531584,6.266346454620361
W_19.7333_78.6458,2018-11-04,19.73333,78.64583,5.97,7.93539387939932,7.598768646456651,7.962258815765381
W_19.7333_78.6458,2018-11-11,19.73333,78.64583,5.77,7.93539387939932,7.598768646456651,7.962258815765381
W_19.7333_78.6458,2018-11-18,19.73333,78.64583,5.67,7.835757062443068,5.486078994591743,4.479343414306641
W_19.7333_78.6458,2018-11-25,19.73333,78.64583,5.57,7.835757062443068,5.486078994591743,4.479343414306641
W_19.7333_78.6458,2018-12-11,19.73333,78.64583,5.47,4.75751175571838,4.763061354064308,4.479343414306641
W_19.7333_78.6458,2018-12-18,19.73333,78.64583,5.37,4.650710944038198,4.673833987645878,5.200052261352539
W_19.7333_78.6458,2018-12-25,19.73333,78.64583,5.47,4.650710944038198,4.673833987645878,5.200052261352539
W_19.7333_78.6458,2019-01-04,19.73333,78.64583,5.07,6.035925807142071,6.872677369973609,5.200052261352539
W_19.7333_78.6458,2019-05-04,19.73333,78.64583,7.67,9.54784648487196,9.922195724155044,9.35161304473877
W_19.7333_78.6458,2019-10-31,19.73333,78.64583,5.29,5.420488827161698,5.235418077961029,3.981264352798462
W_19.7333_78.6458,2020-01-09,19.73333,78.64583,5.27,4.9903077924052255,5.42843461180472,4.391807556152344
W_19.7333_78.6458,2020-11-29,19.73333,78.64583,5.49,6.175670976221324,5.361249685820752,3.754637479782105
W_19.7333_78.6458,2021-01-09,19.73333,78.64583,5.42,5.653149646010646,5.387233223868774,6.182216644287109
W_19.1978_78.6422,2016-11-04,19.19778,78.64222,6.26,4.818721915669752,4.636522378631565,5.218555450439453
W_19.1978_78.6422,2017-01-04,19.19778,78.64222,7.46,6.647160820528123,6.8479280436210255,5.067846298217773
W_19.1978_78.6422,2018-11-04,19.19778,78.64222,5.96,7.9095629044981,7.699814873586048,7.962258815765381
W_19.1978_78.6422,2018-11-11,19.19778,78.64222,5.36,7.9095629044981,7.699814873586048,7.962258815765381
W_19.1978_78.6422,2018-11-18,19.19778,78.64222,5.86,7.542414650153409,6.4856420667976105,3.3646433353424072
W_19.1978_78.6422,2018-11-25,19.19778,78.64222,5.46,7.542414650153409,6.4856420667976105,3.3646433353424072
W_19.1978_78.6422,2018-12-04,19.19778,78.64222,5.36,3.369032655178092,4.630711789503126,3.3646433353424072
W_19.1978_78.6422,2018-12-11,19.19778,78.64222,5.46,3.369032655178092,4.630711789503126,3.3646433353424072
W_19.1978_78.6422,2018-12-18,19.19778,78.64222,5.51,4.321153869176367,5.405283892417228,4.564013957977295
W_19.1978_78.6422,2018-12-25,19.19778,78.64222,5.46,4.321153869176367,5.405283892417228,4.564013957977295
W_19.1978_78.6422,2019-01-04,19.19778,78.64222,6.96,4.950060078246614,6.168783960688506,4.564013957977295
W_19.1978_78.6422,2019-05-04,19.19778,78.64222,9.36,8.91020047937643,10.436493934009333,8.624823570251465
W_19.1978_78.6422,2019-10-31,19.19778,78.64222,4.37,3.47675963341471,5.284669978604721,4.061942100524902
W_19.1978_78.6422,2020-01-09,19.19778,78.64222,5.96,4.729341297170966,6.340681447531807,4.227813243865967
W_19.1978_78.6422,2020-11-29,19.19778,78.64222,4.2,6.181627112196359,5.164790373984745,2.8868212699890137
W_19.1978_78.6422,2021-01-09,19.19778,78.64222,6.01,5.391460444588768,4.885485504710002,5.679853439331055
W_19.1014_78.0967,2016-11-04,19.10139,78.09667,2.12,6.588549081728692,6.694611835858071,5.791173458099365
W_19.1014_78.0967,2017-01-04,19.10139,78.09667,4.7,7.382304117270731,7.252888242514368,8.239824295043945
W_19.3581_79.4772,2016-11-04,19.35806,79.47722,1.6,4.492444486817819,4.539976532558265,3.976185083389282
W_19.3581_79.4772,2017-08-24,19.35806,79.47722,1.34,5.418203799004752,4.841109522914401,5.6673502922058105
W_19.3581_79.4772,2018-11-04,19.35806,79.47722,7.04,7.949629129925387,7.804201471915462,7.962258815765381
W_19.3581_79.4772,2019-01-04,19.35806,79.47722,2.64,5.555477185347115,5.709549795660616,4.503781318664551
W_19.3581_79.4772,2019-05-04,19.35806,79.47722,3.94,9.565403812089691,9.524320295665222,9.632439613342283
W_19.3581_79.4772,2019-10-31,19.35806,79.47722,1.04,4.487314346160909,4.519784024275394,2.8233835697174072
W_19.3581_79.4772,2020-01-09,19.35806,79.47722,2.19,4.140658940753593,4.023394144052425,3.4599609375
W_19.3581_79.4772,2020-11-29,19.35806,79.47722,2.27,4.735718674478575,4.787726925496099,2.9839563369750977
W_19.3581_79.4772,2021-01-09,19.35806,79.47722,3.09,4.5984567768707025,4.45788707769125,4.336813449859619
W_19.0519_79.485,2016-11-04,19.05194,79.485,0.89,5.04473397004472,4.811157347262951,5.366818904876709
W_19.0519_79.485,2017-08-24,19.05194,79.485,0.62,5.493114818416522,4.872666198343683,6.187238693237305
W_19.0519_79.485,2018-11-04,19.05194,79.485,0.97,7.957360186668672,7.680291097660015,7.962258815765381
W_19.0519_79.485,2019-01-04,19.05194,79.485,0.82,5.739926417611262,5.671832658515465,6.339226722717285
W_19.0519_79.485,2019-10-31,19.05194,79.485,0.48,4.986197080050757,4.808099256752358,3.5547146797180176
W_19.0519_79.485,2020-01-09,19.05194,79.485,0.15,5.048470145285078,4.52650275356164,4.727769374847412
W_19.0519_79.485,2020-11-29,19.05194,79.485,0.01,4.592562169261609,4.849026888205788,3.8971164226531982
W_19.0194_78.5833,2017-01-04,19.01944,78.58333,5.85,6.6675226763203375,6.8194023823925,4.829148292541504
W_19.0194_78.5833,2018-11-04,19.01944,78.58333,2.89,7.8904719576730065,7.595733042088308,7.962258815765381
W_19.0194_78.5833,2019-01-04,19.01944,78.58333,3.25,5.4613065348412935,6.371681670675948,4.78488302230835
W_19.0194_78.5833,2019-05-04,19.01944,78.58333,5.0,9.047905857536135,10.529515193589498,7.319070816040039
W_19.0194_78.5833,2019-10-31,19.01944,78.58333,1.9,3.9926884993982723,4.93858288723473,4.191310405731201
W_19.0194_78.5833,2020-01-09,19.01944,78.58333,5.21,5.058292672454685,6.540683414498841,5.128694534301758
W_19.0194_78.5833,2020-11-29,19.01944,78.58333,2.41,6.106908445384469,5.1412482399902295,3.0802509784698486
W_19.0194_78.5833,2021-01-09,19.01944,78.58333,6.05,5.41890452014231,5.059737588755881,5.784796237945557
W_19.3417_78.7556,2017-01-04,19.34167,78.75556,8.72,5.468663145812837,5.151306582741027,5.1967973709106445
W_19.3417_78.7556,2018-11-04,19.34167,78.75556,5.71,7.902216992804792,6.203766527572108,7.962258815765381
W_19.3417_78.7556,2019-01-04,19.34167,78.75556,6.92,5.472834990231156,6.219098938113002,5.426401138305664
W_19.3417_78.7556,2019-05-04,19.34167,78.75556,12.02,9.040024129919335,10.627512928066793,7.457223415374756
W_19.3417_78.7556,2019-10-31,19.34167,78.75556,5.82,3.6839915581362703,5.127273984747951,3.3054563999176025
W_19.3417_78.7556,2020-01-09,19.34167,78.75556,7.82,4.673586713052692,5.843086957729376,4.769479751586914
W_19.3417_78.7556,2020-11-29,19.34167,78.75556,3.62,6.275197089033814,5.177063082732594,3.813244342803955
W_19.3417_78.7556,2021-01-09,19.34167,78.75556,6.62,5.894324086151767,5.621043126823883,6.151532173156738
W_19.5125_78.5853,2016-01-04,19.5125,78.58528,9.23,6.630335496209484,6.58074298907779,7.214515209197998
W_19.5125_78.5853,2016-11-04,19.5125,78.58528,2.82,5.055066446675684,4.467930328049282,4.0771918296813965
W_19.5125_78.5853,2017-01-04,19.5125,78.58528,5.95,5.849410965886139,5.617540075604744,5.799432277679443
W_19.5125_78.5853,2018-11-04,19.5125,78.58528,2.23,7.936567437064638,7.657289280784714,7.962258815765381
W_19.5125_78.5853,2019-01-04,19.5125,78.58528,6.4,5.2020647266070466,6.409983122109347,4.710916996002197
W_19.5125_78.5853,2019-05-04,19.5125,78.58528,10.9,10.749137112303973,9.779280881357913,10.189154624938965
W_19.5125_78.5853,2019-10-31,19.5125,78.58528,2.7,5.516664504063738,4.967885355452244,3.4141387939453125
W_19.5125_78.5853,2020-01-09,19.5125,78.58528,5.8,4.674615079759476,5.370656739667515,4.258158206939697
W_19.5125_78.5853,2020-11-29,19.5125,78.58528,2.22,6.425959652558136,5.35930332748549,3.5337491035461426
W_19.5125_78.5853,2021-01-09,19.5125,78.58528,6.12,5.882834432463594,5.242438683119248,6.906662940979004
W_19.1458_79.6667,2016-11-04,19.14583,79.66667,5.37,4.7080903792717095,4.478170439738098,5.083202838897705
W_19.1458_79.6667,2017-08-24,19.14583,79.66667,5.22,5.474590639223554,4.608310422213994,5.93132209777832
W_19.1458_79.6667,2018-11-04,19.14583,79.66667,4.52,7.9576319510445535,7.766436466432278,7.962258815765381
W_19.1458_79.6667,2018-11-11,19.14583,79.66667,4.67,7.9576319510445535,7.766436466432278,7.962258815765381
W_19.1458_79.6667,2018-11-18,19.14583,79.66667,4.82,6.98795258005737,5.839493408114022,3.3009254932403564
W_19.1458_79.6667,2018-11-25,19.14583,79.66667,4.97,6.98795258005737,5.839493408114022,3.3009254932403564
W_19.1458_79.6667,2018-12-04,19.14583,79.66667,5.07,3.4631717742498025,4.072052774336965,3.3009254932403564
W_19.1458_79.6667,2018-12-11,19.14583,79.66667,5.27,3.4631717742498025,4.072052774336965,3.3009254932403564
W_19.1458_79.6667,2018-12-18,19.14583,79.66667,5.37,4.675173762434469,4.256140159086209,5.257479667663574
W_19.1458_79.6667,2018-12-25,19.14583,79.66667,5.47,4.675173762434469,4.256140159086209,5.257479667663574
W_19.1458_79.6667,2019-01-04,19.14583,79.66667,4.87,5.557375109200561,5.749157225858994,5.257479667663574
W_19.1458_79.6667,2019-05-04,19.14583,79.66667,6.97,9.83316962666292,9.313543432912187,10.068693161010742
W_19.1458_79.6667,2019-10-31,19.14583,79.66667,2.97,4.693668735744247,4.567051367474135,3.178178071975708
W_19.1458_79.6667,2020-01-09,19.14583,79.66667,4.99,4.320647311751188,4.2587475678832725,4.21104097366333
W_19.1458_79.6667,2020-11-29,19.14583,79.66667,3.64,4.64839825322794,4.779356852124147,3.487121105194092
W_19.1458_79.6667,2021-01-09,19.14583,79.66667,5.77,4.881435517938243,4.864116225944423,4.827735900878906
W_19.0111_78.3878,2016-11-04,19.01111,78.38778,6.23,3.7887494227705543,3.998683864967733,3.1916310787200928
W_19.0111_78.3878,2017-01-04,19.01111,78.38778,15.53,5.203687202249096,5.147714607831586,4.476274013519287
W_19.0111_78.3878,2019-10-31,19.01111,78.38778,3.58,3.2776042089655237,4.6902766363366455,4.042837142944336
W_19.0111_78.3878,2020-01-09,19.01111,78.38778,6.96,5.62683384975838,6.310897711755642,3.669278144836426
W_19.0111_78.3878,2020-11-29,19.01111,78.38778,2.89,6.0154352164581475,5.268001746077417,4.304934978485107
W_19.0111_78.3878,2021-01-09,19.01111,78.38778,5.34,6.25095014042946,6.084407419809089,6.4390974044799805
W_19.35_78.3333,2016-11-04,19.35,78.33333,2.81,4.269353196186895,4.663248682617659,3.677803754806519
W_19.35_78.3333,2017-01-04,19.35,78.33333,2.41,5.864503616891323,5.584628801656306,6.183723449707031
W_19.35_78.3333,2018-11-04,19.35,78.33333,2.06,7.981974868693783,7.356376703203532,7.962258815765381
W_19.35_78.3333,2019-01-04,19.35,78.33333,3.7,6.203329591749729,6.637540791204499,6.086162567138672
W_19.35_78.3333,2019-05-04,19.35,78.33333,6.6,10.053917196695574,10.463675635499891,11.62327003479004
W_19.35_78.3333,2019-10-31,19.35,78.33333,1.7,4.8330354806952585,5.234691790479997,3.8013668060302734
W_19.35_78.3333,2020-01-09,19.35,78.33333,1.72,4.800887079263273,6.6665079611773095,4.496536731719971
W_19.35_78.3333,2020-11-29,19.35,78.33333,1.74,6.2299920979836205,5.319292210096855,3.700648784637451
W_19.35_78.3333,2021-01-09,19.35,78.33333,3.68,5.926202161197917,5.690742615938166,6.328018665313721
W_18.8361_79.6722,2018-11-04,18.83611,79.67222,5.7,7.964327971316117,7.917089468764882,7.962258815765381
W_18.8361_79.6722,2018-11-18,18.83611,79.67222,5.75,7.168738564343007,6.012368328395682,3.2717385292053223
W_18.8361_79.6722,2018-12-11,18.83611,79.67222,5.7,3.494401706353407,4.324725001247053,3.2717385292053223
W_18.8361_79.6722,2018-12-18,18.83611,79.67222,5.75,4.546668695561169,4.508461396368036,8.745354652404785
W_18.8361_79.6722,2018-12-25,18.83611,79.67222,5.8,4.546668695561169,4.508461396368036,8.745354652404785
W_18.8361_79.6722,2019-01-04,18.83611,79.67222,5.6,6.411105444018903,5.919726208800018,8.745354652404785
W_18.8361_79.6722,2019-05-04,18.83611,79.67222,6.45,10.097094800102617,9.6587466426848,10.56629467010498
W_18.8361_79.6722,2019-10-31,18.83611,79.67222,5.4,5.01350203989799,5.068114000657942,3.7559850215911865
W_18.8361_79.6722,2020-01-09,18.83611,79.67222,5.5,5.747344400872593,4.780171120755727,7.001282215118408
W_18.8361_79.6722,2020-11-29,18.83611,79.67222,4.43,4.607305876143246,4.863807978144293,4.904880523681641
W_18.8361_79.6722,2021-01-09,18.83611,79.67222,4.92,6.469570894338048,6.0491375233867455,5.557093620300293
W_18.3_80.55,2016-11-04,18.3,80.55,6.65,4.545316584305334,4.663066391488647,4.818233013153076
W_18.3_80.55,2017-01-04,18.3,80.55,8.6,6.47649898860293,6.379429177387883,6.234846591949463
W_18.3_80.55,2018-11-04,18.3,80.55,7.3,7.921759198217111,7.47769047017877,7.962258815765381
W_18.3_80.55,2019-01-04,18.3,80.55,8.58,6.564659014769204,6.691835479441041,7.232528209686279
W_18.3_80.55,2019-05-04,18.3,80.55,10.4,9.927642436498926,10.093394432594156,9.700714111328123
W_18.3_80.55,2019-10-31,18.3,80.55,2.5,4.967382730620437,4.867879613989697,4.272241115570068
W_18.3_80.55,2020-01-09,18.3,80.55,5.85,5.193542191505384,5.319318273364594,5.225819110870361
W_18.3_80.55,2020-11-29,18.3,80.55,5.02,4.484710295521546,4.325016350748358,4.180643558502197
W_18.3_80.55,2021-01-09,18.3,80.55,6.28,5.193690457391453,5.420446220401557,4.821331024169922
W_18.125_80.725,2016-11-04,18.125,80.725,2.98,4.707881674210995,4.706559315846647,5.144376754760742
W_18.125_80.725,2017-01-04,18.125,80.725,5.05,6.761260351577024,6.377172535272596,7.380386829376221
W_18.125_80.725,2018-11-04,18.125,80.725,4.04,7.89860266736151,6.294352027308237,7.962258815765381
W_18.125_80.725,2018-11-11,18.125,80.725,4.3,7.89860266736151,6.294352027308237,7.962258815765381
W_18.125_80.725,2018-11-18,18.125,80.725,4.5,7.244827918699575,5.7849462780094605,6.733004093170166
W_18.125_80.725,2018-11-25,18.125,80.725,5.2,7.244827918699575,5.7849462780094605,6.733004093170166
W_18.125_80.725,2018-12-04,18.125,80.725,4.95,5.6140411220925195,4.328663808331296,6.733004093170166
W_18.125_80.725,2018-12-11,18.125,80.725,5.2,5.6140411220925195,4.328663808331296,6.733004093170166
W_18.125_80.725,2018-12-18,18.125,80.725,5.1,4.841934052145782,4.310341704958576,8.491816520690918
W_18.125_80.725,2018-12-25,18.125,80.725,5.2,4.841934052145782,4.310341704958576,8.491816520690918
W_18.125_80.725,2019-01-04,18.125,80.725,5.32,7.190169088110557,7.653651668971531,8.491816520690918
W_18.125_80.725,2019-05-04,18.125,80.725,9.17,9.597008289916294,10.0419531993872,10.656656265258787
W_18.125_80.725,2019-10-31,18.125,80.725,1.31,4.6623929434976334,4.696891954212978,4.275356769561768
W_18.125_80.725,2020-01-09,18.125,80.725,4.33,5.754443170606384,5.314470322843261,6.621282577514648
W_18.125_80.725,2020-11-29,18.125,80.725,2.78,4.193681118830307,4.2766205406844975,4.091322422027588
W_18.125_80.725,2021-01-09,18.125,80.725,4.55,4.621120038428874,5.274346515723371,4.681554317474365
W_17.2908_79.9239,2016-11-04,17.29083,79.92389,2.11,5.766324935928215,4.638384778860011,5.833598613739014
W_17.2908_79.9239,2018-11-04,17.29083,79.92389,1.89,7.942040926523123,6.968820788562101,7.962258815765381
W_17.2908_79.9239,2018-11-11,17.29083,79.92389,2.04,7.942040926523123,6.968820788562101,7.962258815765381
W_17.2908_79.9239,2018-11-18,17.29083,79.92389,2.06,7.138021110299058,5.738673171263184,3.4749209880828857
W_17.2908_79.9239,2018-11-25,17.29083,79.92389,2.11,7.138021110299058,5.738673171263184,3.4749209880828857
W_17.2908_79.9239,2018-12-04,17.29083,79.92389,2.06,3.5819777193355056,3.986798484687176,3.4749209880828857
W_17.2908_79.9239,2018-12-11,17.29083,79.92389,2.16,3.5819777193355065,3.986798484687176,3.4749209880828857
W_17.2908_79.9239,2018-12-18,17.29083,79.92389,2.31,4.515661828668202,3.6794014137678808,2.728069543838501
W_17.2908_79.9239,2018-12-25,17.29083,79.92389,2.36,4.515661828668202,3.6794014137678808,2.728069543838501
W_17.2908_79.9239,2019-01-04,17.29083,79.92389,2.34,3.9664940571120346,5.4596964789921785,2.728069543838501
W_17.2908_79.9239,2019-05-04,17.29083,79.92389,3.41,8.639750991842412,8.958749599336516,10.182577133178713
W_17.2908_79.9239,2020-01-09,17.29083,79.92389,1.11,4.30585863736336,4.862270431438284,4.117469787597656
W_17.2908_79.9239,2020-11-29,17.29083,79.92389,1.16,3.7854714903096296,3.499833681349544,1.775089144706726
W_17.2908_79.9239,2021-01-09,17.29083,79.92389,1.51,2.9916065886544674,3.237510960072868,2.891103982925415
W_17.5706_80.5708,2015-11-04,17.57056,80.57083,2.39,5.78339815505873,6.4566069776978825,4.279551029205322
W_17.5706_80.5708,2016-01-04,17.57056,80.57083,4.71,5.762805021462434,6.011523604586371,5.93881893157959
W_17.5706_80.5708,2016-11-04,17.57056,80.57083,2.07,5.0467404491331695,4.999244364222839,4.43544340133667
W_17.5706_80.5708,2017-01-04,17.57056,80.57083,3.54,6.207184972756719,5.854292583264387,6.820566654205322
W_17.5706_80.5708,2018-11-04,17.57056,80.57083,2.62,7.954782388646048,7.053460887062996,7.962258815765381
W_17.5706_80.5708,2018-11-11,17.57056,80.57083,2.84,7.954782388646048,7.053460887062996,7.962258815765381
W_17.5706_80.5708,2018-11-18,17.57056,80.57083,2.93,7.313042389994282,5.358477492638583,4.202132225036621
W_17.5706_80.5708,2018-11-25,17.57056,80.57083,3.0,7.313042389994282,5.358477492638583,4.202132225036621
W_17.5706_80.5708,2018-12-04,17.57056,80.57083,3.06,3.974330285832501,4.299232233219928,4.202132225036621
W_17.5706_80.5708,2018-12-11,17.57056,80.57083,3.14,3.974330285832501,4.299232233219928,4.202132225036621
W_17.5706_80.5708,2018-12-18,17.57056,80.57083,2.91,4.47611997180668,4.0379154546090605,4.450154781341553
W_17.5706_80.5708,2018-12-25,17.57056,80.57083,3.44,4.47611997180668,4.0379154546090605,4.450154781341553
W_17.5706_80.5708,2019-01-04,17.57056,80.57083,3.32,5.3836738668729085,6.145972592612182,4.450154781341553
W_17.5706_80.5708,2019-05-04,17.57056,80.57083,7.05,8.69598422967512,9.572286744154528,8.444665908813477
W_17.5706_80.5708,2019-10-31,17.57056,80.57083,1.26,5.15218383505571,4.7160419508323255,4.275356769561768
W_17.5706_80.5708,2020-01-09,17.57056,80.57083,2.99,4.814813710809337,5.103700830968487,5.095437526702881
W_17.5706_80.5708,2020-11-29,17.57056,80.57083,2.62,3.9121502918006765,4.017103825985948,2.9693191051483154
W_17.5706_80.5708,2021-01-09,17.57056,80.57083,2.84,3.736080061102217,4.102380431675442,3.774630546569824
W_17.225_80.05,2016-11-04,17.225,80.05,6.65,4.669532959248227,4.331964752193524,5.473797798156738
W_17.225_80.05,2017-01-04,17.225,80.05,7.47,6.614276352790693,6.207007343390003,4.885342597961426
W_17.225_80.05,2018-11-04,17.225,80.05,1.6,7.944552396546912,6.660219846301678,7.962258815765381
W_17.225_80.05,2019-01-04,17.225,80.05,2.65,3.9906963700421225,5.002648202823826,3.127882719039917
W_17.225_80.05,2019-05-04,17.225,80.05,4.58,8.622828130031692,8.984352179582775,8.6724214553833
W_17.5458_80.65,2015-11-04,17.54583,80.65,7.29,4.564297221873349,5.16704650829742,3.133097887039185
W_17.1867_80.5086,2015-11-04,17.18667,80.50861,8.43,4.644445073433922,4.813833636510528,4.6346211433410645
W_17.1867_80.5086,2016-01-04,17.18667,80.50861,3.55,5.528168517620062,5.884415936163884,4.118342876434326
W_17.1867_80.5086,2016-11-04,17.18667,80.50861,2.55,4.495526918398871,4.429898977103446,3.8698651790618896
W_17.1867_80.5086,2017-01-04,17.18667,80.50861,2.8,5.439232781884448,5.088232425278712,5.271362781524658
W_17.1867_80.5086,2018-11-04,17.18667,80.50861,2.73,7.894385717562882,6.692725300976413,7.962258815765381
W_17.1867_80.5086,2019-01-04,17.18667,80.50861,2.2,4.982912489708262,4.594980287301693,4.732048034667969
W_17.1867_80.5086,2019-05-04,17.18667,80.50861,3.64,7.764555847294058,8.580708139571374,9.063661575317385
W_17.1867_80.5086,2019-10-31,17.18667,80.50861,1.5,4.579104278974623,4.673530903683679,4.275356769561768
W_17.1867_80.5086,2020-01-09,17.18667,80.50861,2.11,4.4587017785726015,4.778541375395824,4.403879165649414
W_17.1867_80.5086,2020-11-29,17.18667,80.50861,1.73,4.0759489680839005,3.45081709677621,2.5641207695007324
W_17.1867_80.5086,2021-01-09,17.18667,80.50861,1.88,3.306327255270543,3.443459196712114,3.31374740600586
W_17.2114_80.5339,2015-11-04,17.21139,80.53389,1.0,4.972642988935157,5.161826662056458,5.431251525878906
W_17.2114_80.5339,2016-11-04,17.21139,80.53389,3.5,4.51510847103265,4.354684766744752,4.531796455383301
W_17.2114_80.5339,2017-01-04,17.21139,80.53389,0.8,5.956081997409641,5.741732757898998,5.386326313018799
W_17.2114_80.5339,2018-11-04,17.21139,80.53389,0.15,7.88888393065288,6.570010122912184,7.962258815765381
W_17.2114_80.5339,2019-01-04,17.21139,80.53389,0.1,5.425747394261333,5.087153668392509,5.84704065322876
W_17.2114_80.5339,2019-05-04,17.21139,80.53389,1.8,10.135251714544683,9.378666886750429,8.223149299621582
W_17.2636_80.4297,2015-11-04,17.26361,80.42972,1.58,5.941166091592434,5.89768663001797,6.943460464477539
W_17.2636_80.4297,2016-11-04,17.26361,80.42972,1.83,5.829646907188311,5.153156344903528,6.542631149291992
W_17.2636_80.4297,2017-01-04,17.26361,80.42972,3.33,7.775125513950261,7.114000460395567,7.564226150512695
W_17.2636_80.4297,2019-01-04,17.26361,80.42972,2.43,5.709202977868599,4.9465897312022,6.248658657073975
W_17.2636_80.4297,2019-05-04,17.26361,80.42972,5.75,9.737537515464576,9.42474311224115,10.319446563720703
W_17.2636_80.4297,2019-10-31,17.26361,80.42972,0.83,5.134377886322445,6.297158664536161,4.275356769561768
W_17.2636_80.4297,2020-01-09,17.26361,80.42972,2.01,5.711559302491145,5.03278070124682,5.758145809173584
W_17.2636_80.4297,2020-11-29,17.26361,80.42972,1.75,3.84219900478697,3.786614282856835,2.98648452758789
W_17.2636_80.4297,2021-01-09,17.26361,80.42972,3.01,3.6040302777820896,4.146146309863354,3.419817924499512
W_16.1275_78.0328,2016-11-04,16.1275,78.03278,7.4,6.40789193542362,5.915468776246101,7.699955940246582
W_16.1275_78.0328,2017-01-04,16.1275,78.03278,9.27,7.7896305278072075,7.845088546325305,7.70182991027832
W_16.1275_78.0328,2018-11-04,16.1275,78.03278,5.9,7.927369818891366,7.440526184551746,7.962258815765381
W_16.1275_78.0328,2019-01-04,16.1275,78.03278,13.57,7.87591945565199,6.2984191860149,10.801523208618164
W_16.1275_78.0328,2019-05-04,16.1275,78.03278,16.09,10.651931607827064,9.832488130959826,11.8346586227417
W_16.1275_78.0328,2019-08-19,16.1275,78.03278,8.02,5.137419136469892,5.674248483029988,8.141362190246582
W_16.1275_78.0328,2019-10-31,16.1275,78.03278,7.25,4.480280703372594,5.9449397859768425,3.848658800125122
W_16.1275_78.0328,2020-01-09,16.1275,78.03278,7.83,5.740249239383272,5.070872822218111,6.821381092071533
W_16.1275_78.0328,2020-11-29,16.1275,78.03278,7.8,4.962010292265634,4.536234143595289,3.473019361495972
W_16.1275_78.0328,2021-01-09,16.1275,78.03278,8.49,4.393657014216725,4.520087159593476,3.780981302261353
W_16.8028_77.9333,2016-11-04,16.80278,77.93333,3.85,6.626278337056104,6.871672919089449,10.863935470581056
W_16.8028_77.9333,2018-11-04,16.80278,77.93333,7.16,7.9624897498636305,9.351885325140277,7.962258815765381
W_16.8028_77.9333,2018-11-11,16.80278,77.93333,3.91,7.9624897498636305,9.351885325140277,7.962258815765381
W_16.8028_77.9333,2018-11-18,16.80278,77.93333,6.02,7.483783914555211,11.956163640135404,6.563130855560303
W_16.8028_77.9333,2018-11-25,16.80278,77.93333,7.04,7.483783914555211,11.956163640135404,6.563130855560303
W_16.8028_77.9333,2018-12-04,16.80278,77.93333,7.16,6.345680649611603,7.343982241175745,6.563130855560303
W_16.8028_77.9333,2018-12-11,16.80278,77.93333,6.09,6.345680649611603,7.343982241175745,6.563130855560303
W_16.8028_77.9333,2018-12-18,16.80278,77.93333,4.99,4.387673187326427,8.909192055811072,22.64487075805664
W_16.8028_77.9333,2018-12-25,16.80278,77.93333,7.17,4.387673187326427,8.909192055811072,22.64487075805664
W_16.8028_77.9333,2019-01-04,16.80278,77.93333,8.67,12.382880109419206,16.26400655432633,22.64487075805664
W_16.8028_77.9333,2019-05-04,16.80278,77.93333,10.38,15.275382901641024,14.64989242635968,18.447343826293945
W_16.8028_77.9333,2019-08-19,16.80278,77.93333,5.54,5.988847945934375,7.809551920455782,13.497130393981934
W_16.8028_77.9333,2019-10-31,16.80278,77.93333,4.74,4.468947266558377,9.570388402641711,2.9865221977233887
W_16.8028_77.9333,2020-01-09,16.80278,77.93333,6.21,8.48334193220802,9.438040124688015,12.284101486206056
W_16.8028_77.9333,2020-11-29,16.80278,77.93333,1.82,4.845983688209352,6.753255372641215,6.637690544128418
W_16.8028_77.9333,2021-01-09,16.80278,77.93333,3.51,7.75074102191194,9.113308429186706,6.979946136474609
W_16.2333_78.0042,2016-11-04,16.23333,78.00417,4.7,6.362426596871395,5.560574274874672,7.174356460571289
W_16.2333_78.0042,2017-01-04,16.23333,78.00417,5.56,7.423428021281953,7.628486832652281,7.4530439376831055
W_16.2333_78.0042,2018-11-04,16.23333,78.00417,3.6,7.954622890074238,7.51876478701061,7.962258815765381
W_16.2333_78.0042,2018-11-11,16.23333,78.00417,3.41,7.954622890074238,7.51876478701061,7.962258815765381
W_16.2333_78.0042,2018-11-18,16.23333,78.00417,3.45,7.355596602085846,6.991013752209164,3.4575297832489014
W_16.2333_78.0042,2018-11-25,16.23333,78.00417,3.48,7.355596602085846,6.991013752209164,3.4575297832489014
W_16.2333_78.0042,2018-12-04,16.23333,78.00417,3.53,3.550478813263277,4.293131937417076,3.4575297832489014
W_16.2333_78.0042,2018-12-11,16.23333,78.00417,3.49,3.550478813263277,4.293131937417076,3.4575297832489014
W_16.2333_78.0042,2018-12-18,16.23333,78.00417,3.43,4.368098095688049,4.7053598467376085,9.725899696350098
W_16.2333_78.0042,2018-12-25,16.23333,78.00417,3.4,4.368098095688049,4.7053598467376085,9.725899696350098
W_16.2333_78.0042,2019-01-04,16.23333,78.00417,3.26,8.050230289515488,6.458767745711664,9.725899696350098
W_16.2333_78.0042,2019-05-04,16.23333,78.00417,5.13,10.817752836076949,10.284038336962311,13.13848876953125
W_16.2333_78.0042,2019-08-19,16.23333,78.00417,2.79,4.909490709275691,5.927971248051479,8.860529899597168
W_16.2333_78.0042,2019-10-31,16.23333,78.00417,3.32,4.516117487140513,6.551956018103665,3.929450750350952
W_16.2333_78.0042,2020-01-09,16.23333,78.00417,1.98,5.815898285920021,5.252662397981002,7.106283664703369
W_16.2333_78.0042,2020-11-29,16.23333,78.00417,2.35,4.585987896760607,4.500579668759427,3.258690357208252
W_16.2333_78.0042,2021-01-09,16.23333,78.00417,3.6,4.026176344281253,4.349573967039543,4.008167743682861
W_16.3931_78.1469,2016-11-04,16.39306,78.14694,1.3,7.567625851981021,7.033438669966799,10.465481758117676
W_16.3931_78.1469,2018-11-04,16.39306,78.14694,1.15,7.949539312514462,9.07090589660727,7.962258815765381
W_16.3931_78.1469,2019-01-04,16.39306,78.14694,0.72,8.824675977700768,9.087010335350104,11.135589599609377
W_16.3931_78.1469,2019-05-04,16.39306,78.14694,1.58,10.35042565306557,10.954728446710067,12.75247573852539
W_16.3931_78.1469,2019-08-19,16.39306,78.14694,0.24,4.919507584806744,6.015381172917231,11.953583717346191
W_16.3931_78.1469,2019-10-31,16.39306,78.14694,0.65,5.113439172525693,9.666572015188766,4.192910194396973
W_16.3931_78.1469,2020-01-09,16.39306,78.14694,0.63,6.335072170464687,6.278515196670254,6.764739990234375
W_16.3931_78.1469,2020-11-29,16.39306,78.14694,0.53,4.674331602764585,5.246364149139442,3.370957136154175
W_16.3931_78.1469,2021-01-09,16.39306,78.14694,1.36,4.918069323298036,4.841987106554936,4.651989459991455
W_16.9447_78.1781,2016-11-04,16.94472,78.17806,16.65,20.226871348921282,18.20384556025896,21.11371421813965
W_16.9447_78.1781,2018-11-04,16.94472,78.17806,15.0,7.977819306069473,6.815522636813483,7.962258815765381
W_16.9447_78.1781,2019-01-04,16.94472,78.17806,18.95,20.667792433327456,21.664029495111585,29.482498168945312
W_16.9447_78.1781,2019-05-04,16.94472,78.17806,19.12,16.39675382211527,14.582704685092576,23.876365661621094
W_16.9447_78.1781,2019-08-19,16.94472,78.17806,16.17,7.060957806003478,10.366114049612786,24.37993621826172
W_16.9447_78.1781,2019-10-31,16.94472,78.17806,11.2,4.683495704220189,12.027668916741831,4.229785919189453
W_16.9447_78.1781,2020-01-09,16.94472,78.17806,11.52,19.42170168183019,17.063468522972244,24.735055923461918
W_16.9447_78.1781,2020-11-29,16.94472,78.17806,4.75,7.746714724461513,9.6186758914897,9.522587776184082
W_16.9447_78.1781,2021-01-09,16.94472,78.17806,7.92,9.497468180870777,11.27741885040217,9.259580612182615
W_16.8167_77.5,2017-01-04,16.81667,77.5,10.78,5.930627232966191,5.779758520612209,6.030314922332764
W_16.39_78.3581,2016-11-04,16.39,78.35806,13.15,6.172918864698079,6.586571554565244,5.144839286804199
W_16.39_78.3581,2018-11-04,16.39,78.35806,8.2,7.954968420069924,7.689287991397016,7.962258815765381
W_16.39_78.3581,2019-01-04,16.39,78.35806,7.8,7.972172380826567,9.27790578068394,7.472681999206543
W_16.39_78.3581,2019-05-04,16.39,78.35806,9.28,9.914201146627352,10.921205576366376,8.167972564697266
W_16.39_78.3581,2019-08-19,16.39,78.35806,8.55,5.108903378799681,6.609807826491252,4.411410331726074
W_16.39_78.3581,2019-10-31,16.39,78.35806,5.67,5.1416371374170975,5.273551326471015,4.275356769561768
W_16.39_78.3581,2020-01-09,16.39,78.35806,5.41,5.116674424865939,6.066176939210343,3.0418710708618164
W_16.39_78.3581,2020-11-29,16.39,78.35806,0.7,4.7102426610797945,5.525779968459446,3.5548975467681885
W_16.39_78.3581,2021-01-09,16.39,78.35806,2.08,5.448308168195471,5.063734854484078,5.367051601409912
W_16.2956_78.5639,2016-11-04,16.29556,78.56389,37.1,5.328943127550022,5.427753133419497,5.407131195068359
W_16.2956_78.5639,2017-01-04,16.29556,78.56389,39.12,6.922287946460166,6.617778789947338,6.64182186126709
W_16.2956_78.5639,2018-11-04,16.29556,78.56389,28.4,7.956991235347785,7.5260198720401075,7.962258815765381
W_16.2956_78.5639,2019-01-04,16.29556,78.56389,31.58,7.6029718447584465,8.390101997149868,7.792446136474609
W_16.2956_78.5639,2019-05-04,16.29556,78.56389,41.83,10.675535614183403,9.398348626002742,10.564974784851074
W_16.2956_78.5639,2019-08-19,16.29556,78.56389,41.7,5.956274296970407,5.91008232344931,5.997071743011475
W_16.2956_78.5639,2019-10-31,16.29556,78.56389,7.42,5.242114772627664,5.18301387655188,4.275356769561768
W_16.2956_78.5639,2020-01-09,16.29556,78.56389,12.89,6.767301354063222,6.508222595506959,5.960570335388184
W_16.2956_78.5639,2020-11-29,16.29556,78.56389,5.5,5.366945534256486,4.251653361515997,3.8121633529663086
W_16.2956_78.5639,2021-01-09,16.29556,78.56389,11.36,5.311826344212165,5.2480215079103845,5.5417585372924805
W_16.5569_77.96,2016-11-04,16.55694,77.96,15.95,10.729109224737286,9.154596954022818,13.954435348510742
W_16.5569_77.96,2018-11-04,16.55694,77.96,17.3,7.958300837548992,9.30987821068209,7.962258815765381
W_16.5569_77.96,2019-01-04,16.55694,77.96,15.89,10.038632526223665,10.912038814612428,15.238372802734377
W_16.5569_77.96,2019-05-04,16.55694,77.96,16.95,12.6737752058228,11.802822146688412,13.481499671936035
W_16.5569_77.96,2019-08-19,16.55694,77.96,17.83,4.867111222946079,6.005420441376177,11.174355506896973
W_16.5569_77.96,2019-10-31,16.55694,77.96,10.1,5.461477850190146,8.325465498691528,3.578721761703491
W_16.5569_77.96,2020-01-09,16.55694,77.96,11.6,7.403713312231977,7.447407216045463,12.137199401855469
W_16.5569_77.96,2020-11-29,16.55694,77.96,5.6,4.579540248755024,5.108996953244921,5.340038299560547
W_16.5569_77.96,2021-01-09,16.55694,77.96,6.3,7.030378373469418,7.262412916744366,5.537649154663086
W_16.1606_77.9283,2016-11-04,16.16056,77.92833,6.25,6.40789193542362,5.915468776246101,7.699955940246582
W_16.1606_77.9283,2017-01-04,16.16056,77.92833,9.05,7.7896305278072075,7.845088546325305,7.70182991027832
W_16.1606_77.9283,2018-11-04,16.16056,77.92833,3.05,7.927369818891366,7.440526184551746,7.962258815765381
W_16.1606_77.9283,2019-01-04,16.16056,77.92833,2.75,7.87591945565199,6.2984191860149,10.801523208618164
W_16.1606_77.9283,2019-05-04,16.16056,77.92833,5.28,10.651931607827064,9.832488130959826,11.8346586227417
W_16.1606_77.9283,2019-08-19,16.16056,77.92833,8.0,5.137419136469892,5.674248483029988,8.141362190246582
W_16.1606_77.9283,2019-10-31,16.16056,77.92833,0.65,4.480280703372594,5.9449397859768425,3.848658800125122
W_16.1606_77.9283,2020-01-09,16.16056,77.92833,0.91,5.740249239383272,5.070872822218111,6.821381092071533
W_16.1606_77.9283,2020-11-29,16.16056,77.92833,0.56,4.962010292265634,4.536234143595289,3.473019361495972
W_16.1606_77.9283,2021-01-09,16.16056,77.92833,1.08,4.393657014216725,4.520087159593476,3.780981302261353
W_15.8889_78.15,2016-11-04,15.88889,78.15,2.83,4.1666399038790125,5.295849232786735,3.596047878265381
W_15.8889_78.15,2017-01-04,15.88889,78.15,4.43,5.348119213128435,4.7763737643221535,5.421409130096436
W_15.8889_78.15,2018-11-04,15.88889,78.15,4.23,7.977879334766387,6.787033468900651,7.962258815765381
W_15.8889_78.15,2019-01-04,15.88889,78.15,4.44,7.463118859507442,7.781179151041235,6.652585029602051
W_15.8889_78.15,2019-05-04,15.88889,78.15,4.18,10.029295636726596,9.76372530493304,7.24509859085083
W_15.8889_78.15,2019-08-19,15.88889,78.15,2.27,6.146168660767651,5.945920334916385,3.540576934814453
W_15.8889_78.15,2019-10-31,15.88889,78.15,2.08,5.216192026726805,4.14370108585322,4.124100208282471
W_15.8889_78.15,2020-01-09,15.88889,78.15,4.41,5.005120352030877,5.283816017649535,4.343251705169678
W_15.8889_78.15,2020-11-29,15.88889,78.15,1.73,4.40043258892061,4.407652558445409,3.0635690689086914
W_15.8889_78.15,2021-01-09,15.88889,78.15,2.18,3.44253579271811,3.916064455793319,3.096710443496704
W_16.6108_78.3108,2016-11-04,16.61083,78.31083,8.4,13.735398438704339,12.784006618432972,17.83684539794922
W_16.6108_78.3108,2018-11-04,16.61083,78.31083,5.87,7.960059649729104,10.649581223033174,7.962258815765381
W_16.6108_78.3108,2019-01-04,16.61083,78.31083,5.39,15.068763052517767,16.96479841695824,22.130054473876957
W_16.6108_78.3108,2019-05-04,16.61083,78.31083,5.47,14.773076441692282,13.911611753665303,15.58305835723877
W_16.6108_78.3108,2019-08-19,16.61083,78.31083,7.37,6.688366475286241,8.914282008829325,12.819826126098633
W_16.6108_78.3108,2019-10-31,16.61083,78.31083,3.91,4.969916238726124,9.54909793871651,4.275356769561768
W_16.6108_78.3108,2020-01-09,16.61083,78.31083,4.21,10.680565156890726,13.321545676273708,14.418062210083008
W_16.6108_78.3108,2020-11-29,16.61083,78.31083,2.99,5.110648636825986,6.667917430593496,7.4933037757873535
W_16.6108_78.3108,2021-01-09,16.61083,78.31083,3.52,8.281005666666488,9.420216886838844,8.090889930725098
W_16.5781_78.5639,2016-11-04,16.57806,78.56389,16.05,7.255188431248157,6.881971907938971,8.960258483886719
W_16.5781_78.5639,2018-11-04,16.57806,78.56389,11.55,7.962118323299755,8.151417368556583,7.962258815765381
W_16.5781_78.5639,2019-01-04,16.57806,78.56389,12.15,13.11416415903125,11.230971981862004,13.864275932312012
W_16.5781_78.5639,2019-05-04,16.57806,78.56389,15.06,11.10012337708057,11.625398748467088,10.957242012023926
W_16.5781_78.5639,2019-08-19,16.57806,78.56389,6.55,5.119400340193052,6.251108221682057,8.809834480285645
W_16.5781_78.5639,2019-10-31,16.57806,78.56389,7.05,5.0198706305770155,7.013158276158771,4.275356769561768
W_16.5781_78.5639,2020-01-09,16.57806,78.56389,4.83,8.258112175144907,7.424245662920256,9.553936958312988
W_16.5781_78.5639,2020-11-29,16.57806,78.56389,5.25,4.920221097815719,5.885845605097628,5.814167499542236
W_16.5781_78.5639,2021-01-09,16.57806,78.56389,6.81,7.297003778825912,7.147777542987483,7.365796089172363
W_16.5781_78.5639,2016-11-04,16.57806,78.56389,7.9,7.255188431248157,6.881971907938971,8.960258483886719
W_16.5781_78.5639,2018-11-04,16.57806,78.56389,13.1,7.962118323299755,8.151417368556583,7.962258815765381
W_16.5781_78.5639,2019-01-04,16.57806,78.56389,13.81,13.114164159031247,11.230971981862004,13.864275932312012
W_16.5781_78.5639,2019-05-04,16.57806,78.56389,18.92,11.10012337708057,11.625398748467088,10.957242012023926
W_16.5781_78.5639,2019-08-19,16.57806,78.56389,19.6,5.119400340193051,6.251108221682057,8.809834480285645
W_16.5781_78.5639,2019-10-31,16.57806,78.56389,12.13,5.0198706305770155,7.013158276158771,4.275356769561768
W_16.5781_78.5639,2020-01-09,16.57806,78.56389,14.89,8.258112175144907,7.424245662920256,9.553936958312988
W_16.5781_78.5639,2020-11-29,16.57806,78.56389,1.8,4.920221097815719,5.885845605097628,5.814167499542236
W_16.5781_78.5639,2021-01-09,16.57806,78.56389,4.26,7.297003778825912,7.147777542987483,7.365796089172363
W_16.1606_77.9283,2016-11-04,16.16056,77.92833,11.4,6.40789193542362,5.915468776246101,7.699955940246582
W_16.1606_77.9283,2017-01-04,16.16056,77.92833,4.17,7.7896305278072075,7.845088546325305,7.70182991027832
W_16.1606_77.9283,2018-11-04,16.16056,77.92833,3.5,7.927369818891366,7.440526184551746,7.962258815765381
W_16.1606_77.9283,2019-01-04,16.16056,77.92833,25.85,7.87591945565199,6.2984191860149,10.801523208618164
W_16.1606_77.9283,2019-05-04,16.16056,77.92833,4.65,10.651931607827064,9.832488130959826,11.8346586227417
W_16.1606_77.9283,2019-08-19,16.16056,77.92833,2.38,5.137419136469892,5.674248483029988,8.141362190246582
W_16.1606_77.9283,2019-10-31,16.16056,77.92833,1.65,4.480280703372594,5.9449397859768425,3.848658800125122
W_16.1606_77.9283,2020-01-09,16.16056,77.92833,2.95,5.740249239383272,5.070872822218111,6.821381092071533
W_16.1606_77.9283,2020-11-29,16.16056,77.92833,1.56,4.962010292265634,4.536234143595289,3.473019361495972
W_16.1606_77.9283,2021-01-09,16.16056,77.92833,3.18,4.393657014216725,4.520087159593476,3.780981302261353
W_16.3747_78.82,2016-11-04,16.37472,78.82,15.95,11.197547177504845,10.278573310260008,12.763397216796877
W_16.3747_78.82,2018-11-04,16.37472,78.82,22.45,7.901982899770285,9.814028898987678,7.962258815765381
W_16.3747_78.82,2019-01-04,16.37472,78.82,22.04,10.893477781708643,10.022373246896985,14.808425903320312
W_16.3747_78.82,2019-05-04,16.37472,78.82,20.4,11.60563898025694,10.474756791422784,17.604110717773438
W_16.3747_78.82,2019-08-19,16.37472,78.82,20.22,8.030066944927544,7.052900689041242,15.180277824401855
W_16.3747_78.82,2019-10-31,16.37472,78.82,18.32,5.3437223016739575,10.976353741267436,4.275356769561768
W_16.3747_78.82,2020-01-09,16.37472,78.82,18.73,10.92318772635937,7.704305581949896,14.37334442138672
W_16.3747_78.82,2020-11-29,16.37472,78.82,15.05,5.89378741905148,5.355525347670066,7.120763301849365
W_16.3747_78.82,2021-01-09,16.37472,78.82,13.79,7.882525218311901,8.68075675925638,7.50100040435791
W_17.6694_78.9469,2016-11-04,17.66944,78.94694,19.53,10.034642414673439,11.895929823793471,7.340243339538574
W_17.6694_78.9469,2017-01-04,17.66944,78.94694,15.78,8.185285072515747,8.72817203975937,9.735311508178713
W_17.6694_78.9469,2019-10-31,17.66944,78.94694,16.78,5.952459962418693,7.328249493531267,4.275356769561768
W_17.6694_78.9469,2020-01-09,17.66944,78.94694,17.18,9.010755865943386,8.460500737292765,5.687179565429688
W_17.6694_78.9469,2020-11-29,17.66944,78.94694,11.96,3.927682360647472,4.384524263704162,3.1366841793060303
W_17.6694_78.9469,2021-01-09,17.66944,78.94694,10.43,5.315138379260985,5.17236169945317,5.282009124755859
W_17.0925_79.7764,2016-11-04,17.0925,79.77639,4.98,4.073435124026903,4.316467505479452,2.6090455055236816
W_17.0925_79.7764,2017-01-04,17.0925,79.77639,6.75,4.285373544124458,4.023908292472634,3.851992607116699
W_17.0925_79.7764,2018-11-04,17.0925,79.77639,2.8,7.961787493092358,6.671819350549976,7.962258815765381
W_17.0925_79.7764,2019-01-04,17.0925,79.77639,5.72,4.282494934683115,5.267820927365747,3.2627620697021484
W_17.0925_79.7764,2019-05-04,17.0925,79.77639,8.36,7.667294801256806,9.042239973737992,5.428099155426025
W_17.0925_79.7764,2019-10-31,17.0925,79.77639,3.0,5.237202839926114,4.626165920385899,4.275356769561768
W_17.0925_79.7764,2020-01-09,17.0925,79.77639,4.96,4.644078949817919,4.836226162932324,4.335942268371582
W_17.0925_79.7764,2020-11-29,17.0925,79.77639,3.22,3.9755815093775158,3.754631185854363,2.14068341255188
W_17.0925_79.7764,2021-01-09,17.0925,79.77639,2.95,3.002209010532041,3.4217684011690266,2.779839038848877
W_17.3231_79.1578,2015-08-24,17.32306,79.15778,4.59,7.361723230389695,8.20621342345315,6.403749942779541
W_17.3231_79.1578,2016-01-04,17.32306,79.15778,7.95,8.361354487412457,7.725543894334483,6.738031387329102
W_17.3231_79.1578,2016-11-04,17.32306,79.15778,5.26,4.393859980124683,4.364603073722375,4.6887383460998535
W_17.3231_79.1578,2017-08-24,17.32306,79.15778,6.64,6.16080050415565,6.713313368069162,6.4344329833984375
W_17.3231_79.1578,2018-11-04,17.32306,79.15778,9.42,7.913776970252169,7.69506897339646,7.962258815765381
W_17.3231_79.1578,2019-01-04,17.32306,79.15778,9.48,9.097520471143339,8.245346690533472,9.716205596923828
W_17.3231_79.1578,2019-05-04,17.32306,79.15778,9.28,11.113489039270412,10.47827219861168,10.361011505126951
W_17.3231_79.1578,2019-10-31,17.32306,79.15778,7.75,5.441599115136761,5.497419692678108,4.275356769561768
W_17.3231_79.1578,2020-01-09,17.32306,79.15778,8.21,6.281085503075942,5.32223929176167,6.347507476806641
W_17.3231_79.1578,2020-11-29,17.32306,79.15778,5.74,5.156279939290732,3.782698866330324,3.068939447402954
W_17.3231_79.1578,2021-01-09,17.32306,79.15778,9.37,4.579189327401576,4.645657196365404,4.468466758728027
W_16.9322_79.6392,2016-11-04,16.93222,79.63917,3.48,4.183627283107632,4.324643797439151,2.9620203971862797
W_16.9322_79.6392,2017-01-04,16.93222,79.63917,1.45,4.522480891607764,4.276268888007637,4.211807727813721
W_16.9322_79.6392,2018-11-04,16.93222,79.63917,2.5,7.961787493092359,6.444419160738599,7.962258815765381
W_16.9322_79.6392,2019-01-04,16.93222,79.63917,0.84,5.212318021417019,5.184141394467485,4.08491849899292
W_16.9322_79.6392,2019-05-04,16.93222,79.63917,3.32,8.09766650515414,9.107319275294785,5.997765064239502
W_16.9322_79.6392,2019-10-31,16.93222,79.63917,0.52,4.957097802009138,4.451125260735811,4.275356769561768
W_16.9322_79.6392,2020-01-09,16.93222,79.63917,2.46,4.291567618218818,4.87612567210225,3.8418896198272714
W_16.9322_79.6392,2020-11-29,16.93222,79.63917,0.94,4.004783976129224,3.670791221653432,2.542779922485352
W_16.9322_79.6392,2021-01-09,16.93222,79.63917,0.6,3.3188010540766832,3.652478490779009,3.1273648738861084
W_17.095_78.8917,2016-11-04,17.095,78.89167,23.04,19.068745374753135,17.66388123409547,17.29991912841797
W_17.075_79.0764,2016-11-04,17.075,79.07639,6.8,5.638280530662709,5.280501658264385,8.949647903442383
W_17.075_79.0764,2018-11-04,17.075,79.07639,7.81,7.9509637424230535,7.834253534198605,7.962258815765381
W_17.075_79.0764,2019-01-04,17.075,79.07639,8.71,9.915498174749402,8.497352202498034,12.015764236450195
W_17.075_79.0764,2019-10-31,17.075,79.07639,9.0,5.046703479774877,6.696092231474688,4.275356769561768
W_17.075_79.0764,2020-01-09,17.075,79.07639,7.4,9.767457559244747,6.320779213233536,12.684974670410156
W_17.075_79.0764,2020-11-29,17.075,79.07639,5.72,5.466639793815306,3.970562951063189,4.58613920211792
W_17.075_79.0764,2021-01-09,17.075,79.07639,5.88,6.116913694988236,6.161827114641464,6.317029476165772
W_17.0447_79.0447,2016-11-04,17.04472,79.04472,6.1,5.638280530662709,5.280501658264385,8.949647903442383
W_17.0447_79.0447,2018-11-04,17.04472,79.04472,14.06,7.9509637424230535,7.834253534198605,7.962258815765381
W_17.0447_79.0447,2019-01-04,17.04472,79.04472,12.5,9.915498174749402,8.497352202498034,12.015764236450195
W_17.0447_79.0447,2019-05-04,17.04472,79.04472,15.23,11.251337659777182,10.338070162698562,11.156777381896973
W_17.0447_79.0447,2019-10-31,17.04472,79.04472,8.35,5.046703479774877,6.696092231474688,4.275356769561768
W_17.0447_79.0447,2020-01-09,17.04472,79.04472,7.3,9.767457559244747,6.320779213233536,12.684974670410156
W_17.0447_79.0447,2020-11-29,17.04472,79.04472,2.11,5.466639793815305,3.970562951063189,4.58613920211792
W_17.0447_79.0447,2021-01-09,17.04472,79.04472,4.23,6.116913694988237,6.161827114641464,6.317029476165772
W_17.5272_78.8831,2015-08-24,17.52722,78.88306,7.42,9.963316763696476,10.428331295548295,9.04860019683838
W_17.5272_78.8831,2016-01-04,17.52722,78.88306,7.55,13.031840640139269,11.650858667999795,13.448861122131348
W_17.5272_78.8831,2016-11-04,17.52722,78.88306,4.13,6.496581355042598,7.414158751032391,7.302989482879639
W_17.5272_78.8831,2017-08-24,17.52722,78.88306,6.2,5.787331900773687,7.611489967702221,8.096303939819336
W_17.5272_78.8831,2018-11-04,17.52722,78.88306,6.44,7.845429727739049,7.018349239761763,7.962258815765381
W_17.5272_78.8831,2019-01-04,17.52722,78.88306,8.8,11.304308643470195,11.020665472230425,9.905555725097656
W_17.5272_78.8831,2019-05-04,17.52722,78.88306,8.82,12.271716899360932,12.031038551392724,12.659212112426758
W_17.5272_78.8831,2019-10-31,17.52722,78.88306,3.0,5.150658194398802,7.6830382325467905,4.275356769561768
W_17.5272_78.8831,2020-01-09,17.52722,78.88306,5.98,7.880100649172085,7.430263512430903,5.145373344421387
W_17.5272_78.8831,2020-11-29,17.52722,78.88306,3.46,3.9963402462427915,3.974543802174715,3.052527666091919
W_17.5272_78.8831,2021-01-09,17.52722,78.88306,4.5,5.207691465287694,4.876545591388855,5.134257316589356
W_17.1439_79.6067,2016-11-04,17.14389,79.60667,2.2,4.5438428988591015,4.475148278761063,4.117696285247803
W_17.1439_79.6067,2017-01-04,17.14389,79.60667,2.9,5.864883790799007,5.290705934654025,5.223174095153809
W_17.1439_79.6067,2018-11-04,17.14389,79.60667,1.2,7.9595166812792195,6.718090131407444,7.962258815765381
W_17.1439_79.6067,2019-01-04,17.14389,79.60667,3.29,4.719693411035386,5.86677118716436,3.861654996871948
W_17.1439_79.6067,2019-05-04,17.14389,79.60667,4.4,8.778098850838024,9.218208258295268,7.260951042175293
W_17.1439_79.6067,2019-10-31,17.14389,79.60667,1.55,4.911716275657111,4.432265857657157,4.275356769561768
W_17.1439_79.6067,2020-01-09,17.14389,79.60667,4.2,3.6194663049545786,4.846465699102665,2.9615838527679443
W_17.1439_79.6067,2020-11-29,17.14389,79.60667,1.92,4.1199352433477205,3.6747697719286343,1.932478189468384
W_17.1439_79.6067,2021-01-09,17.14389,79.60667,2.76,2.935050330381896,3.334123948670677,2.5411221981048584
W_16.9972_79.9667,2016-11-04,16.99722,79.96667,3.03,4.332452432891854,4.455409168614093,3.206641674041748
W_16.9972_79.9667,2017-01-04,16.99722,79.96667,3.13,4.549073311413247,4.548073806643402,4.171435356140137
W_16.9972_79.9667,2018-11-04,16.99722,79.96667,5.26,7.958878158243497,7.171221186567736,7.962258815765381
W_16.9972_79.9667,2018-11-11,16.99722,79.96667,3.56,7.958878158243497,7.171221186567736,7.962258815765381
W_16.9972_79.9667,2018-11-18,16.99722,79.96667,3.66,7.126266226038777,6.235110544981965,4.038671493530273
W_16.9972_79.9667,2018-11-25,16.99722,79.96667,3.71,7.126266226038779,6.235110544981965,4.038671493530273
W_16.9972_79.9667,2018-12-04,16.99722,79.96667,3.76,3.597367968879982,4.015398116678742,4.038671493530273
W_16.9972_79.9667,2018-12-11,16.99722,79.96667,3.86,3.597367968879982,4.015398116678742,4.038671493530273
W_16.9972_79.9667,2018-12-18,16.99722,79.96667,3.81,4.77933557457517,3.572473237601989,4.582980155944824
W_16.9972_79.9667,2018-12-25,16.99722,79.96667,3.91,4.77933557457517,3.572473237601989,4.582980155944824
W_16.9972_79.9667,2019-01-04,16.99722,79.96667,3.96,5.16717908587975,5.565792851905895,4.582980155944824
W_16.9972_79.9667,2019-05-04,16.99722,79.96667,5.76,9.058869999501477,8.638462639871126,10.110835075378418
W_16.9972_79.9667,2019-10-31,16.99722,79.96667,2.26,4.855084681000526,4.354916692326345,4.275356769561768
W_16.9972_79.9667,2020-01-09,16.99722,79.96667,2.56,6.355177096048149,4.765806891618428,11.048982620239258
W_16.9972_79.9667,2020-11-29,16.99722,79.96667,1.93,3.998769373826965,3.4030050012450093,2.649585485458374
W_16.9972_79.9667,2021-01-09,16.99722,79.96667,2.12,3.386887922843537,3.67466732326492,3.0285191535949707
W_17.0447_79.0447,2019-01-04,17.04472,79.04472,12.46,9.915498174749402,8.497352202498034,12.015764236450195
W_17.0447_79.0447,2021-01-09,17.04472,79.04472,4.45,6.116913694988237,6.161827114641464,6.317029476165772
W_16.9247_79.7325,2016-11-04,16.92472,79.7325,0.14,4.183627283107632,4.324643797439151,2.9620203971862797
W_16.9247_79.7325,2017-01-04,16.92472,79.7325,4.09,4.522480891607764,4.276268888007637,4.211807727813721
W_16.9247_79.7325,2019-10-31,16.92472,79.7325,3.96,4.957097802009138,4.451125260735811,4.275356769561768
W_16.9247_79.7325,2020-11-29,16.92472,79.7325,1.92,4.004783976129224,3.670791221653432,2.542779922485352
W_16.9247_79.7325,2021-01-09,16.92472,79.7325,3.78,3.3188010540766832,3.652478490779009,3.1273648738861084
W_17.7403_78.9222,2015-08-24,17.74028,78.92222,26.2,11.038813628220785,10.709438330801476,14.070085525512695
W_17.7403_78.9222,2016-11-04,17.74028,78.92222,13.35,5.910351690494914,7.562503647946035,5.773541927337647
W_17.7403_78.9222,2017-01-04,17.74028,78.92222,13.3,7.010756547227914,7.407943835068502,8.502567291259766
W_17.7403_78.9222,2017-08-24,17.74028,78.92222,17.65,5.8045361834000735,7.798038162470346,9.334064483642578
W_17.7403_78.9222,2019-10-31,17.74028,78.92222,10.9,5.377578195869617,6.1659067384221,4.275356769561768
W_17.7403_78.9222,2020-01-09,17.74028,78.92222,10.45,8.458387014067434,8.006788554357614,6.573864459991455
W_17.7403_78.9222,2020-11-29,17.74028,78.92222,3.45,3.9943162711636675,4.468711769067844,3.127970695495605
W_17.7403_78.9222,2021-01-09,17.74028,78.92222,6.84,5.344646692083196,5.309905050084431,5.397743225097656
W_16.8667_79.8833,2016-11-04,16.86667,79.88333,1.54,4.5954380423976335,4.409290268595532,5.054841041564941
W_16.8667_79.8833,2017-01-04,16.86667,79.88333,2.32,6.695377496857839,6.006003727919199,5.899269104003906
W_16.8667_79.8833,2018-11-04,16.86667,79.88333,3.09,7.958984815253319,6.79734966880272,7.962258815765381
W_16.8667_79.8833,2019-01-04,16.86667,79.88333,3.46,5.804247840562557,5.969969672788722,5.826573848724365
W_16.8667_79.8833,2019-05-04,16.86667,79.88333,4.12,9.089638317080903,8.415635752286375,10.62096881866455
W_16.8667_79.8833,2019-10-31,16.86667,79.88333,1.1,4.980857818808157,4.791835784816412,4.275356769561768
W_16.8667_79.8833,2020-01-09,16.86667,79.88333,2.17,6.410037927203769,4.711818625020807,9.457025527954102
W_16.8667_79.8833,2020-11-29,16.86667,79.88333,1.57,4.145203253227847,3.292363412671227,3.10099720954895
W_16.8667_79.8833,2021-01-09,16.86667,79.88333,1.77,3.539653382069029,3.78140752385432,3.1760919094085693
W_17.3956_78.8047,2016-11-04,17.39556,78.80472,4.12,5.846440886652065,6.037739095638753,6.250870704650879
W_16.9558_79.9719,2016-11-04,16.95583,79.97194,11.51,4.332452432891854,4.455409168614093,3.206641674041748
W_16.9558_79.9719,2017-01-04,16.95583,79.97194,1.5,4.549073311413247,4.548073806643402,4.171435356140137
W_16.9558_79.9719,2018-11-04,16.95583,79.97194,2.5,7.958878158243497,7.171221186567736,7.962258815765381
W_16.9558_79.9719,2019-01-04,16.95583,79.97194,4.59,5.16717908587975,5.565792851905895,4.582980155944824
W_16.9558_79.9719,2019-05-04,16.95583,79.97194,5.9,9.058869999501477,8.638462639871126,10.110835075378418
W_16.9558_79.9719,2019-10-31,16.95583,79.97194,3.75,4.855084681000526,4.354916692326345,4.275356769561768
W_16.9558_79.9719,2020-01-09,16.95583,79.97194,4.17,6.355177096048148,4.765806891618428,11.048982620239258
W_16.9558_79.9719,2020-11-29,16.95583,79.97194,2.64,3.998769373826965,3.4030050012450093,2.649585485458374
W_16.9558_79.9719,2021-01-09,16.95583,79.97194,3.44,3.386887922843537,3.67466732326492,3.0285191535949707
W_17.075_79.1117,2016-11-04,17.075,79.11167,1.84,4.498729384702913,4.8373849237896005,4.231764793395996
W_17.075_79.1117,2017-01-04,17.075,79.11167,3.09,5.926735387918373,5.780956333171797,5.700435638427734
W_17.075_79.1117,2018-11-04,17.075,79.11167,5.39,7.95815005042095,7.398176844147109,7.962258815765381
W_17.075_79.1117,2019-01-04,17.075,79.11167,5.16,7.130742780878909,7.528740223195392,9.045592308044434
W_17.075_79.1117,2019-05-04,17.075,79.11167,7.08,11.20744598786937,10.350067439875374,12.50344944000244
W_17.075_79.1117,2019-10-31,17.075,79.11167,0.51,5.1420949885668215,5.954172831633885,4.275356769561768
W_17.075_79.1117,2020-01-09,17.075,79.11167,1.57,5.502802397733707,5.351914406733324,6.563621520996094
W_17.075_79.1117,2020-11-29,17.075,79.11167,0.41,5.1233799558797735,3.952085518850917,3.590824604034424
W_17.075_79.1117,2021-01-09,17.075,79.11167,1.58,5.083856537745913,5.219472255884698,5.185064792633057
W_16.725_79.2069,2016-11-04,16.725,79.20694,3.4,4.818002250054544,5.105849263593026,4.772144317626953
W_16.725_79.2069,2017-01-04,16.725,79.20694,3.9,6.68010120377495,6.276839174514992,6.350231170654297
W_16.725_79.2069,2018-11-04,16.725,79.20694,3.52,7.957223468533267,7.767069254139905,7.962258815765381
W_16.725_79.2069,2018-11-11,16.725,79.20694,3.47,7.957223468533267,7.767069254139905,7.962258815765381
W_16.725_79.2069,2018-11-18,16.725,79.20694,3.45,7.034691290448894,6.569979424906324,4.995606899261475
W_16.725_79.2069,2018-11-25,16.725,79.20694,3.52,7.034691290448894,6.569979424906324,4.995606899261475
W_16.725_79.2069,2018-12-04,16.725,79.20694,3.55,4.6812550390314,4.906331874572155,4.995606899261475
W_16.725_79.2069,2018-12-11,16.725,79.20694,3.57,4.6812550390314005,4.906331874572155,4.995606899261475
W_16.725_79.2069,2018-12-18,16.725,79.20694,3.6,5.217242483008732,4.486882394623868,5.770200252532959
W_16.725_79.2069,2018-12-25,16.725,79.20694,3.58,5.217242483008732,4.486882394623868,5.770200252532959
W_16.725_79.2069,2019-01-04,16.725,79.20694,3.94,6.6540898085443585,7.314350017716814,5.770200252532959
W_16.725_79.2069,2019-05-04,16.725,79.20694,4.15,11.39356160219106,10.12469379302138,10.216169357299805
W_16.725_79.2069,2019-10-31,16.725,79.20694,3.42,5.29893868774087,4.879007219413001,4.275356769561768
W_16.725_79.2069,2020-01-09,16.725,79.20694,3.72,4.838224076435483,5.244892084734433,3.485083818435669
W_16.725_79.2069,2020-11-29,16.725,79.20694,3.05,4.014816661357287,4.313860001916694,3.727672815322876
W_16.725_79.2069,2021-01-09,16.725,79.20694,3.52,5.160641319403036,5.136471008880027,5.632729530334473
W_17.2278_79.5731,2016-01-04,17.22778,79.57306,6.95,9.676890746011253,8.591073850750188,9.36680793762207
W_17.2278_79.5731,2016-11-04,17.22778,79.57306,1.03,7.8311588600688005,8.536607733548017,6.694568634033203
W_17.2278_79.5731,2019-01-04,17.22778,79.57306,6.14,6.027826277354581,6.406692745186989,6.53453540802002
W_17.2278_79.5731,2019-05-04,17.22778,79.57306,8.63,10.16810793650998,9.695050582075336,10.001866340637209
W_17.2278_79.5731,2019-10-31,17.22778,79.57306,0.48,5.842854199081726,6.115621493713345,4.275356769561768
W_17.2278_79.5731,2020-01-09,17.22778,79.57306,3.43,4.920374461631481,5.068595451324842,5.201395034790039
W_17.2278_79.5731,2020-11-29,17.22778,79.57306,1.22,4.45386474424953,3.995927572594504,2.297477960586548
W_17.2278_79.5731,2021-01-09,17.22778,79.57306,0.9,3.1513892241024295,3.800070817241108,2.641517400741577
W_17.3667_79.7167,2016-01-04,17.36667,79.71667,8.23,9.13260422024834,8.824776708412255,9.661283493041992
W_17.3667_79.7167,2016-11-04,17.36667,79.71667,9.25,5.721167920565276,4.775125208802666,6.05620002746582
W_17.3667_79.7167,2020-01-09,17.36667,79.71667,7.49,4.259026895188281,4.985861082183623,3.9192025661468506
W_17.3667_79.7167,2020-11-29,17.36667,79.71667,1.02,4.473231667709748,3.8614400867116734,1.8952178955078125
W_17.3667_79.7167,2021-01-09,17.36667,79.71667,1.78,2.954620664249026,3.471393305730878,2.475624084472656
W_16.6911_78.9189,2016-11-04,16.69111,78.91889,3.28,5.5262407746321225,5.244758503215418,6.310954570770264
W_16.6911_78.9189,2018-11-04,16.69111,78.91889,2.32,7.8812048119416,7.444154568477365,7.962258815765381
W_16.6911_78.9189,2018-11-11,16.69111,78.91889,1.83,7.8812048119416,7.444154568477365,7.962258815765381
W_16.6911_78.9189,2018-11-18,16.69111,78.91889,2.23,8.975179141250932,7.061145634048112,5.721327304840088
W_16.6911_78.9189,2018-11-25,16.69111,78.91889,2.43,8.97517914125093,7.061145634048112,5.721327304840088
W_16.6911_78.9189,2018-12-11,16.69111,78.91889,2.23,6.4301440435435,5.558585774901618,5.721327304840088
W_16.6911_78.9189,2018-12-25,16.69111,78.91889,2.13,4.687967688915856,5.558747800406773,10.361592292785645
W_16.6911_78.9189,2019-01-04,16.69111,78.91889,2.5,10.54774831290963,10.88953350053662,10.361592292785645
W_16.6911_78.9189,2019-05-04,16.69111,78.91889,2.73,10.774271179916266,11.800028678635766,10.254725456237791
W_16.6911_78.9189,2019-10-31,16.69111,78.91889,2.23,5.395655805953836,5.5609031555992825,4.275356769561768
W_16.6911_78.9189,2020-01-09,16.69111,78.91889,2.37,6.004835045633026,6.8959259775373525,4.804296970367432
W_16.6911_78.9189,2020-11-29,16.69111,78.91889,2.04,4.481225851020227,4.439075221966696,4.9356369972229
W_16.6911_78.9189,2021-01-09,16.69111,78.91889,2.35,6.627231683633451,6.463554532322812,6.898550510406494
W_18.1083_78.5,2016-11-04,18.10833,78.5,4.22,5.902459803876214,7.593091759540009,6.252085208892822
W_18.1083_78.5,2017-01-04,18.10833,78.5,8.97,7.768580550309803,8.178853514696792,7.588067054748535
W_18.1083_78.5,2017-08-24,18.10833,78.5,5.54,5.648387466271438,7.765498012250934,7.913617610931396
W_17.6972_77.5278,2016-11-04,17.69722,77.52778,0.5,6.141062878189229,5.481282342895563,6.835815906524658
W_17.6972_77.5278,2017-01-04,17.69722,77.52778,3.38,7.984920666189493,8.6607758743184,8.323413848876953
W_17.6972_77.5278,2018-11-04,17.69722,77.52778,4.4,7.957356640531545,7.525396947067687,7.962258815765381
W_17.6972_77.5278,2019-01-04,17.69722,77.52778,4.9,14.659646662395522,13.189022877362532,14.997991561889648
W_17.6972_77.5278,2019-05-04,17.69722,77.52778,5.95,16.937794625509653,13.828396053694648,17.126422882080078
W_17.6972_77.5278,2019-10-31,17.69722,77.52778,0.79,6.820807858934522,7.8138818594166946,8.758049964904785
W_17.6972_77.5278,2020-01-09,17.69722,77.52778,2.69,13.18222356678983,13.348726716810951,17.076417922973633
W_17.6972_77.5278,2020-11-29,17.69722,77.52778,0.3,4.993770687960058,5.926005848425435,4.782051086425781
W_17.6972_77.5278,2021-01-09,17.69722,77.52778,2.68,6.644184770453632,7.844932691938004,6.896673202514648
W_18.025_78.2194,2015-08-24,18.025,78.21944,5.17,7.977091723004116,11.090627818559508,9.307867050170898
W_18.025_78.2194,2016-11-04,18.025,78.21944,1.23,5.385876123173333,5.635815822730817,5.679064750671387
W_18.025_78.2194,2017-01-04,18.025,78.21944,2.98,7.711627765404245,7.992865268466234,10.424715995788574
W_18.025_78.2194,2017-08-24,18.025,78.21944,0.38,7.143006502305851,11.158283509765395,13.312702178955078
W_18.025_78.2194,2018-11-04,18.025,78.21944,1.48,7.970687862962063,8.81517946118408,7.962258815765381
W_18.025_78.2194,2018-11-11,18.025,78.21944,0.98,7.970687862962063,8.81517946118408,7.962258815765381
W_18.025_78.2194,2018-11-18,18.025,78.21944,1.28,7.599931002066049,10.8584072422243,7.207446575164795
W_18.025_78.2194,2018-11-25,18.025,78.21944,1.58,7.599931002066049,10.8584072422243,7.207446575164795
W_18.025_78.2194,2018-12-04,18.025,78.21944,1.28,6.671865843136562,7.579284634068645,7.207446575164795
W_18.025_78.2194,2018-12-11,18.025,78.21944,1.38,6.671865843136562,7.579284634068645,7.207446575164795
W_18.025_78.2194,2018-12-18,18.025,78.21944,1.58,4.02209490341625,7.940979148999313,18.27214813232422
W_18.025_78.2194,2018-12-25,18.025,78.21944,1.84,4.02209490341625,7.940979148999313,18.27214813232422
W_18.025_78.2194,2019-01-04,18.025,78.21944,2.65,16.407963842369174,15.739986901374548,18.27214813232422
W_18.025_78.2194,2019-05-04,18.025,78.21944,5.77,16.74148954313301,14.553530529757122,22.26109504699707
W_18.025_78.2194,2019-08-19,18.025,78.21944,0.53,6.7869410255355955,8.806346561078712,22.340375900268555
W_18.025_78.2194,2019-10-31,18.025,78.21944,0.72,4.552420012134834,8.965279974715193,4.04820442199707
W_18.025_78.2194,2020-01-09,18.025,78.21944,1.46,10.026851179339033,10.08541808605062,14.922510147094728
W_18.025_78.2194,2020-11-29,18.025,78.21944,0.33,5.120599203755853,5.906040282016083,7.509009838104248
W_18.025_78.2194,2021-01-09,18.025,78.21944,1.38,8.529904020690381,9.613183057612767,9.500011444091797
W_17.8533_78.0661,2016-11-04,17.85333,78.06611,5.0,12.550468141158484,11.792229719269102,15.434935569763184
W_17.8533_78.0661,2017-01-04,17.85333,78.06611,5.81,14.020245966554269,14.592467010058414,14.013498306274414
W_17.8533_78.0661,2017-08-24,17.85333,78.06611,18.4,5.777820836597718,8.92260527945026,12.150341033935549
W_17.8533_78.0661,2018-11-04,17.85333,78.06611,19.1,7.961046083322325,9.974691668898767,7.962258815765381
W_17.8533_78.0661,2019-01-04,17.85333,78.06611,18.2,20.707284108480707,16.93488750566796,25.19990921020508
W_17.8533_78.0661,2019-05-04,17.85333,78.06611,16.76,19.964500382426294,14.910374743708624,20.918703079223636
W_17.8533_78.0661,2019-08-19,17.85333,78.06611,22.5,7.429506806361997,9.783185387308372,25.411102294921875
W_17.8533_78.0661,2019-10-31,17.85333,78.06611,18.57,4.733094881879405,12.926253272397506,4.334397792816162
W_17.8533_78.0661,2020-01-09,17.85333,78.06611,11.15,18.627608921238593,15.443500644936828,22.88887405395508
W_17.8533_78.0661,2020-11-29,17.85333,78.06611,4.6,5.9317725999984745,6.350583764285536,12.461230278015137
W_17.8533_78.0661,2021-01-09,17.85333,78.06611,9.28,11.623100986141768,11.938728298474894,11.357097625732422
W_17.6442_78.2797,2017-08-24,17.64417,78.27972,6.49,6.928743535687056,11.429166983391273,15.299341201782228
W_17.6442_78.2797,2018-11-04,17.64417,78.27972,7.65,8.007664526217532,9.989995263853464,7.962258815765381
W_17.6442_78.2797,2019-01-04,17.64417,78.27972,10.6,17.174124091133912,16.800025269055688,19.845367431640625
W_17.6442_78.2797,2019-05-04,17.64417,78.27972,19.84,18.86009207525038,14.59583013773022,16.956981658935547
W_17.6442_78.2797,2019-08-19,17.64417,78.27972,10.18,7.691590411202465,9.23495829401682,17.254735946655273
W_17.6442_78.2797,2019-10-31,17.64417,78.27972,3.27,4.33768942829568,11.088640781339594,4.188770294189453
W_17.6442_78.2797,2020-01-09,17.64417,78.27972,4.55,18.422122507194807,13.569972863062144,20.16508674621582
W_17.6442_78.2797,2020-11-29,17.64417,78.27972,1.5,7.610895234356355,7.995463463630288,11.272295951843262
W_17.6442_78.2797,2021-01-09,17.64417,78.27972,3.72,11.15071705667853,11.276403282909312,10.66570281982422
W_17.8417_77.9778,2018-11-04,17.84167,77.97778,36.7,7.957297186287718,9.473015657250878,7.962258815765381
W_17.8417_77.9778,2019-01-04,17.84167,77.97778,39.5,14.979785319693617,16.06056364333823,19.993934631347656
W_17.8417_77.9778,2019-05-04,17.84167,77.97778,47.61,14.824923679393308,14.610055049542094,16.71531867980957
W_17.8417_77.9778,2019-08-19,17.84167,77.97778,45.26,7.339916431453479,9.39896971076207,16.498809814453125
W_17.8417_77.9778,2019-10-31,17.84167,77.97778,25.38,5.037689160810303,11.29175768642812,5.057800769805908
W_17.8417_77.9778,2020-11-29,17.84167,77.97778,16.4,5.132604612307312,6.4386361933480725,9.624741554260254
W_17.8417_77.9778,2021-01-09,17.84167,77.97778,14.88,10.062430155012665,11.205588917703825,10.197280883789062
W_18.0575_78.1089,2015-08-24,18.0575,78.10889,7.34,7.370686344008283,10.26460798907177,6.222250461578369
W_18.0575_78.1089,2016-01-04,18.0575,78.10889,8.36,10.8199667788054,9.913882020361504,11.18198585510254
W_18.0575_78.1089,2016-11-04,18.0575,78.10889,1.9,5.197873568738535,6.3614410665157095,3.988195180892944
W_18.0575_78.1089,2017-01-04,18.0575,78.10889,4.8,5.803700282898927,6.221176263295906,5.343552112579346
W_18.0575_78.1089,2017-08-24,18.0575,78.10889,3.45,6.526267001944449,4.350195609214644,2.9684433937072754
W_18.0575_78.1089,2018-11-04,18.0575,78.10889,8.36,8.058952475260854,7.533486197910356,7.962258815765381
W_18.0575_78.1089,2019-01-04,18.0575,78.10889,6.73,13.48083447179996,13.077978864156286,11.74150848388672
W_18.0575_78.1089,2019-05-04,18.0575,78.10889,8.36,12.126227528094557,13.240871161278548,6.104917049407959
W_18.0575_78.1089,2019-08-19,18.0575,78.10889,6.38,5.935923474736638,5.914174178624342,6.652778625488281
W_18.0575_78.1089,2019-10-31,18.0575,78.10889,4.05,5.301271148328356,5.896808441448039,4.015599250793457
W_18.0575_78.1089,2020-01-09,18.0575,78.10889,4.97,8.281185779259284,7.056609254826913,8.418463706970215
W_18.0575_78.1089,2020-11-29,18.0575,78.10889,2.11,4.954924736947407,5.377853461749204,6.47208309173584
W_18.0575_78.1089,2021-01-09,18.0575,78.10889,5.9,7.9660684984609995,8.14232375722061,9.00814437866211
W_17.6667_77.5833,2016-11-04,17.66667,77.58333,2.4,10.835832185409277,10.670404670279575,10.911348342895508
W_17.6667_77.5833,2017-01-04,17.66667,77.58333,5.17,12.739347500455015,12.448328651991408,14.341375350952148
W_17.6667_77.5833,2018-11-04,17.66667,77.58333,13.3,8.401736231303484,9.040442170390325,7.962258815765381
W_17.6667_77.5833,2019-10-31,17.66667,77.58333,8.45,7.029525741583881,18.081026553524936,7.972251415252685
W_17.6667_77.5833,2020-01-09,17.66667,77.58333,8.5,15.825299445052,16.184978851361578,27.509674072265625
W_17.6667_77.5833,2020-11-29,17.66667,77.58333,2.64,4.943498995120907,6.304954841713744,6.5752129554748535
W_17.6667_77.5833,2021-01-09,17.66667,77.58333,4.5,7.914900757953782,10.89167721338975,8.01207447052002
W_17.6381_77.8781,2016-11-04,17.63806,77.87806,2.55,7.667826036589313,8.937447764672097,7.512856483459473
W_17.6381_77.8781,2017-01-04,17.63806,77.87806,3.7,8.277682836694233,8.995091343464683,8.099454879760742
W_17.6381_77.8781,2017-08-24,17.63806,77.87806,6.52,6.605922723548725,7.744593495190683,8.924375534057617
W_17.6381_77.8781,2018-11-04,17.63806,77.87806,18.75,7.956147054287336,10.244670490586936,7.962258815765381
W_17.6381_77.8781,2019-01-04,17.63806,77.87806,21.35,16.936483509493513,15.560724482295532,20.050540924072266
W_17.6381_77.8781,2019-05-04,17.63806,77.87806,22.81,17.861364035622532,14.256076003809827,19.393335342407227
W_17.6381_77.8781,2019-08-19,17.63806,77.87806,15.69,8.475505452648536,8.020701254271026,17.065147399902344
W_17.6381_77.8781,2019-10-31,17.63806,77.87806,14.33,8.545574964215394,11.712621950775205,6.460389614105225
W_17.6381_77.8781,2020-01-09,17.63806,77.87806,23.82,15.432457860156559,14.29768082757908,21.595348358154297
W_17.6381_77.8781,2020-11-29,17.63806,77.87806,2.56,5.168530983883919,5.660146270990202,7.824959754943848
W_17.6381_77.8781,2021-01-09,17.63806,77.87806,5.06,8.797400070056897,9.540345307210831,9.539447784423828
W_17.8958_78.2083,2015-08-24,17.89583,78.20833,31.39,10.488757481752835,11.93427168849744,11.504656791687012
W_17.8958_78.2083,2016-11-04,17.89583,78.20833,25.65,17.471695386375607,19.04315317286046,18.03380012512207
W_17.8958_78.2083,2017-01-04,17.89583,78.20833,27.57,17.851857881979512,16.632325561067407,19.778566360473636
W_17.8958_78.2083,2017-08-24,17.89583,78.20833,21.39,9.148537207559105,20.455722203879063,20.586471557617188
W_17.8958_78.2083,2018-11-04,17.89583,78.20833,33.82,8.708521568140135,16.16560713600203,11.831588745117188
W_17.8958_78.2083,2019-01-04,17.89583,78.20833,35.67,20.149710371820934,17.38066301166352,27.578845977783203
W_17.8958_78.2083,2019-05-04,17.89583,78.20833,34.87,21.104774629618497,14.870805293456703,31.716983795166016
W_17.8958_78.2083,2019-08-19,17.89583,78.20833,34.9,7.5776362875248,9.386105435367158,29.65186882019043
W_17.8958_78.2083,2019-10-31,17.89583,78.20833,33.46,5.090814695843671,16.328126099349646,4.133933067321777
W_17.8958_78.2083,2020-01-09,17.89583,78.20833,34.52,17.76234058385616,14.437258748604222,25.098312377929688
W_17.8958_78.2083,2020-11-29,17.89583,78.20833,20.3,6.084116690470653,7.196880832779633,13.348140716552734
W_17.8958_78.2083,2021-01-09,17.89583,78.20833,20.04,11.81221793727662,12.530818618188029,11.82802677154541
W_17.5633_77.6928,2016-11-04,17.56333,77.69278,9.72,6.353288620446775,7.076083809614397,9.23808479309082
W_17.5633_77.6928,2017-01-04,17.56333,77.69278,20.64,9.23221805598398,11.046982450671443,10.164840698242188
W_17.5633_77.6928,2018-11-04,17.56333,77.69278,26.82,7.964907602738184,8.901075213533197,7.962258815765381
W_17.5633_77.6928,2019-01-04,17.56333,77.69278,29.22,18.778346674510818,17.00463523930472,18.383604049682617
W_17.5633_77.6928,2019-05-04,17.56333,77.69278,32.64,22.655963979684483,18.309268981349927,23.992794036865234
W_17.5633_77.6928,2019-10-31,17.56333,77.69278,24.46,6.679426858789777,12.016879186143536,6.572931289672852
W_17.5633_77.6928,2020-01-09,17.56333,77.69278,33.22,18.11549001567896,18.011420521743602,18.66168975830078
W_17.5633_77.6928,2020-11-29,17.56333,77.69278,12.82,5.350280589007738,6.59797116855298,6.684241771697998
W_17.5633_77.6928,2021-01-09,17.56333,77.69278,16.72,7.971294080777537,10.493036808585355,8.425107955932617
W_17.7611_77.7139,2016-11-04,17.76111,77.71389,2.08,7.244782941009675,9.223296883427324,7.130476951599121
W_17.7611_77.7139,2017-01-04,17.76111,77.71389,4.84,8.06471143485031,9.383414977967105,8.10731315612793
W_17.7611_77.7139,2018-11-04,17.76111,77.71389,6.98,7.965915511760483,9.701643158042506,7.962258815765381
W_17.7611_77.7139,2019-01-04,17.76111,77.71389,29.78,16.742274774409516,16.62747062612547,21.942720413208008
W_17.7611_77.7139,2019-05-04,17.76111,77.71389,35.93,18.567384395255242,15.246909205474172,16.71261978149414
W_17.7611_77.7139,2019-10-31,17.76111,77.71389,6.03,6.797835499774488,10.941305189287204,7.475734233856201
W_17.7611_77.7139,2020-01-09,17.76111,77.71389,6.7,16.570026666390785,16.69111233792015,21.674467086791992
W_17.7611_77.7139,2020-11-29,17.76111,77.71389,1.86,4.994233857545496,6.053221543709611,6.958598613739014
W_17.7611_77.7139,2021-01-09,17.76111,77.71389,4.25,8.210409362009484,9.619627094268315,8.676340103149414
W_17.9556_78.1889,2015-08-24,17.95556,78.18889,33.86,8.793685558549065,11.480697624194535,9.548686027526855
W_17.9556_78.1889,2016-11-04,17.95556,78.18889,21.2,8.447616528236985,8.818543246794343,10.758319854736328
W_17.9556_78.1889,2017-01-04,17.95556,78.18889,20.35,11.71420396528077,11.720922597863124,12.468916893005373
W_17.9556_78.1889,2017-08-24,17.95556,78.18889,19.4,5.811813472642659,8.344412257383484,10.794218063354492
W_17.9556_78.1889,2018-11-04,17.95556,78.18889,31.9,7.986905084661107,9.971360744921707,7.962258815765381
W_17.9556_78.1889,2019-01-04,17.95556,78.18889,33.4,18.270098709815805,17.03718801797744,21.29644203186035
W_17.9556_78.1889,2019-05-04,17.95556,78.18889,33.81,16.674787834358618,14.630200571460866,18.24864959716797
W_17.9556_78.1889,2019-08-19,17.95556,78.18889,30.99,6.651759836472911,9.225632261112803,17.487651824951172
W_17.9556_78.1889,2019-10-31,17.95556,78.18889,22.94,4.318034190472363,10.723568112478738,4.077226161956787
W_17.9556_78.1889,2020-01-09,17.95556,78.18889,23.2,12.769448416933653,12.304375288865634,18.95767593383789
W_17.9556_78.1889,2020-11-29,17.95556,78.18889,11.3,5.830411092338142,6.087175528770002,10.14271068572998
W_17.9556_78.1889,2021-01-09,17.95556,78.18889,14.27,10.124445811744351,11.297990076926478,10.553008079528809
W_17.6667_78.6458,2015-08-24,17.66667,78.64583,15.5,11.000682949920199,11.404259516012557,11.76180362701416
W_17.5972_78.5792,2015-08-24,17.59722,78.57917,19.28,10.87891015031683,10.88876460635302,9.3991060256958
W_17.5972_78.5792,2016-11-04,17.59722,78.57917,11.5,5.71572016141296,6.975707693323262,3.686103105545044
W_17.5972_78.5792,2017-08-24,17.59722,78.57917,16.7,5.701728502872757,7.671275352086561,5.615471839904785
W_17.5972_78.5792,2018-11-04,17.59722,78.57917,14.62,7.9721284678535405,8.190843222098282,7.962258815765381
W_17.5972_78.5792,2019-01-04,17.59722,78.57917,16.91,11.76636166817597,13.117333844219196,7.357733249664307
W_17.5972_78.5792,2019-05-04,17.59722,78.57917,20.0,11.728667162720258,12.538565001137632,11.531773567199709
W_17.5972_78.5792,2019-08-19,17.59722,78.57917,16.7,8.023672620299564,6.7042000595107565,5.096961498260498
W_17.5972_78.5792,2019-10-31,17.59722,78.57917,10.16,4.752055367106397,5.5046025438344905,4.275356769561768
W_17.5972_78.5792,2020-01-09,17.59722,78.57917,12.56,8.82800505131588,8.12871680904857,6.059301853179932
W_17.5972_78.5792,2020-11-29,17.59722,78.57917,4.37,4.507842142844585,5.100176216807006,2.863182783126831
W_17.5972_78.5792,2021-01-09,17.59722,78.57917,8.64,5.2650410682398565,5.074898216893822,5.783252716064453
W_17.3708_78.5683,2016-11-04,17.37083,78.56833,3.73,5.877444393745359,5.584880650650049,5.4956536293029785
W_17.3708_78.5683,2018-11-04,17.37083,78.56833,4.68,7.931675058987802,8.66449775560572,7.962258815765381
W_17.3708_78.5683,2019-01-04,17.37083,78.56833,5.53,11.836220096338186,12.632443642913682,8.692706108093262
W_17.3708_78.5683,2019-05-04,17.37083,78.56833,6.59,13.02533515489346,11.8743409163726,14.233927726745604
W_17.3708_78.5683,2019-08-19,17.37083,78.56833,4.53,8.927197712378122,6.740297019453736,10.094038963317873
W_17.3708_78.5683,2019-10-31,17.37083,78.56833,4.08,5.372837198965728,7.7397822655810815,4.275356769561768
W_17.3708_78.5683,2020-01-09,17.37083,78.56833,4.55,7.794028927238516,7.958739032886358,6.161065578460693
W_17.3708_78.5683,2020-11-29,17.37083,78.56833,1.77,4.221580270786042,4.7984391253753085,1.919450044631958
W_17.3708_78.5683,2021-01-09,17.37083,78.56833,2.82,4.811130421228815,4.30289266396923,5.343600273132324
W_17.0489_78.3956,2020-01-09,17.04889,78.39556,32.57,18.11387783958393,18.999349688080013,19.405292510986328
W_17.1203_78.1594,2016-11-04,17.12028,78.15944,6.52,15.623611755772453,18.24534163147829,14.476876258850098
W_17.1203_78.1594,2018-11-04,17.12028,78.15944,8.52,7.957795918377113,8.675977806406282,7.962258815765381
W_17.0667_78.4306,2016-11-04,17.06667,78.43056,4.78,11.811552445438322,11.097081233182903,15.127290725708008
W_17.0667_78.4306,2018-11-04,17.06667,78.43056,24.26,7.965982295947532,9.840547359126674,7.962258815765381
W_17.0667_78.4306,2019-05-04,17.06667,78.43056,26.25,15.839953574957578,16.11558887112559,11.75099277496338
W_17.0667_78.4306,2019-08-19,17.06667,78.43056,26.29,8.229622653013706,11.330409688986585,16.370635986328125
W_17.0667_78.4306,2019-10-31,17.06667,78.43056,19.91,4.422353585522734,11.159342101230454,4.275356769561768
W_17.0667_78.4306,2020-01-09,17.06667,78.43056,19.55,18.11387783958393,18.999349688080013,19.405292510986328
W_17.0667_78.4306,2020-11-29,17.06667,78.43056,8.62,10.161992605470726,11.171715807769209,6.028717517852783
W_17.0667_78.4306,2021-01-09,17.06667,78.43056,9.3,7.364538873107998,9.333782545320991,8.848846435546875
W_17.1583_78.7083,2016-11-04,17.15833,78.70833,10.4,6.938428516969413,7.365872023185273,9.935577392578123
W_17.1583_78.7083,2019-01-04,17.15833,78.70833,30.0,17.20676259751542,15.247099227054928,18.86209487915039
W_17.1583_78.7083,2020-01-09,17.15833,78.70833,17.7,11.732912277562784,10.926276528473728,15.510080337524414
W_17.1583_78.7083,2020-11-29,17.15833,78.70833,3.58,4.915637788668346,5.087090621217932,4.313712596893311
W_17.1583_78.7083,2021-01-09,17.15833,78.70833,5.6,6.457550710610698,6.878156621208413,6.787134170532227
W_17.4994_78.5139,2016-11-04,17.49944,78.51389,2.1,7.861602438030029,8.190002236396547,6.291733264923096
W_17.4619_77.6531,2016-11-04,17.46194,77.65306,5.49,5.482252335104131,4.753071122219676,7.370546340942383
W_17.4619_77.6531,2017-01-04,17.46194,77.65306,3.95,8.12133649744854,8.783138915331984,8.324823379516602
W_17.4619_77.6531,2018-11-04,17.46194,77.65306,15.27,7.963708845571129,9.455636214029065,7.962258815765381
W_17.4619_77.6531,2019-01-04,17.46194,77.65306,15.0,14.619919912916052,12.847163583573588,15.061009407043455
W_17.4619_77.6531,2019-05-04,17.46194,77.65306,17.08,16.834679746853556,13.255755683996494,15.662859916687012
W_17.4619_77.6531,2019-10-31,17.46194,77.65306,11.35,5.939631921956888,9.017041299549003,5.835755825042725
W_17.4619_77.6531,2020-01-09,17.46194,77.65306,10.39,12.714002852256266,11.65959158150682,15.715638160705566
W_17.4619_77.6531,2020-11-29,17.46194,77.65306,2.24,5.362403549923099,6.200663867020346,4.937003135681152
W_17.4619_77.6531,2021-01-09,17.46194,77.65306,2.4,6.993900990721352,7.262210946577662,7.095464706420898
W_17.21_77.6378,2017-01-04,17.21,77.63778,11.0,7.135183712079122,7.070489353827282,8.858948707580566
W_17.21_77.6378,2018-11-04,17.21,77.63778,14.28,7.961565218244506,8.984063990809867,7.962258815765381
W_17.21_77.6378,2019-01-04,17.21,77.63778,15.04,11.297533126377736,10.942834582022988,9.96042537689209
W_17.21_77.6378,2019-05-04,17.21,77.63778,15.08,11.569874519417995,12.554665427567398,11.245965003967283
W_17.21_77.6378,2019-10-31,17.21,77.63778,11.6,5.72501060537698,8.021408169842713,4.508080959320068
W_17.21_77.6378,2020-01-09,17.21,77.63778,11.61,7.454587636996054,7.485179218157919,8.536596298217773
W_17.21_77.6378,2020-11-29,17.21,77.63778,4.89,5.385655239950523,6.003182924929175,3.6699142456054688
W_17.21_77.6378,2021-01-09,17.21,77.63778,7.42,5.8217670957379575,5.563190038878751,5.87520694732666
W_16.925_77.7917,2018-11-04,16.925,77.79167,17.18,7.988985772189466,7.667418423008451,7.962258815765381
W_16.925_77.7917,2019-01-04,16.925,77.79167,19.77,10.884489822994666,13.313674219295304,9.964340209960938
W_16.925_77.7917,2019-05-04,16.925,77.79167,21.3,11.291131749038989,12.613731016596256,8.643229484558105
W_16.925_77.7917,2019-08-19,16.925,77.79167,21.12,5.862497546134208,6.365988621273864,5.145458698272705
W_16.925_77.7917,2019-10-31,16.925,77.79167,17.1,4.801092880405533,5.096250408296495,2.7121448516845703
W_16.925_77.7917,2020-01-09,16.925,77.79167,17.82,6.225241126501608,6.413393286544848,5.797786235809326
W_16.925_77.7917,2020-11-29,16.925,77.79167,3.87,5.577651368047234,4.52302719977132,3.883687734603882
W_16.925_77.7917,2021-01-09,16.925,77.79167,6.5,6.044934152654724,5.825763551557046,6.018609523773193
W_17.3583_78.3,2016-11-04,17.35833,78.3,2.67,6.2653859838052375,6.674501726188787,5.751625061035156
W_17.1203_78.1594,2016-11-04,17.12028,78.15944,3.12,15.623611755772453,18.24534163147829,14.476876258850098
W_17.1203_78.1594,2018-11-04,17.12028,78.15944,8.12,7.957795918377111,8.675977806406282,7.962258815765381
W_17.1203_78.1594,2019-01-04,17.12028,78.15944,8.72,21.51590910997525,19.242914004678774,21.00541877746582
W_17.1203_78.1594,2019-05-04,17.12028,78.15944,9.7,19.499514687463808,16.279965480032374,21.0791130065918
W_17.1203_78.1594,2019-08-19,17.12028,78.15944,6.1,8.127495411486787,10.346848922777264,20.728286743164062
W_17.1203_78.1594,2019-10-31,17.12028,78.15944,3.69,4.613712290118062,13.49478092387145,3.968154191970825
W_17.1203_78.1594,2020-01-09,17.12028,78.15944,5.27,13.495005918672405,16.865216352755336,17.77181625366211
W_17.1203_78.1594,2020-11-29,17.12028,78.15944,3.3,7.649223172727135,9.852411923751363,5.492822647094727
W_17.36_77.6133,2016-11-04,17.36,77.61333,8.12,4.716400874523587,4.5633829206760375,5.481861114501953
W_17.36_77.6133,2018-11-04,17.36,77.61333,51.48,7.96341974285147,8.556942051563059,7.962258815765381
W_17.36_77.6133,2019-05-04,17.36,77.61333,53.87,12.983017657150796,12.731472804662577,12.9781494140625
W_17.36_77.6133,2019-10-31,17.36,77.61333,40.17,5.770694627036708,8.196952054602386,5.113259792327881
W_17.36_77.6133,2020-01-09,17.36,77.61333,50.13,10.056269395890912,9.57946923803117,9.525101661682127
W_17.36_77.6133,2020-11-29,17.36,77.61333,67.5,5.282084693558146,5.9891448267432725,3.990236520767212
W_17.3181_77.7781,2016-11-04,17.31806,77.77806,6.82,4.166812355342221,4.716906599586946,4.358859062194824
W_17.3181_77.7781,2017-01-04,17.31806,77.77806,10.57,6.037537460715466,6.169119978383955,6.184263706207275
W_17.3181_77.7781,2018-11-04,17.31806,77.77806,9.84,7.954705976567922,7.828189829050501,7.962258815765381
W_17.3181_77.7781,2019-01-04,17.31806,77.77806,11.02,10.330573139454566,12.369351929789769,8.858749389648438
W_17.3181_77.7781,2019-10-31,17.31806,77.77806,8.56,4.1022268208993475,5.148061398064288,4.55988359451294
W_17.3181_77.7781,2020-01-09,17.31806,77.77806,11.01,8.21603980017012,9.291259659722844,5.857586860656738
W_17.3181_77.7781,2020-11-29,17.31806,77.77806,3.32,4.647072026589017,5.173898884338946,3.4576735496521
W_17.3181_77.7781,2021-01-09,17.31806,77.77806,9.08,5.852504395008551,5.647589862550748,6.571854114532471
W_17.5167_78.5125,2015-08-24,17.51667,78.5125,11.0,11.48696242801954,9.994314151760076,14.051578521728516
W_17.5167_78.5125,2017-08-24,17.51667,78.5125,4.2,7.012554941431241,6.486750575773134,6.876431941986084
W_17.5167_78.5125,2018-11-04,17.51667,78.5125,6.17,7.969980402847008,9.024408418219164,7.962258815765381
W_17.5167_78.5125,2019-01-04,17.51667,78.5125,6.38,15.150546869661815,13.91786400956865,10.125439643859863
W_17.5167_78.5125,2019-05-04,17.51667,78.5125,7.68,12.601933668027911,12.643975919842829,10.375835418701172
W_17.5167_78.5125,2019-08-19,17.51667,78.5125,6.47,9.039524314523185,7.434991204438971,8.910223007202148
W_17.5167_78.5125,2019-10-31,17.51667,78.5125,1.8,5.553261902462967,7.437240212124855,4.275356769561768
W_17.5167_78.5125,2020-01-09,17.51667,78.5125,7.54,10.128774960144446,8.65212702974834,8.479419708251953
W_17.5167_78.5125,2020-11-29,17.51667,78.5125,1.3,6.630660941562783,7.012859847964779,3.9635586738586426
W_17.5167_78.5125,2021-01-09,17.51667,78.5125,2.16,6.311539574124548,6.601403239287842,6.489901542663574
W_17.2583_78.3986,2016-11-04,17.25833,78.39861,11.02,8.281851108089029,8.528445375966859,12.10655689239502
W_17.2583_78.3986,2018-11-04,17.25833,78.39861,14.86,7.958582442184517,9.468021675927064,7.962258815765381
W_17.2583_78.3986,2019-01-04,17.25833,78.39861,17.74,16.573456393505083,16.878371622324515,19.963695526123047
W_17.2583_78.3986,2019-05-04,17.25833,78.39861,18.75,16.335212912397928,14.232260608582646,32.83649826049805
W_17.2583_78.3986,2019-08-19,17.25833,78.39861,14.25,8.822727180866062,9.1767913158065,17.67178726196289
W_17.2583_78.3986,2019-10-31,17.25833,78.39861,11.93,4.306239590576597,10.934671186463968,4.275356769561768
W_17.2583_78.3986,2020-01-09,17.25833,78.39861,14.81,9.380169169412403,11.804989757487675,11.35834789276123
W_17.2583_78.3986,2020-11-29,17.25833,78.39861,2.82,8.22039532441334,9.092827254858337,3.2034661769866943
W_17.2583_78.3986,2021-01-09,17.25833,78.39861,6.14,5.530825961036662,6.069539642562001,7.240417957305908
W_17.4933_78.3581,2016-11-04,17.49333,78.35806,5.66,7.596324193169968,8.295654382346038,8.377933502197266
W_17.4933_78.3581,2018-11-04,17.49333,78.35806,9.12,7.868147117140957,5.252609166187405,7.962258815765381
W_17.4933_78.3581,2018-11-11,17.49333,78.35806,8.94,7.868147117140957,5.252609166187405,7.962258815765381
W_17.4933_78.3581,2018-11-18,17.49333,78.35806,8.97,7.574650129584711,7.762748530678396,8.98344612121582
W_17.4933_78.3581,2018-11-25,17.49333,78.35806,9.03,7.574650129584711,7.762748530678396,8.98344612121582
W_17.4933_78.3581,2018-12-04,17.49333,78.35806,9.19,8.663770533013789,7.487552987681563,8.98344612121582
W_17.4933_78.3581,2018-12-11,17.49333,78.35806,9.27,8.663770533013789,7.487552987681563,8.98344612121582
W_17.4933_78.3581,2018-12-18,17.49333,78.35806,9.41,4.979957372719018,7.866018831441652,16.7578125
W_17.4933_78.3581,2018-12-25,17.49333,78.35806,9.53,4.979957372719018,7.866018831441652,16.7578125
W_17.4933_78.3581,2019-01-04,17.49333,78.35806,9.85,15.462834561976724,15.600655181151666,16.7578125
W_17.4933_78.3581,2019-05-04,17.49333,78.35806,9.31,14.369153141150813,13.809600902019907,19.03096580505371
W_17.4933_78.3581,2019-08-19,17.49333,78.35806,7.33,8.737957000578561,8.407055243049854,16.651290893554688
W_17.4933_78.3581,2019-10-31,17.49333,78.35806,6.59,4.3848773343585,9.933292530028378,4.275356769561768
W_17.4933_78.3581,2020-01-09,17.49333,78.35806,7.73,9.618823264985132,10.869064361567084,10.86863613128662
W_17.4933_78.3581,2020-11-29,17.49333,78.35806,3.46,6.30340483893154,7.184768706423276,4.307921886444092
W_17.4933_78.3581,2021-01-09,17.49333,78.35806,6.79,6.432712714183884,7.978039576691875,7.119986534118652
W_17.2583_78.3986,2016-11-04,17.25833,78.39861,9.79,8.281851108089029,8.528445375966859,12.10655689239502
W_17.2583_78.3986,2018-11-04,17.25833,78.39861,14.64,7.958582442184517,9.468021675927064,7.962258815765381
W_17.2583_78.3986,2019-01-04,17.25833,78.39861,17.39,16.573456393505083,16.878371622324515,19.963695526123047
W_17.2583_78.3986,2019-05-04,17.25833,78.39861,18.46,16.335212912397928,14.232260608582646,32.83649826049805
W_17.2583_78.3986,2019-08-19,17.25833,78.39861,13.96,8.822727180866062,9.1767913158065,17.67178726196289
W_17.2583_78.3986,2019-10-31,17.25833,78.39861,11.69,4.306239590576597,10.934671186463968,4.275356769561768
W_17.2583_78.3986,2020-01-09,17.25833,78.39861,14.53,9.380169169412403,11.804989757487675,11.35834789276123
W_17.2583_78.3986,2020-11-29,17.25833,78.39861,2.6,8.22039532441334,9.092827254858337,3.2034661769866943
W_17.2583_78.3986,2021-01-09,17.25833,78.39861,5.93,5.530825961036662,6.069539642562001,7.240417957305908
W_18.1667_80.2083,2018-11-04,18.16667,80.20833,4.95,7.964759804989726,7.1708001190675255,7.962258815765381
W_18.1667_80.2083,2018-11-11,18.16667,80.20833,4.5,7.964759804989726,7.1708001190675255,7.962258815765381
W_18.1667_80.2083,2018-11-18,18.16667,80.20833,4.45,7.5512470620506855,5.688165987436798,4.243408679962158
W_18.1667_80.2083,2018-11-25,18.16667,80.20833,4.7,7.5512470620506855,5.688165987436798,4.243408679962158
W_18.1667_80.2083,2018-12-04,18.16667,80.20833,4.75,4.353963382048966,4.443221804851563,4.243408679962158
W_18.1667_80.2083,2018-12-11,18.16667,80.20833,5.35,4.353963382048966,4.443221804851563,4.243408679962158
W_18.1667_80.2083,2018-12-18,18.16667,80.20833,4.75,4.851101004743498,4.272008596024801,4.598033905029297
W_18.1667_80.2083,2018-12-25,18.16667,80.20833,4.4,4.851101004743498,4.272008596024801,4.598033905029297
W_18.1667_80.2083,2019-01-04,18.16667,80.20833,6.65,5.992257576008232,6.482537741261075,4.598033905029297
W_18.1667_80.2083,2019-05-04,18.16667,80.20833,8.0,9.88887742687067,9.767989981408135,6.499025344848633
W_18.1667_80.2083,2019-10-31,18.16667,80.20833,1.65,4.795002052341567,4.586818817769744,4.254677295684815
W_18.1667_80.2083,2020-01-09,18.16667,80.20833,7.35,5.116800171826586,5.17807749047516,5.351780891418457
W_18.1667_80.2083,2020-11-29,18.16667,80.20833,2.65,3.939422795550992,4.03523168982645,3.11116099357605
W_18.1667_80.2083,2021-01-09,18.16667,80.20833,7.85,4.215771427762292,4.392341690482889,4.032463550567627
W_18.0333_79.5347,2016-11-04,18.03333,79.53472,8.53,4.2368078649842555,3.985663904857318,6.507898807525635
W_18.0333_79.5347,2017-01-04,18.03333,79.53472,9.43,7.912705327867493,7.433047486372523,7.775206089019775
W_18.0333_79.5347,2017-08-24,18.03333,79.53472,8.62,6.0619577162838745,6.637582269495159,3.149899482727051
W_18.0333_79.5347,2018-11-04,18.03333,79.53472,9.28,7.944687503090322,7.319241021960568,7.962258815765381
W_18.0333_79.5347,2019-01-04,18.03333,79.53472,10.8,6.932332594274496,7.550623593137415,7.1517839431762695
W_18.0333_79.5347,2019-05-04,18.03333,79.53472,11.77,9.564794832296085,10.073068421374936,8.958223342895508
W_18.0333_79.5347,2019-10-31,18.03333,79.53472,5.45,5.2829674886451174,4.897471812665838,4.275356769561768
W_18.0333_79.5347,2020-01-09,18.03333,79.53472,7.5,4.438665136750978,5.3655575260419255,4.112428188323975
W_18.0333_79.5347,2020-11-29,18.03333,79.53472,6.55,4.046349867753867,4.132149262840103,1.835586667060852
W_18.0333_79.5347,2021-01-09,18.03333,79.53472,8.5,3.8847758674358595,3.628097986077874,3.971592426300049
W_17.8811_79.7156,2016-01-04,17.88111,79.71556,1.83,10.098023877855423,8.949784884220962,8.749404907226562
W_17.8811_79.7156,2016-11-04,17.88111,79.71556,0.87,5.439400675516573,5.63680116310386,5.803798198699951
W_17.8811_79.7156,2017-01-04,17.88111,79.71556,1.22,7.001918652828676,6.80528166690738,7.558229446411133
W_17.8811_79.7156,2018-11-04,17.88111,79.71556,1.6,7.944746151683667,7.445215691230163,7.962258815765381
W_17.8811_79.7156,2019-01-04,17.88111,79.71556,2.75,5.932773609739166,6.627190658649164,8.403182983398438
W_17.8811_79.7156,2019-05-04,17.88111,79.71556,4.0,10.162922124607384,9.96786477218618,11.058072090148926
W_17.8811_79.7156,2019-10-31,17.88111,79.71556,0.3,5.3516068839908675,5.74864511001599,4.275356769561768
W_17.8811_79.7156,2020-01-09,17.88111,79.71556,0.98,4.3988998518785225,5.317293351599438,4.975071430206299
W_17.8811_79.7156,2021-01-09,17.88111,79.71556,0.58,3.1384968402009576,3.694494044031976,3.1527998447418213
W_17.7839_79.4083,2016-01-04,17.78389,79.40833,11.73,10.790397151386815,9.519316696140756,12.137093544006348
W_17.7839_79.4083,2016-11-04,17.78389,79.40833,6.85,4.2512921207585705,4.490101438217369,5.027560234069824
W_17.7839_79.4083,2017-01-04,17.78389,79.40833,7.15,6.8476205953228435,6.463855210655577,4.809018611907959
W_17.7839_79.4083,2018-11-04,17.78389,79.40833,17.5,7.945342529216161,7.143778439738623,7.962258815765381
W_17.7839_79.4083,2019-01-04,17.78389,79.40833,14.92,9.170404681123923,8.245394213955555,11.07291030883789
W_17.7839_79.4083,2019-05-04,17.78389,79.40833,14.94,10.54314005939907,10.303206489632023,7.884087562561035
W_17.7839_79.4083,2019-10-31,17.78389,79.40833,4.95,5.045406502902713,4.977992415787915,4.275356769561768
W_17.7839_79.4083,2020-01-09,17.78389,79.40833,4.2,5.622373557770122,5.377361177020931,5.223518371582031
W_17.7839_79.4083,2020-11-29,17.78389,79.40833,4.35,4.064961677800686,4.286311800990344,2.3520452976226807
W_17.7839_79.4083,2021-01-09,17.78389,79.40833,3.43,3.5666807743298077,4.019168081092708,3.409352779388428
W_17.8525_79.9903,2016-01-04,17.8525,79.99028,3.85,6.703898932731432,7.899653153470918,3.649049282073975
W_17.8525_79.9903,2016-11-04,17.8525,79.99028,2.42,5.367033978764783,6.371480739087442,4.249847412109375
W_17.8525_79.9903,2018-11-04,17.8525,79.99028,3.05,7.942119461211928,7.20906970266371,7.962258815765381
W_17.8525_79.9903,2019-01-04,17.8525,79.99028,2.75,6.110734021395584,6.828348466319708,6.15747594833374
W_17.8525_79.9903,2019-05-04,17.8525,79.99028,5.6,9.816095022047174,9.890610969728185,10.747840881347656
W_17.8525_79.9903,2019-10-31,17.8525,79.99028,1.36,5.225274388105871,5.203010956933342,4.275356769561768
W_17.8525_79.9903,2020-01-09,17.8525,79.99028,2.25,4.727676468232808,5.215397318647659,4.4176411628723145
W_17.8264_79.0158,2015-08-24,17.82639,79.01583,8.43,9.069108673702146,9.905974302379471,19.07270812988281
W_17.8264_79.0158,2016-11-04,17.82639,79.01583,4.0,9.386922412965806,9.489500484367024,9.534781455993652
W_17.8264_79.0158,2017-01-04,17.82639,79.01583,5.25,9.518672978147134,10.84742436253411,9.08391571044922
W_17.8264_79.0158,2017-08-24,17.82639,79.01583,3.3,6.051113306892848,7.627027164143807,10.711959838867188
W_17.8264_79.0158,2018-11-04,17.82639,79.01583,4.55,7.9574074025022705,9.169812267881744,7.962258815765381
W_17.8264_79.0158,2018-11-11,17.82639,79.01583,4.68,7.9574074025022705,9.169812267881744,7.962258815765381
W_17.8264_79.0158,2018-11-18,17.82639,79.01583,4.7,7.9521271457048295,9.261049008364337,7.397521495819092
W_17.8264_79.0158,2018-11-25,17.82639,79.01583,4.75,7.9521271457048295,9.261049008364337,7.397521495819092
W_17.8264_79.0158,2018-12-04,17.82639,79.01583,4.85,6.755922879381968,6.451539749205779,7.397521495819092
W_17.8264_79.0158,2018-12-11,17.82639,79.01583,4.95,6.755922879381968,6.451539749205779,7.397521495819092
W_17.8264_79.0158,2018-12-18,17.82639,79.01583,5.05,4.542735011020508,6.24037313143244,17.940393447875977
W_17.8264_79.0158,2018-12-25,17.82639,79.01583,5.18,4.542735011020508,6.24037313143244,17.940393447875977
W_17.8264_79.0158,2019-01-04,17.82639,79.01583,5.26,16.258240671197928,12.079310921042383,17.940393447875977
W_17.8264_79.0158,2019-05-04,17.82639,79.01583,9.2,12.463560679592522,11.158480676790866,13.836177825927734
W_17.8264_79.0158,2019-10-31,17.82639,79.01583,2.45,5.566670774430999,9.12484788409236,4.275356769561768
W_17.8264_79.0158,2020-11-29,17.82639,79.01583,1.92,4.289457837995375,4.852080308836101,3.3750717639923096
W_17.8264_79.0158,2021-01-09,17.82639,79.01583,2.77,5.238002938458398,5.470160852976601,4.976641654968262
W_17.8611_79.2819,2016-11-04,17.86111,79.28194,14.17,7.215231688750125,8.556090910606729,8.415724754333496
W_17.8611_79.2819,2017-01-04,17.86111,79.28194,17.04,9.135822060187525,9.380089930192282,8.830735206604004
W_17.8611_79.2819,2018-11-04,17.86111,79.28194,32.5,7.930235991628991,9.609059164818737,7.962258815765381
W_17.8611_79.2819,2019-01-04,17.86111,79.28194,32.65,12.145438575566867,9.014360725928936,15.745862007141112
W_17.8611_79.2819,2019-05-04,17.86111,79.28194,28.9,12.66182932281488,10.824686861638236,17.5968074798584
W_17.8611_79.2819,2019-10-31,17.86111,79.28194,7.45,5.302191486495048,8.494357357114826,4.275356769561768
W_17.8611_79.2819,2020-01-09,17.86111,79.28194,9.08,6.617986820540057,5.542036166941825,7.130911350250244
W_17.8611_79.2819,2020-11-29,17.86111,79.28194,2.95,4.134611238938086,4.476447841385388,2.260687351226806
W_17.8611_79.2819,2021-01-09,17.86111,79.28194,4.73,4.1539656719849125,4.073522897964438,4.086942672729492
W_17.6708_79.325,2016-01-04,17.67083,79.325,5.49,9.92338566176956,9.600261676275204,8.90866470336914
W_17.6708_79.325,2017-01-04,17.67083,79.325,13.85,6.676565215194092,6.2650257178093245,6.2555832862854
W_17.6708_79.325,2018-11-04,17.67083,79.325,6.1,7.95625098529372,7.598870703795878,7.962258815765381
W_17.6708_79.325,2019-01-04,17.67083,79.325,19.14,9.721426867179906,8.231852611829241,12.17093276977539
W_17.6708_79.325,2019-05-04,17.67083,79.325,21.9,11.688816283133992,10.627107151278564,11.398271560668944
W_17.6708_79.325,2019-10-31,17.67083,79.325,8.97,5.527396707720543,7.350929356503262,4.275356769561768
W_17.6708_79.325,2020-01-09,17.67083,79.325,9.5,5.911134249874229,5.3045744750797486,6.007177352905273
W_17.6708_79.325,2020-11-29,17.67083,79.325,2.96,4.336587913213421,4.234249500701779,2.1206071376800537
W_17.6708_79.325,2021-01-09,17.67083,79.325,3.63,3.909867966189566,3.890977653829704,3.578014612197876
W_18.2053_80.2056,2018-11-04,18.20528,80.20556,2.95,7.941883444306009,6.438075748469262,7.962258815765381
W_18.2053_80.2056,2019-01-04,18.20528,80.20556,4.6,5.065445248313735,5.990249581311479,4.0647807121276855
W_18.2053_80.2056,2019-10-31,18.20528,80.20556,0.6,5.160615368792189,4.621108140683763,4.2030134201049805
W_18.2053_80.2056,2020-01-09,18.20528,80.20556,1.98,4.691422064551787,5.069383806407114,4.953860759735107
W_18.2053_80.2056,2020-11-29,18.20528,80.20556,0.62,4.181354309031419,4.012266731097959,3.1485884189605717
W_18.2053_80.2056,2021-01-09,18.20528,80.20556,1.38,4.372699013352459,4.42976911586741,4.250802993774414
W_18.0_79.5833,2016-11-04,18.0,79.58333,0.57,4.2368078649842555,3.985663904857318,6.507898807525635
W_18.0_79.5833,2017-01-04,18.0,79.58333,2.77,7.912705327867493,7.433047486372523,7.775206089019775
W_18.0_79.5833,2017-08-24,18.0,79.58333,1.75,6.061957716283875,6.637582269495159,3.149899482727051
W_18.0_79.5833,2018-11-04,18.0,79.58333,2.87,7.944687503090322,7.319241021960568,7.962258815765381
W_18.0_79.5833,2019-01-04,18.0,79.58333,3.02,6.932332594274496,7.550623593137415,7.1517839431762695
W_18.0_79.5833,2019-05-04,18.0,79.58333,4.37,9.564794832296085,10.073068421374936,8.958223342895508
W_18.0_79.5833,2019-10-31,18.0,79.58333,1.72,5.2829674886451174,4.897471812665838,4.275356769561768
W_18.0_79.5833,2020-01-09,18.0,79.58333,2.67,4.438665136750978,5.3655575260419255,4.112428188323975
W_18.0_79.5833,2020-11-29,18.0,79.58333,2.07,4.046349867753867,4.132149262840103,1.835586667060852
W_18.0_79.5833,2021-01-09,18.0,79.58333,2.66,3.8847758674358595,3.628097986077874,3.971592426300049
W_17.7839_79.4083,2016-11-04,17.78389,79.40833,7.52,4.25129212075857,4.490101438217369,5.027560234069824
W_17.7839_79.4083,2017-01-04,17.78389,79.40833,7.95,6.8476205953228435,6.463855210655577,4.809018611907959
W_17.7839_79.4083,2018-11-04,17.78389,79.40833,11.0,7.945342529216161,7.143778439738623,7.962258815765381
W_17.7839_79.4083,2019-01-04,17.78389,79.40833,8.4,9.170404681123923,8.245394213955555,11.07291030883789
W_17.7839_79.4083,2019-05-04,17.78389,79.40833,10.6,10.54314005939907,10.303206489632023,7.884087562561035
W_17.7839_79.4083,2019-10-31,17.78389,79.40833,5.6,5.045406502902713,4.977992415787915,4.275356769561768
W_17.7839_79.4083,2020-01-09,17.78389,79.40833,4.5,5.622373557770122,5.377361177020931,5.223518371582031
W_17.7839_79.4083,2020-11-29,17.78389,79.40833,4.35,4.064961677800686,4.286311800990344,2.3520452976226807
W_17.7839_79.4083,2021-01-09,17.78389,79.40833,3.57,3.566680774329808,4.019168081092708,3.409352779388428
W_17.6708_79.325,2016-01-04,17.67083,79.325,15.35,9.92338566176956,9.600261676275204,8.90866470336914
W_17.6708_79.325,2016-11-04,17.67083,79.325,11.85,5.3801913114401625,5.579409590206371,4.731669425964356
W_17.6708_79.325,2017-01-04,17.67083,79.325,13.85,6.676565215194092,6.2650257178093245,6.2555832862854
W_17.6708_79.325,2018-11-04,17.67083,79.325,16.87,7.95625098529372,7.598870703795878,7.962258815765381
W_17.6708_79.325,2019-01-04,17.67083,79.325,7.1,9.721426867179906,8.231852611829241,12.17093276977539
W_17.6708_79.325,2019-05-04,17.67083,79.325,15.2,11.688816283133992,10.627107151278564,11.398271560668944
W_17.6708_79.325,2019-10-31,17.67083,79.325,4.0,5.527396707720543,7.350929356503262,4.275356769561768
W_17.6708_79.325,2020-01-09,17.67083,79.325,7.6,5.911134249874229,5.3045744750797486,6.007177352905273
W_17.6708_79.325,2020-11-29,17.67083,79.325,5.07,4.336587913213421,4.234249500701779,2.1206071376800537
W_17.6708_79.325,2021-01-09,17.67083,79.325,9.64,3.909867966189566,3.890977653829704,3.578014612197876
W_18.1667_80.4,2016-11-04,18.16667,80.4,2.58,4.5116131479941215,5.015960240659382,4.656688213348389
W_18.1667_80.4,2018-11-04,18.16667,80.4,3.55,7.954307298446814,7.269705881845402,7.962258815765381
W_18.1667_80.4,2019-01-04,18.16667,80.4,4.15,7.050455809465272,6.702553886741745,8.359949111938477
W_18.1667_80.4,2019-05-04,18.16667,80.4,5.8,10.079326951951131,9.508049026005338,11.446027755737305
W_18.1667_80.4,2019-10-31,18.16667,80.4,1.55,5.0654515327871605,5.344839131990363,4.275356769561768
W_18.1667_80.4,2020-01-09,18.16667,80.4,3.1,5.994928640291159,5.238811565181721,6.921799182891846
W_18.1667_80.4,2021-01-09,18.16667,80.4,3.28,4.765270352802246,5.7355925209992185,4.314242839813232
W_17.8417_79.9333,2016-11-04,17.84167,79.93333,15.52,5.367033978764783,6.371480739087442,4.249847412109375
W_17.8417_79.9333,2017-01-04,17.84167,79.93333,14.28,5.917844862074425,5.807577056012383,6.158613681793213
W_17.8417_79.9333,2018-11-04,17.84167,79.93333,23.15,7.942119461211928,7.20906970266371,7.962258815765381
W_17.8417_79.9333,2019-01-04,17.84167,79.93333,21.0,6.110734021395584,6.828348466319708,6.15747594833374
W_17.8417_79.9333,2019-05-04,17.84167,79.93333,29.3,9.816095022047174,9.890610969728185,10.747840881347656
W_17.8417_79.9333,2019-10-31,17.84167,79.93333,15.8,5.225274388105871,5.203010956933342,4.275356769561768
W_17.8417_79.9333,2020-01-09,17.84167,79.93333,15.2,4.727676468232808,5.215397318647659,4.4176411628723145
W_17.8417_79.9333,2020-11-29,17.84167,79.93333,17.35,4.08394986196783,4.0997751926578685,1.7952423095703125
W_17.8417_79.9333,2021-01-09,17.84167,79.93333,15.7,3.1937494972678304,3.62566810270621,3.20597243309021
W_17.9117_79.3339,2016-01-04,17.91167,79.33389,4.9,12.549276560002529,11.869899825621454,12.73379898071289
W_17.9117_79.3339,2016-11-04,17.91167,79.33389,22.25,6.799227184475753,7.676947492831588,6.533477306365967
W_17.9117_79.3339,2017-01-04,17.91167,79.33389,3.39,7.88512322407768,7.712601875361511,8.769514083862305
W_17.9117_79.3339,2018-11-04,17.91167,79.33389,4.2,7.931835898862264,8.75399052632539,7.962258815765381
W_17.9117_79.3339,2019-01-04,17.91167,79.33389,4.94,11.945467779570638,9.055700446637662,14.021722793579102
W_17.9117_79.3339,2019-05-04,17.91167,79.33389,7.3,12.464807969629083,10.789106075984929,15.87700080871582
W_17.9117_79.3339,2019-10-31,17.91167,79.33389,1.5,4.644266417335406,8.804919379029403,4.275356769561768
W_17.9117_79.3339,2020-01-09,17.91167,79.33389,2.64,6.441761855437038,5.484301378871709,7.541361331939697
W_17.9117_79.3339,2020-11-29,17.91167,79.33389,1.22,4.115079810415708,4.329855178962373,2.1090967655181885
W_17.9117_79.3339,2021-01-09,17.91167,79.33389,2.35,4.206139514359726,4.087093068135586,4.396762371063232
W_18.2722_78.1278,2016-11-04,18.27222,78.12778,5.82,5.373182049947529,6.180386246641838,4.217137336730957
W_18.2722_78.1278,2017-01-04,18.27222,78.12778,6.5,5.969006794284678,6.472257401582868,5.801948070526123
W_18.2722_78.1278,2018-11-04,18.27222,78.12778,5.9,7.939751738185076,7.354288336936745,7.962258815765381
W_18.2722_78.1278,2018-11-11,18.27222,78.12778,7.0,7.939751738185076,7.354288336936745,7.962258815765381
W_18.2722_78.1278,2018-11-18,18.27222,78.12778,7.05,7.723048349955301,6.767881052631619,6.827665328979492
W_18.2722_78.1278,2018-11-25,18.27222,78.12778,7.1,7.723048349955301,6.767881052631619,6.827665328979492
W_18.2722_78.1278,2018-12-04,18.27222,78.12778,7.4,6.652588425241928,6.58809755761987,6.827665328979492
W_18.2722_78.1278,2018-12-11,18.27222,78.12778,7.6,6.6525884252419285,6.58809755761987,6.827665328979492
W_18.2722_78.1278,2018-12-18,18.27222,78.12778,7.8,4.045600155487856,7.7448971032792,8.031487464904785
W_18.2722_78.1278,2018-12-25,18.27222,78.12778,8.0,4.045600155487856,7.7448971032792,8.031487464904785
W_18.2722_78.1278,2019-01-04,18.27222,78.12778,8.1,10.774347401220712,11.623452990290716,8.031487464904785
W_18.2722_78.1278,2019-05-04,18.27222,78.12778,10.9,12.510618674466674,12.269886303966416,10.127704620361328
W_18.2722_78.1278,2019-10-31,18.27222,78.12778,3.87,4.490648468705717,5.2838849441827325,3.959733247756958
W_18.2722_78.1278,2020-01-09,18.27222,78.12778,6.6,5.349637628884129,7.44587200782812,4.087170124053955
W_18.2722_78.1278,2020-11-29,18.27222,78.12778,4.35,4.752568231895132,5.64241392393252,4.157827377319336
W_18.2722_78.1278,2021-01-09,18.27222,78.12778,6.7,6.636086818949198,6.479568232838419,7.74385404586792
W_18.28_78.06,2016-11-04,18.28,78.06,3.55,5.373182049947529,6.180386246641838,4.217137336730957
W_18.28_78.06,2017-01-04,18.28,78.06,5.62,5.969006794284678,6.472257401582868,5.801948070526123
W_18.28_78.06,2018-11-04,18.28,78.06,4.0,7.939751738185076,7.354288336936745,7.962258815765381
W_18.28_78.06,2019-01-04,18.28,78.06,5.05,10.774347401220712,11.623452990290716,8.031487464904785
W_18.5_77.6167,2021-01-09,18.5,77.61667,32.1,5.856738934627128,5.86570222378794,6.12650203704834
W_18.1653_78.4081,2018-11-04,18.16528,78.40806,14.86,7.962083343803957,9.663845353304565,7.962258815765381
W_18.1653_78.4081,2019-01-04,18.16528,78.40806,15.2,14.917649240961719,13.882779894154655,15.368871688842772
W_18.1653_78.4081,2019-05-04,18.16528,78.40806,18.7,15.350144046947374,13.393769152090778,18.10340881347656
W_18.1653_78.4081,2019-10-31,18.16528,78.40806,2.26,4.271624771464082,9.438022815771497,4.26820182800293
W_18.1653_78.4081,2020-01-09,18.16528,78.40806,3.57,7.400647385628331,8.466481584018219,8.393781661987305
W_18.1653_78.4081,2020-11-29,18.16528,78.40806,2.8,4.971161778720813,5.498695568397807,5.689746379852295
W_18.1653_78.4081,2021-01-09,18.16528,78.40806,3.01,7.489680821781555,7.90672366702407,8.50079345703125
W_18.2667_77.7833,2016-11-04,18.26667,77.78333,7.95,6.635651066157054,8.977617018351383,5.634037971496582
W_18.2667_77.7833,2017-01-04,18.26667,77.78333,10.5,7.309898239318115,7.457207433929742,8.186007499694824
W_18.2667_77.7833,2018-11-04,18.26667,77.78333,15.03,7.961379881829659,8.79201777211791,7.962258815765381
W_18.2667_77.7833,2019-01-04,18.26667,77.78333,17.9,9.661711449469612,10.95656192069953,10.19849967956543
W_18.2667_77.7833,2019-05-04,18.26667,77.78333,24.4,14.06379681831916,11.575030731359872,17.032875061035156
W_18.2667_77.7833,2019-10-31,18.26667,77.78333,8.22,5.498438458530754,8.696839121486068,3.7927205562591553
W_18.2667_77.7833,2020-01-09,18.26667,77.78333,10.0,6.1538839813529576,6.832385571967762,9.102526664733888
W_18.2667_77.7833,2020-11-29,18.26667,77.78333,4.88,5.371217158071453,5.1489295950606575,2.96500563621521
W_18.2667_77.7833,2021-01-09,18.26667,77.78333,7.29,5.544237730906014,5.12772299456678,6.414680004119873
W_18.9583_78.1722,2016-11-04,18.95833,78.17222,2.59,5.10269609871006,5.032662767725663,5.6793084144592285
W_18.6806_78.0933,2016-11-04,18.68056,78.09333,4.42,7.458651160107517,9.141829908915394,8.284186363220215
W_18.6806_78.0933,2017-01-04,18.68056,78.09333,6.2,9.518349535258459,9.514091592463789,9.428680419921877
W_18.6806_78.0933,2018-11-04,18.68056,78.09333,3.62,7.960778678797583,8.909813641229828,7.962258815765381
W_18.6806_78.0933,2019-01-04,18.68056,78.09333,2.3,10.278425115310426,8.451898556115683,11.904272079467772
W_18.6806_78.0933,2019-05-04,18.68056,78.09333,9.2,14.34545644337067,11.99350942481574,17.1104736328125
W_18.6806_78.0933,2019-10-31,18.68056,78.09333,1.9,6.344578180833045,8.810112806491718,4.78066873550415
W_18.6806_78.0933,2020-01-09,18.68056,78.09333,3.75,9.385161677379957,7.46743504140096,8.986324310302734
W_18.6806_78.0933,2020-11-29,18.68056,78.09333,3.51,6.099981073571168,5.318721377583004,6.63368034362793
W_18.6806_78.0933,2021-01-09,18.68056,78.09333,5.7,8.359456735288857,8.252568388866058,8.142007827758789
W_17.4528_78.4944,2018-11-04,17.45278,78.49444,8.36,7.957230494704796,7.9732961112366,7.962258815765381
W_17.4528_78.4944,2019-08-19,17.45278,78.49444,5.08,8.782257704374851,6.761060247085661,8.35786247253418
W_17.4528_78.4944,2019-10-31,17.45278,78.49444,3.76,5.569877319883779,7.126169949254123,4.275356769561768
W_17.4528_78.4944,2020-01-09,17.45278,78.49444,4.47,9.507891737980392,7.90081906036911,8.27432918548584
W_17.4528_78.4944,2020-11-29,17.45278,78.49444,1.62,4.823236982996473,5.466164900799527,3.1070268154144287
W_17.4528_78.4944,2021-01-09,17.45278,78.49444,3.64,5.253391060393829,5.3270229979567,5.790851593017578
W_17.4528_78.4944,2020-11-29,17.45278,78.49444,1.66,4.823236982996473,5.466164900799527,3.1070268154144287
W_17.4528_78.4944,2021-01-09,17.45278,78.49444,3.4,5.253391060393829,5.3270229979567,5.790851593017578
W_17.4625_78.4792,2018-11-04,17.4625,78.47917,9.14,7.957230494704796,7.9732961112366,7.962258815765381
W_17.4625_78.4792,2019-01-04,17.4625,78.47917,10.51,13.834778563135538,13.305168481728916,9.827595710754396
W_17.4625_78.4792,2019-05-04,17.4625,78.47917,14.2,12.493593583590512,12.3465732338638,9.195537567138672
W_17.4625_78.4792,2019-08-19,17.4625,78.47917,16.64,8.782257704374851,6.761060247085661,8.35786247253418
W_17.4625_78.4792,2020-01-09,17.4625,78.47917,6.52,9.507891737980392,7.90081906036911,8.27432918548584
W_17.4625_78.4792,2020-11-29,17.4625,78.47917,0.54,4.823236982996473,5.466164900799527,3.1070268154144287
W_17.4625_78.4792,2021-01-09,17.4625,78.47917,2.6,5.253391060393829,5.3270229979567,5.790851593017578
W_17.3833_78.4333,2016-11-04,17.38333,78.43333,14.85,4.851448062612611,5.31470627806743,8.183738708496094
W_17.3833_78.4333,2018-11-04,17.38333,78.43333,16.09,7.6820009997039005,9.171656051381092,5.442936420440674
W_17.3833_78.4333,2019-01-04,17.38333,78.43333,17.7,15.109639432312818,13.813327709900395,15.752392768859863
W_17.3833_78.4333,2019-05-04,17.38333,78.43333,69.6,12.677719099821315,13.690143893264814,10.645944595336914
W_17.3833_78.4333,2019-10-31,17.38333,78.43333,14.68,5.622587594439412,7.289430205834066,4.275356769561768
W_17.3833_78.4333,2020-01-09,17.38333,78.43333,15.3,8.759175355328258,10.497393890107183,7.725284576416016
W_17.3833_78.4333,2020-11-29,17.38333,78.43333,5.85,6.708441292114693,7.166921292105057,3.2609782218933105
W_17.3833_78.4333,2021-01-09,17.38333,78.43333,8.88,5.7398879719787805,5.619918216120503,6.742502212524414
W_17.4417_78.5306,2016-11-04,17.44167,78.53056,5.73,7.861602438030029,8.190002236396547,6.291733264923096
W_17.4417_78.5306,2018-11-04,17.44167,78.53056,8.83,7.957230494704796,7.9732961112366,7.962258815765381
W_17.4417_78.5306,2019-01-04,17.44167,78.53056,9.85,13.834778563135538,13.305168481728916,9.827595710754396
W_17.4417_78.5306,2019-05-04,17.44167,78.53056,72.7,12.493593583590513,12.3465732338638,9.195537567138672
W_17.4417_78.5306,2019-10-31,17.44167,78.53056,5.39,5.569877319883779,7.126169949254123,4.275356769561768
W_17.4417_78.5306,2020-11-29,17.44167,78.53056,1.74,4.823236982996473,5.466164900799527,3.1070268154144287
W_17.4417_78.5306,2021-01-09,17.44167,78.53056,4.5,5.253391060393829,5.3270229979567,5.790851593017578
W_18.6486_79.2625,2018-11-04,18.64861,79.2625,2.85,7.932191485192291,7.734695681077176,7.962258815765381
W_18.6486_79.2625,2019-01-04,18.64861,79.2625,4.3,6.290463976410481,7.413040287739656,6.349789619445801
W_18.6486_79.2625,2019-05-04,18.64861,79.2625,7.25,9.60007054729441,9.941146053948504,11.11459732055664
W_18.6486_79.2625,2019-10-31,18.64861,79.2625,2.9,4.9748410329216295,5.524637639033721,4.164376258850098
W_18.6486_79.2625,2020-01-09,18.64861,79.2625,3.85,4.388718700624974,5.166426736823636,4.024634838104248
W_18.6486_79.2625,2020-11-29,18.64861,79.2625,2.1,4.55603663065286,4.550221777012769,3.3160269260406494
W_18.6486_79.2625,2021-01-09,18.64861,79.2625,3.45,4.800364703795966,4.8501007964294045,4.6469268798828125
W_18.5625_79.9208,2018-11-04,18.5625,79.92083,9.35,7.961722494952307,6.850552477744975,7.962258815765381
W_18.5625_79.9208,2018-11-11,18.5625,79.92083,9.55,7.961722494952307,6.850552477744975,7.962258815765381
W_18.5625_79.9208,2018-11-18,18.5625,79.92083,9.75,6.881903059638073,4.6415076115821785,2.951604127883911
W_18.5625_79.9208,2018-11-25,18.5625,79.92083,9.65,6.881903059638073,4.6415076115821785,2.951604127883911
W_18.5625_79.9208,2018-12-04,18.5625,79.92083,9.95,3.5170979432663003,4.367633185061704,2.951604127883911
W_18.5625_79.9208,2018-12-11,18.5625,79.92083,10.15,3.5170979432663003,4.367633185061704,2.951604127883911
W_18.5625_79.9208,2018-12-18,18.5625,79.92083,9.85,4.513068336644481,4.446118123766505,5.293519020080566
W_18.5625_79.9208,2018-12-25,18.5625,79.92083,10.05,4.513068336644481,4.446118123766505,5.293519020080566
W_18.5625_79.9208,2019-01-04,18.5625,79.92083,10.0,5.280141604275048,5.683967952338584,5.293519020080566
W_18.5625_79.9208,2019-05-04,18.5625,79.92083,12.56,9.34109552649784,9.74876782632223,6.233843803405762
W_18.5625_79.9208,2019-10-31,18.5625,79.92083,2.42,5.213487075072034,4.324012291965197,3.826450824737549
W_18.5625_79.9208,2020-01-09,18.5625,79.92083,3.35,4.744903493791839,4.848391423700273,3.869869947433472
W_18.5625_79.9208,2020-11-29,18.5625,79.92083,1.85,4.221894065587138,4.394632342532135,3.558194637298584
W_18.5625_79.9208,2021-01-09,18.5625,79.92083,3.33,5.038110016916641,4.93731575971883,5.5657267570495605
W_18.4417_79.0833,2018-11-04,18.44167,79.08333,5.5,7.942966801011704,7.731140610825159,7.962258815765381
W_18.4417_79.0833,2019-01-04,18.44167,79.08333,7.65,9.482894468000119,9.47506737488207,8.80351734161377
W_18.4417_79.0833,2019-05-04,18.44167,79.08333,10.55,11.0984668213779,10.220788020725282,9.811395645141602
W_18.4417_79.0833,2019-10-31,18.44167,79.08333,0.25,5.078087311716291,5.338912101711887,4.275356769561768
W_18.4417_79.0833,2020-01-09,18.44167,79.08333,2.96,6.147731971209212,6.4194357810638,5.827845573425293
W_18.4417_79.0833,2020-11-29,18.44167,79.08333,0.58,4.573327318719396,4.544192140573377,3.4981226921081543
W_18.4417_79.0833,2021-01-09,18.44167,79.08333,2.97,5.104741744840264,5.271616807429669,4.9793620109558105
W_18.7636_78.6236,2018-11-04,18.76361,78.62361,5.58,7.968417046628523,8.288439071038747,7.962258815765381
W_18.7636_78.6236,2019-01-04,18.76361,78.62361,6.81,10.677809583390198,8.757528983421757,10.496230125427246
W_18.7636_78.6236,2019-05-04,18.76361,78.62361,9.9,12.136714799852296,11.461697879726856,12.25248908996582
W_18.7636_78.6236,2019-10-31,18.76361,78.62361,4.87,5.587498758471438,6.754416507378561,4.284244537353516
W_18.7636_78.6236,2020-01-09,18.76361,78.62361,5.65,7.485406145707416,7.034500498251656,7.79095983505249
W_18.7636_78.6236,2020-11-29,18.76361,78.62361,4.5,4.8923101274578205,5.168327819427734,5.213178634643555
W_18.7636_78.6236,2021-01-09,18.76361,78.62361,6.02,6.949222306851676,6.853616696618558,7.019263744354248
W_18.8583_79.0083,2018-11-04,18.85833,79.00833,1.6,7.895141007343888,6.522606160991519,7.962258815765381
W_18.8583_79.0083,2019-01-04,18.85833,79.00833,3.05,6.0223290801591665,7.408933019109293,4.334841251373291
W_18.8583_79.0083,2019-05-04,18.85833,79.00833,6.35,9.194226467865205,10.08860053410628,7.44379997253418
W_18.8583_79.0083,2019-10-31,18.85833,79.00833,0.55,5.199759998062134,4.645887295698571,4.252726078033447
W_18.8583_79.0083,2020-01-09,18.85833,79.00833,1.6,4.602113694911721,6.348961164768433,3.115386962890625
W_18.8583_79.0083,2020-11-29,18.85833,79.00833,0.8,4.610488959290439,4.92705004857336,2.430213928222656
W_18.8583_79.0083,2021-01-09,18.85833,79.00833,1.75,4.512254218646677,4.296989718263955,4.671988487243652
W_18.9431_79.0958,2016-11-04,18.94306,79.09583,6.68,5.140133378702049,5.592565528551645,4.19263219833374
W_18.9431_79.0958,2017-01-04,18.94306,79.09583,8.04,5.91293927312795,5.910372734038668,5.573451042175293
W_18.9431_79.0958,2017-08-24,18.94306,79.09583,9.26,5.157420440732383,5.049552967463372,4.088431358337402
W_18.9431_79.0958,2018-11-04,18.94306,79.09583,5.91,7.934301231269447,6.913704225927541,7.962258815765381
W_18.9431_79.0958,2019-01-04,18.94306,79.09583,7.64,5.825230762387675,6.699811602135236,4.283644199371338
W_18.9431_79.0958,2019-05-04,18.94306,79.09583,10.06,8.974609880048394,9.713525099014907,7.805607318878174
W_18.9431_79.0958,2019-10-31,18.94306,79.09583,3.56,5.219508443572518,4.597342006418363,4.071043491363525
W_18.9431_79.0958,2020-01-09,18.94306,79.09583,5.96,4.831924101935073,5.180875682807084,3.939995050430298
W_18.9431_79.0958,2021-01-09,18.94306,79.09583,10.21,4.525514561456167,4.278982808933774,4.448968887329102
W_18.6747_79.3008,2018-11-04,18.67472,79.30083,3.35,7.932191485192291,7.734695681077176,7.962258815765381
W_18.6747_79.3008,2019-01-04,18.67472,79.30083,3.9,6.290463976410481,7.413040287739656,6.349789619445801
W_18.6747_79.3008,2019-05-04,18.67472,79.30083,5.85,9.60007054729441,9.941146053948504,11.11459732055664
W_18.6747_79.3008,2019-10-31,18.67472,79.30083,1.95,4.9748410329216295,5.524637639033721,4.164376258850098
W_18.6747_79.3008,2020-01-09,18.67472,79.30083,2.8,4.388718700624974,5.166426736823636,4.024634838104248
W_18.6747_79.3008,2020-11-29,18.67472,79.30083,1.9,4.55603663065286,4.550221777012769,3.3160269260406494
W_18.6747_79.3008,2021-01-09,18.67472,79.30083,1.95,4.800364703795965,4.8501007964294045,4.6469268798828125
W_18.3092_79.1181,2018-11-04,18.30917,79.11806,9.0,7.881821451167175,7.49838033454566,7.962258815765381
W_18.3092_79.1181,2019-01-04,18.30917,79.11806,10.35,8.831969465213264,9.285155169317884,8.322212219238281
W_18.3092_79.1181,2019-05-04,18.30917,79.11806,15.52,11.052710217694079,10.165155772286942,10.794777870178224
W_18.3092_79.1181,2019-10-31,18.30917,79.11806,0.45,4.92283826688904,5.0093959249231945,4.275356769561768
W_18.3092_79.1181,2020-01-09,18.30917,79.11806,2.6,4.485734831307285,5.410022506302305,2.8501555919647217
W_18.3092_79.1181,2020-11-29,18.30917,79.11806,1.4,4.447086158848024,4.256360742416911,2.2743937969207764
W_18.3092_79.1181,2021-01-09,18.30917,79.11806,3.3,4.160741869799513,4.126856571985451,4.415153980255127
W_18.0417_79.325,2016-11-04,18.04167,79.325,4.72,4.510861107281392,5.082875902668337,3.434699773788452
W_18.0417_79.325,2017-01-04,18.04167,79.325,8.22,5.731138166190645,5.236494053091137,7.151904582977295
W_18.0417_79.325,2017-08-24,18.04167,79.325,6.45,6.2814322472091435,6.926037794270163,5.922588348388672
W_18.0417_79.325,2018-11-04,18.04167,79.325,10.7,7.946919005038484,8.090281579385875,7.962258815765381
W_18.0417_79.325,2019-01-04,18.04167,79.325,12.2,10.543729938807557,8.52048153251594,10.851128578186035
W_18.0417_79.325,2019-05-04,18.04167,79.325,16.55,12.098553859009552,10.580839428086954,13.687365531921388
W_18.0417_79.325,2019-10-31,18.04167,79.325,3.62,5.810779178994573,8.503048660378292,4.275356769561768
W_18.0417_79.325,2020-01-09,18.04167,79.325,6.42,5.76788568227429,5.5125563848031405,6.378878116607666
W_18.0417_79.325,2020-11-29,18.04167,79.325,5.03,4.185553243267959,4.30992188348396,1.931827187538147
W_18.0417_79.325,2021-01-09,18.04167,79.325,7.55,4.2338542012821385,3.844377609371956,4.451323986053467
W_18.4458_79.2875,2018-11-04,18.44583,79.2875,9.95,7.93696705267639,6.791937985376947,7.962258815765381
W_18.4458_79.2875,2019-01-04,18.44583,79.2875,12.75,6.464715559947853,7.637597299744957,6.059398651123047
W_18.4458_79.2875,2019-05-04,18.44583,79.2875,16.1,9.791257864788415,10.082962780766405,8.346734046936035
W_18.4458_79.2875,2019-10-31,18.44583,79.2875,5.7,4.752909481953241,4.917849662759705,4.245416164398193
W_18.4458_79.2875,2020-01-09,18.44583,79.2875,8.45,3.4328626096814583,5.236984874790155,2.524956464767456
W_18.4458_79.2875,2020-11-29,18.44583,79.2875,5.54,4.461666642687075,4.2391905903938,2.4174749851226807
W_18.4458_79.2875,2021-01-09,18.44583,79.2875,8.78,4.129859842688197,4.1477092299344855,4.309462070465088
W_18.8111_78.7833,2018-11-04,18.81111,78.78333,2.07,7.842914867404493,7.396368566345824,7.962258815765381
W_18.8111_78.7833,2019-01-04,18.81111,78.78333,2.82,8.12301901237613,8.5049918417658,7.057587623596191
W_18.8111_78.7833,2019-05-04,18.81111,78.78333,3.27,9.857446527683843,11.060937755214558,10.289671897888184
W_18.8111_78.7833,2019-10-31,18.81111,78.78333,2.02,4.6602561136526255,4.902573823729058,4.275006771087647
W_18.8111_78.7833,2020-01-09,18.81111,78.78333,2.27,6.039757848159738,6.876457374015862,6.259852886199951
W_18.8111_78.7833,2020-11-29,18.81111,78.78333,2.02,4.479857522507791,4.926930594715316,3.573113918304444
W_18.8111_78.7833,2021-01-09,18.81111,78.78333,2.69,5.31801592113956,5.337216950356997,6.075572967529297
W_18.7322_78.8142,2018-11-04,18.73222,78.81417,2.83,8.029620881662856,9.057723204846171,7.962258815765381
W_18.7322_78.8142,2019-01-04,18.73222,78.81417,4.28,9.226030923557191,9.129271613056178,9.157488822937012
W_18.7322_78.8142,2019-05-04,18.73222,78.81417,9.33,11.689395076288463,11.27032817418812,13.53767204284668
W_18.7322_78.8142,2019-10-31,18.73222,78.81417,1.48,5.242185129111057,7.792729675380317,4.275304317474365
W_18.7322_78.8142,2020-01-09,18.73222,78.81417,2.28,7.044125140341162,7.025693328043298,7.6989593505859375
W_18.7322_78.8142,2020-11-29,18.73222,78.81417,1.65,4.576097070635169,5.077685337379007,4.218022346496582
W_18.7322_78.8142,2021-01-09,18.73222,78.81417,2.54,5.886097509990723,6.040015756389833,6.336566925048828
W_18.2958_78.8208,2016-11-04,18.29583,78.82083,4.05,4.731915718110226,5.142960542072211,4.206589698791504
W_18.2958_78.8208,2017-01-04,18.29583,78.82083,3.45,5.922457000742077,6.188879778624413,5.638596057891846
W_18.2958_78.8208,2018-11-04,18.29583,78.82083,15.5,7.934313390000627,7.922433508616009,7.962258815765381
W_18.2958_78.8208,2019-01-04,18.29583,78.82083,16.43,12.274159550678931,12.11222502965946,12.784881591796877
W_18.2958_78.8208,2019-05-04,18.29583,78.82083,18.65,12.074474648011261,11.652433835384334,10.932446479797363
W_18.2958_78.8208,2019-10-31,18.29583,78.82083,5.05,5.280770529907926,5.812761649830843,4.275356769561768
W_18.2958_78.8208,2020-01-09,18.29583,78.82083,5.96,7.046822810981847,7.184347356566745,7.165839672088623
W_18.2958_78.8208,2020-11-29,18.29583,78.82083,3.24,4.584673433603898,5.213346388927795,4.0365519523620605
W_18.2958_78.8208,2021-01-09,18.29583,78.82083,4.11,6.379870231063708,6.098834769647499,6.577508926391602
W_18.7667_79.4833,2018-11-04,18.76667,79.48333,8.3,7.942533722868343,7.53438113768979,7.962258815765381
W_18.7667_79.4833,2019-01-04,18.76667,79.48333,9.05,7.387336127941452,6.401718162639559,8.145484924316406
W_18.7667_79.4833,2019-05-04,18.76667,79.48333,11.75,10.356595346465468,9.676515204398994,10.937691688537598
W_18.7667_79.4833,2019-10-31,18.76667,79.48333,2.65,5.184128095250627,5.965083715989882,3.907310485839844
W_18.7667_79.4833,2020-01-09,18.76667,79.48333,4.35,5.614040704066783,4.908143040894895,6.257057189941406
W_18.7667_79.4833,2020-11-29,18.76667,79.48333,2.65,4.458884847613984,4.926873898556549,4.660540580749512
W_18.7667_79.4833,2021-01-09,18.76667,79.48333,3.76,5.699555910785267,6.040789967426045,5.259312629699707
W_18.7833_78.9,2018-11-04,18.78333,78.9,8.4,7.731466106793719,6.34805193530582,7.962258815765381
W_18.7833_78.9,2019-01-04,18.78333,78.9,10.0,8.591588840994213,8.957790460462695,6.068797588348389
W_18.7833_78.9,2019-10-31,18.78333,78.9,6.95,3.7425937833985023,4.989877492408705,4.275041103363037
W_18.7833_78.9,2020-01-09,18.78333,78.9,8.1,6.407549080865162,6.879875215598533,4.547933101654053
W_18.7833_78.9,2020-11-29,18.78333,78.9,6.02,4.6243327272036225,5.090995663656511,3.3605010509490967
W_18.7833_78.9,2021-01-09,18.78333,78.9,7.52,4.999720685850165,5.1241850696815945,5.479197978973389
W_18.2333_79.4417,2017-01-04,18.23333,79.44167,1.6,6.653803366015885,6.41380154169568,5.667258262634277
W_18.2333_79.4417,2018-11-04,18.23333,79.44167,1.6,7.956642904565016,8.012551397542369,7.962258815765381
W_18.2333_79.4417,2019-01-04,18.23333,79.44167,2.35,6.593677162967881,7.3543286814102,6.556890487670898
W_18.2333_79.4417,2019-05-04,18.23333,79.44167,3.6,9.854857468082269,9.997434599853012,10.474780082702637
W_18.2333_79.4417,2019-10-31,18.23333,79.44167,0.2,4.598387333693693,4.781252147085954,4.269662857055664
W_18.2333_79.4417,2020-01-09,18.23333,79.44167,0.69,3.744976972923067,5.243605551098407,2.909581661224365
W_18.2333_79.4417,2020-11-29,18.23333,79.44167,0.34,4.1047932324484755,4.13049120965208,1.794711947441101
W_18.2333_79.4417,2021-01-09,18.23333,79.44167,0.7,4.15108464736296,3.601090874231053,4.243088245391846
W_18.7833_78.9,2018-11-04,18.78333,78.9,4.2,7.731466106793719,6.34805193530582,7.962258815765381
W_18.7833_78.9,2019-01-04,18.78333,78.9,4.57,8.591588840994213,8.957790460462695,6.068797588348389
W_18.7833_78.9,2019-05-04,18.78333,78.9,5.5,10.340204605458485,11.20100148077132,7.68241548538208
W_18.7833_78.9,2019-10-31,18.78333,78.9,3.47,3.7425937833985023,4.989877492408705,4.275041103363037
W_18.7833_78.9,2020-01-09,18.78333,78.9,4.3,6.407549080865162,6.879875215598533,4.547933101654053
W_18.7833_78.9,2020-11-29,18.78333,78.9,3.93,4.6243327272036225,5.090995663656511,3.3605010509490967
W_18.7833_78.9,2021-01-09,18.78333,78.9,4.53,4.999720685850165,5.1241850696815945,5.479197978973389
W_21.6519_78.8028,2016-01-04,21.65194,78.80278,8.95,10.150609314909683,9.379492760070724,9.790658950805664
W_21.6519_78.8028,2016-11-04,21.65194,78.80278,7.85,6.0094302107491,6.260526697718897,4.211010932922363
W_21.6519_78.8028,2017-01-04,21.65194,78.80278,8.34,6.580401445362443,6.450455958059587,9.180002212524414
W_21.6519_78.8028,2017-08-24,21.65194,78.80278,8.79,5.053889781373871,5.0009171988842125,7.639910221099853
W_21.6519_78.8028,2018-11-12,21.65194,78.80278,10.05,7.951931496206213,7.838046621946754,7.962258815765381
W_21.6519_78.8028,2019-01-14,21.65194,78.80278,10.4,10.019955398817984,10.04824507802692,11.935344696044922
W_21.6519_78.8028,2019-05-26,21.65194,78.80278,12.6,9.55844446572429,9.965468879741602,9.498974800109863
W_21.6519_78.8028,2020-01-09,21.65194,78.80278,11.38,7.495024699264688,8.086426615518565,7.181787490844727
W_21.6519_78.8028,2020-11-29,21.65194,78.80278,7.88,7.489103756327628,6.039373459943343,7.090896129608154
W_21.6519_78.8028,2021-01-09,21.65194,78.80278,8.72,7.737078563910279,7.907380300520983,6.735785484313965
W_21.6519_78.8028,2016-01-04,21.65194,78.80278,8.91,10.150609314909683,9.379492760070724,9.790658950805664
W_21.6519_78.8028,2016-11-04,21.65194,78.80278,7.91,6.0094302107491,6.260526697718897,4.211010932922363
W_21.6519_78.8028,2017-01-04,21.65194,78.80278,8.37,6.580401445362443,6.450455958059587,9.180002212524414
W_21.6519_78.8028,2017-08-24,21.65194,78.80278,8.79,5.05388978137387,5.0009171988842125,7.639910221099853
W_21.6519_78.8028,2018-11-12,21.65194,78.80278,10.11,7.951931496206213,7.838046621946754,7.962258815765381
W_21.6519_78.8028,2019-01-14,21.65194,78.80278,10.21,10.019955398817984,10.04824507802692,11.935344696044922
W_21.6519_78.8028,2019-05-26,21.65194,78.80278,13.68,9.55844446572429,9.965468879741602,9.498974800109863
W_21.6519_78.8028,2020-01-09,21.65194,78.80278,11.68,7.495024699264688,8.086426615518565,7.181787490844727
W_21.6519_78.8028,2021-01-09,21.65194,78.80278,9.05,7.737078563910277,7.907380300520983,6.735785484313965
W_21.8214_79.0131,2016-11-04,21.82139,79.01306,14.76,6.712034052378467,7.147489959965124,7.146048545837402
W_21.8214_79.0131,2017-01-04,21.82139,79.01306,22.05,8.504863092621868,8.472680758993581,13.653526306152344
W_21.8214_79.0131,2017-08-24,21.82139,79.01306,11.53,5.605656275380134,5.395485307159913,7.252079486846924
W_21.8214_79.0131,2018-11-08,21.82139,79.01306,20.8,7.9484047472013994,7.976603600332628,7.962258815765381
W_21.8214_79.0131,2019-01-10,21.82139,79.01306,19.3,12.206530818518626,10.586710097928265,16.788732528686523
W_21.8214_79.0131,2019-05-26,21.82139,79.01306,21.0,9.602815295060685,10.30522631177445,30.772918701171875
W_21.8214_79.0131,2019-11-06,21.82139,79.01306,11.98,5.370948139104027,5.739211355377655,8.005208015441895
W_21.8214_79.0131,2020-01-09,21.82139,79.01306,10.72,8.555525598516232,8.980911728995926,9.638711929321287
W_21.8214_79.0131,2020-11-29,21.82139,79.01306,7.92,7.6364679933194175,6.658698517513292,8.036136627197266
W_21.8214_79.0131,2021-01-09,21.82139,79.01306,9.07,7.860917530427091,8.840286573820432,6.6094746589660645
W_21.5878_78.7314,2016-01-04,21.58778,78.73139,14.65,7.762190330048757,8.060581319167227,7.136051654815674
W_21.5878_78.7314,2016-11-04,21.58778,78.73139,14.96,5.274952130579565,5.62465852639142,3.707831859588623
W_21.5878_78.7314,2017-01-04,21.58778,78.73139,8.13,6.4903873435074315,6.123628504393013,9.570516586303713
W_21.5878_78.7314,2017-08-24,21.58778,78.73139,12.4,5.236223390393195,5.124277235338172,5.696972370147705
W_21.5878_78.7314,2018-11-12,21.58778,78.73139,9.35,7.95991039907805,8.13077199865836,7.962258815765381
W_21.5878_78.7314,2019-01-14,21.58778,78.73139,8.95,9.756596323385205,10.008002833816066,10.280340194702148
W_21.5878_78.7314,2019-05-26,21.58778,78.73139,11.77,9.54731670368874,9.934817482046263,10.145755767822266
W_21.5878_78.7314,2019-11-06,21.58778,78.73139,8.57,6.495378190737009,5.976326358692413,7.623842716217041
W_21.5878_78.7314,2020-01-09,21.58778,78.73139,7.27,7.479461375470923,8.27366037451269,7.4060750007629395
W_21.5878_78.7314,2020-11-29,21.58778,78.73139,7.0,7.640864246492808,6.288837878310691,6.078366756439209
W_21.5878_78.7314,2021-01-09,21.58778,78.73139,7.77,6.994042427368483,7.329471607350705,6.799399375915527
W_21.9625_78.9378,2016-01-04,21.9625,78.93778,13.88,8.929747428189007,9.440071566532469,10.842758178710938
W_21.9625_78.9378,2016-11-04,21.9625,78.93778,5.1,5.4619931970228635,6.288073616917595,4.99306058883667
W_21.9625_78.9378,2017-01-04,21.9625,78.93778,15.65,6.980164797707683,7.168669057011285,7.739627361297607
W_21.9625_78.9378,2017-08-24,21.9625,78.93778,6.26,5.420089820242599,5.429934118015521,5.509608268737793
W_21.9625_78.9378,2018-11-12,21.9625,78.93778,10.5,7.967399509002215,8.235731794153757,7.962258815765381
W_21.9625_78.9378,2019-01-10,21.9625,78.93778,11.3,12.592023261576168,10.40873472870733,20.152780532836918
W_21.9625_78.9378,2019-05-26,21.9625,78.93778,14.25,9.548415357479112,10.212341236454622,9.842691421508787
W_21.9625_78.9378,2019-11-06,21.9625,78.93778,4.76,4.221422956129632,5.36295788246912,5.367555618286133
W_21.9625_78.9378,2020-01-09,21.9625,78.93778,5.36,6.016831412918245,7.565250892654691,4.961100101470947
W_21.9625_78.9378,2020-11-29,21.9625,78.93778,3.97,7.153082954564982,6.001689661884951,10.52143669128418
W_21.9625_78.9378,2021-01-09,21.9625,78.93778,4.42,8.01876682780758,9.870658521334866,6.561347961425781
W_21.9111_77.8981,2018-11-13,21.91111,77.89806,33.81,7.789844001558461,7.80833926646281,7.962258815765381
W_21.9111_77.8981,2019-11-09,21.91111,77.89806,1.09,3.0923281914081544,4.298434507384462,2.822917222976685
W_21.8822_78.5186,2016-01-04,21.88222,78.51861,8.5,7.524621793680553,8.213254571555783,7.787017822265625
W_21.8822_78.5186,2016-11-04,21.88222,78.51861,8.53,5.500383436795943,6.052160943823865,5.419026851654053
W_21.8822_78.5186,2017-01-04,21.88222,78.51861,10.58,7.040563516744609,7.619076409501513,6.937755107879639
W_21.8822_78.5186,2017-08-24,21.88222,78.51861,8.2,5.01973855524611,5.2229237266948205,5.966379165649414
W_21.8822_78.5186,2018-08-19,21.88222,78.51861,12.11,6.934093103741678,4.718834697408061,6.160520076751709
W_21.8822_78.5186,2018-11-15,21.88222,78.51861,10.02,7.945307480948474,8.14468377306126,7.962258815765381
W_21.8822_78.5186,2019-01-03,21.88222,78.51861,10.78,14.136451370088244,11.784555757035337,15.722670555114746
W_21.8822_78.5186,2019-05-04,21.88222,78.51861,11.33,10.565494622925334,10.418915393282608,9.83771800994873
W_21.8822_78.5186,2019-11-09,21.88222,78.51861,7.53,4.624907120426865,4.868922494042481,3.4655799865722656
W_21.8822_78.5186,2020-01-09,21.88222,78.51861,9.73,5.201468841988902,6.05712796263111,5.652493000030518
W_21.8822_78.5186,2020-11-29,21.88222,78.51861,8.63,7.6513522914291,7.106236722862852,7.008526802062988
W_21.8822_78.5186,2021-01-09,21.88222,78.51861,10.05,7.702455559226417,7.976864947789976,7.199497222900391
W_21.8567_77.8028,2016-01-04,21.85667,77.80278,19.08,8.595827232749697,7.837982015462462,8.172415733337402
W_21.8567_77.8028,2016-11-04,21.85667,77.80278,9.25,5.059787523983014,6.122012927252029,4.199368000030518
W_21.8567_77.8028,2017-01-04,21.85667,77.80278,19.08,6.2749805526992475,6.294112622921498,6.6012959480285645
W_21.8567_77.8028,2018-11-12,21.85667,77.80278,16.3,7.866730778941502,7.733769270635348,7.962258815765381
W_21.8567_77.8028,2019-01-03,21.85667,77.80278,17.07,7.494328469095541,8.43011101809352,8.509126663208008
W_21.8567_77.8028,2019-05-05,21.85667,77.80278,19.7,10.507272478341868,10.140446704795226,11.19456386566162
W_21.8567_77.8028,2019-11-09,21.85667,77.80278,5.92,3.495851070042361,4.291895483848447,2.218126058578491
W_21.8567_77.8028,2020-01-09,21.85667,77.80278,12.2,4.78766014180853,4.8295725728005054,3.774977445602417
W_21.8567_77.8028,2020-11-29,21.85667,77.80278,17.1,7.2298730670553715,7.448072446556754,7.706991672515869
W_21.8567_77.8028,2021-01-09,21.85667,77.80278,19.38,7.648286238531875,8.298054322708138,6.934071063995361
W_21.775_78.2556,2016-11-04,21.775,78.25556,1.07,5.658469861907372,5.881441742203477,6.347439289093018
W_21.775_78.2556,2017-01-04,21.775,78.25556,2.13,7.720906524744368,7.684170629089074,7.41019868850708
W_21.775_78.2556,2017-08-24,21.775,78.25556,1.75,5.47964236116478,5.188092845206579,5.643413066864014
W_21.775_78.2556,2018-08-20,21.775,78.25556,1.49,6.865696054010019,4.94958230805742,5.561550617218018
W_21.775_78.2556,2018-11-15,21.775,78.25556,1.42,7.931722088858591,7.826907798393142,7.962258815765381
W_21.775_78.2556,2019-01-03,21.775,78.25556,1.53,9.144800192920973,8.565448437101805,10.007227897644045
W_21.775_78.2556,2019-05-04,21.775,78.25556,2.45,10.768509641498042,9.998169562017008,11.082984924316406
W_21.775_78.2556,2019-11-09,21.775,78.25556,1.15,4.165610965445319,4.462828410257465,2.8516833782196045
W_21.775_78.2556,2020-01-09,21.775,78.25556,1.2,5.532752500218876,5.187525662201267,6.007567882537842
W_21.775_78.2556,2020-11-29,21.775,78.25556,1.25,7.512932593122287,6.931708852080324,6.393942832946777
W_21.775_78.2556,2021-01-09,21.775,78.25556,1.65,7.705279496514743,7.599048849945511,7.792468070983887
W_21.9347_75.1364,2016-01-04,21.93472,75.13639,10.69,7.315521285258513,7.415307054841762,7.482733249664307
W_21.9347_75.1364,2016-11-04,21.93472,75.13639,17.43,6.211997899067777,7.321392227614114,4.984163761138916
W_21.9347_75.1364,2017-01-04,21.93472,75.13639,19.12,6.875070530653619,6.647449133351587,6.251645565032959
W_21.9347_75.1364,2018-11-11,21.93472,75.13639,22.07,7.942297542601386,8.068346217723725,7.962258815765381
W_21.9347_75.1364,2019-01-21,21.93472,75.13639,21.4,7.818937544655184,8.433000074201162,7.614031314849853
W_21.9347_75.1364,2019-05-30,21.93472,75.13639,29.5,9.46485408755484,9.751942749251462,10.435662269592283
W_21.9347_75.1364,2019-11-12,21.93472,75.13639,15.0,4.3362554381755745,4.330808014710572,5.026155471801758
W_21.9347_75.1364,2020-01-09,21.93472,75.13639,13.6,6.837275400811542,6.899916895377855,6.111618995666504
W_21.9347_75.1364,2020-11-29,21.93472,75.13639,12.96,7.755841714038754,5.984116577124363,4.465603828430176
W_21.9347_75.1364,2021-01-09,21.93472,75.13639,14.25,7.4763533211606905,7.11419814408325,6.2855072021484375
W_21.8089_75.1753,2016-01-04,21.80889,75.17528,9.42,6.227024835436333,6.867602510999925,6.212584495544434
W_21.8089_75.1753,2016-11-04,21.80889,75.17528,6.55,6.20448766368064,6.63532858107785,4.307398319244385
W_21.8089_75.1753,2017-01-04,21.80889,75.17528,6.57,5.985091104744602,6.101754221951441,5.749210834503174
W_21.8089_75.1753,2018-11-07,21.80889,75.17528,7.4,7.95993114184458,7.3262869674659425,7.962258815765381
W_21.8089_75.1753,2019-01-11,21.80889,75.17528,7.95,7.527485173395926,8.489172125347807,6.529037952423096
W_21.8089_75.1753,2019-05-30,21.80889,75.17528,6.95,9.559984603331987,9.467691988770795,10.598464965820312
W_21.8089_75.1753,2019-11-12,21.80889,75.17528,4.56,4.26124703599173,4.171945722114517,4.069103717803955
W_21.8089_75.1753,2020-01-09,21.80889,75.17528,6.2,5.409814688329931,5.839859051479805,6.010758399963379
W_21.8089_75.1753,2020-11-29,21.80889,75.17528,4.42,7.59740052038276,5.2780665665531545,4.52711296081543
W_21.8089_75.1753,2021-01-09,21.80889,75.17528,3.15,6.97461844088252,7.06841255506866,6.597894668579102
W_21.8214_75.4506,2016-01-04,21.82139,75.45056,4.68,7.5841474731147445,7.585573899512268,8.403512954711914
W_21.8214_75.4506,2016-11-04,21.82139,75.45056,3.8,5.175110731789424,6.464268411048527,5.250882625579834
W_21.8214_75.4506,2017-01-04,21.82139,75.45056,4.92,6.686912907793102,6.810073681890166,6.241693496704102
W_21.8214_75.4506,2018-11-11,21.82139,75.45056,3.24,7.956115294231786,6.964788814487546,7.962258815765381
W_21.8214_75.4506,2019-01-17,21.82139,75.45056,3.95,9.031187463992753,8.989853487667942,5.951421737670898
W_21.8214_75.4506,2019-05-30,21.82139,75.45056,5.25,9.628130132290426,9.546824902554045,8.013816833496094
W_21.8214_75.4506,2019-11-14,21.82139,75.45056,0.5,4.271269350030515,4.387947006302175,2.9444804191589355
W_21.8214_75.4506,2020-01-09,21.82139,75.45056,1.45,5.037940535626166,4.976373135795551,5.980002880096436
W_21.8214_75.4506,2020-11-29,21.82139,75.45056,1.84,7.762204550603551,6.050287870898463,4.953887939453125
W_21.8214_75.4506,2021-01-09,21.82139,75.45056,3.25,6.8331522837356635,7.264177518376061,7.409244060516357
W_21.8064_79.5008,2016-11-04,21.80639,79.50083,5.76,6.069584514540529,5.781591810576803,4.891490459442139
W_21.8064_79.5008,2017-01-04,21.80639,79.50083,7.71,6.808215304148463,6.4207223955108725,7.98247766494751
W_21.8064_79.5008,2018-11-08,21.80639,79.50083,6.72,7.960127999237461,7.829355263638539,7.962258815765381
W_21.8064_79.5008,2019-01-11,21.80639,79.50083,5.4,8.078952815558916,7.825457051837811,9.574931144714355
W_21.8064_79.5008,2019-01-12,21.80639,79.50083,7.6,8.078952815558916,7.825457051837811,9.574931144714355
W_21.8064_79.5008,2019-05-30,21.80639,79.50083,8.73,9.543624630085581,9.895196902565475,12.12539005279541
W_21.8064_79.5008,2019-11-11,21.80639,79.50083,4.45,4.9381601706293505,4.831820087324624,3.661406755447388
W_21.8064_79.5008,2020-01-09,21.80639,79.50083,4.62,5.187554509711992,5.524440796093797,5.253620147705078
W_21.8064_79.5008,2020-11-29,21.80639,79.50083,3.62,6.532592013543985,4.67531204135506,3.191491842269897
W_21.8064_79.5008,2021-01-09,21.80639,79.50083,4.14,4.9577660058147055,5.161809979924426,5.173105239868164
W_21.9472_79.7119,2016-11-04,21.94722,79.71194,4.27,5.180775557119631,5.120222686857267,4.445291519165039
W_21.9472_79.7119,2017-01-04,21.94722,79.71194,5.55,6.201396573097207,6.126671283105538,6.33148717880249
W_21.9472_79.7119,2018-11-07,21.94722,79.71194,4.3,7.960468088571865,7.811519889478342,7.962258815765381
W_21.9472_79.7119,2019-01-14,21.94722,79.71194,6.45,6.903638434175726,7.529779758243341,7.76015567779541
W_21.9472_79.7119,2019-05-30,21.94722,79.71194,8.3,9.328943618663317,9.733831115635038,9.858979225158691
W_21.9472_79.7119,2019-11-11,21.94722,79.71194,2.6,4.888248695971169,4.569064062053055,3.9751057624816895
W_21.9472_79.7119,2020-01-09,21.94722,79.71194,4.07,5.542423605012565,5.729570140301308,5.291657447814941
W_21.9472_79.7119,2020-11-29,21.94722,79.71194,3.19,5.861252378599477,5.089727192070535,3.3232033252716064
W_21.9472_79.7119,2021-01-09,21.94722,79.71194,5.57,5.106003792602992,5.179734636466876,4.696671009063721
W_21.6306_79.8389,2016-11-04,21.63056,79.83889,3.42,4.011514189323703,4.102698641660748,3.469672441482544
W_21.6306_79.8389,2017-01-04,21.63056,79.83889,4.39,5.163070213861685,5.206689712908291,4.930931091308594
W_21.6306_79.8389,2018-11-16,21.63056,79.83889,4.17,7.9778319349364635,6.893033514826641,7.962258815765381
W_21.6306_79.8389,2019-01-14,21.63056,79.83889,4.8,5.4939206105245395,6.830238843744241,4.27988862991333
W_21.6306_79.8389,2019-05-30,21.63056,79.83889,9.45,9.507687999213282,9.211407523024308,7.301092624664307
W_21.6306_79.8389,2019-06-29,21.63056,79.83889,10.79,7.766592748529142,4.8433003985954,6.20161247253418
W_21.6306_79.8389,2019-07-14,21.63056,79.83889,10.44,6.215105603056452,5.493975817259985,6.20161247253418
W_21.6306_79.8389,2019-11-10,21.63056,79.83889,3.17,4.215312262370397,4.239263854305099,2.6876583099365234
W_21.6306_79.8389,2020-01-09,21.63056,79.83889,4.02,3.836197028789327,4.308986895888138,3.3498480319976807
W_21.6306_79.8389,2020-11-29,21.63056,79.83889,1.87,5.620051496138107,3.9107063952125913,2.48075532913208
W_21.6306_79.8389,2021-01-09,21.63056,79.83889,2.13,4.288115487306788,4.246639324706026,4.13637638092041
W_21.3978_80.6269,2016-11-04,21.39778,80.62694,2.77,5.1750883896415685,5.203494720608314,5.328185558319092
W_21.3978_80.6269,2017-01-04,21.39778,80.62694,4.33,6.928305727789689,6.696168063070564,6.847317695617676
W_21.3978_80.6269,2017-08-24,21.39778,80.62694,3.57,5.343886841393718,5.657526854249165,6.201218605041504
W_21.3978_80.6269,2018-11-14,21.39778,80.62694,4.5,7.940959565903899,7.469114309698098,7.962258815765381
W_21.3978_80.6269,2019-01-14,21.39778,80.62694,4.94,7.3649062565277355,6.992990051976506,7.611476898193359
W_21.3978_80.6269,2019-05-30,21.39778,80.62694,8.3,9.569221176367854,8.991757513991114,10.554546356201172
W_21.3978_80.6269,2019-11-10,21.39778,80.62694,8.3,3.3640833576782847,4.017031507087864,3.549045324325561
W_21.3978_80.6269,2020-11-29,21.39778,80.62694,4.61,6.136680330477334,4.940029903064287,4.4564714431762695
W_21.3978_80.6269,2021-01-09,21.39778,80.62694,5.27,5.76799580731714,6.197105080162097,5.271058559417725
W_21.8128_80.1836,2016-11-04,21.81278,80.18361,4.33,5.097716132909925,4.825044287680166,5.494421482086182
W_21.8128_80.1836,2017-01-04,21.81278,80.18361,5.22,6.787183109415878,6.537089882731044,6.711393356323242
W_21.8128_80.1836,2017-08-24,21.81278,80.18361,2.22,5.3461105235590844,5.579307700844231,5.69702672958374
W_21.8128_80.1836,2018-11-14,21.81278,80.18361,4.2,7.9098839386740325,7.40099437020427,7.962258815765381
W_21.8128_80.1836,2019-01-14,21.81278,80.18361,4.6,7.07408052160168,7.2447000110535775,5.124821186065674
W_21.8128_80.1836,2019-05-30,21.81278,80.18361,8.12,9.423489834743341,9.24921048329946,9.617002487182615
W_21.8128_80.1836,2019-11-10,21.81278,80.18361,2.06,4.748015810905437,4.326617428225043,4.109359264373779
W_21.8128_80.1836,2020-01-09,21.81278,80.18361,3.47,5.127175130504797,5.472128962117817,4.5054144859313965
W_21.8128_80.1836,2020-11-29,21.81278,80.18361,2.81,5.730264932009081,4.533305852608255,3.187060594558716
W_21.8128_80.1836,2021-01-09,21.81278,80.18361,3.53,4.723390693371402,4.908295725990327,4.396792888641357
W_21.705_80.225,2016-11-04,21.705,80.225,12.47,4.596517643759072,4.406408389829101,5.184523582458496
W_21.705_80.225,2017-01-04,21.705,80.225,13.52,6.552742657399456,6.189123367067015,6.6438727378845215
W_21.705_80.225,2020-11-29,21.705,80.225,11.91,5.62063197261577,4.382453610339422,3.1493687629699707
W_21.705_80.225,2021-01-09,21.705,80.225,12.62,4.7524703126587,4.829404766794606,4.457930564880371
W_21.6644_80.0172,2016-11-04,21.66444,80.01722,5.24,4.611178137768617,4.47828355029969,4.646279335021973
W_21.6644_80.0172,2017-01-04,21.66444,80.01722,5.84,6.216711628740028,6.009835205593126,6.227218151092529
W_21.6644_80.0172,2017-08-24,21.66444,80.01722,6.2,5.46566173221685,5.555322417197536,5.46157169342041
W_21.6644_80.0172,2018-11-18,21.66444,80.01722,6.1,7.883728884871638,6.076587400967623,4.828805923461914
W_21.6644_80.0172,2019-01-14,21.66444,80.01722,6.26,6.1410250427049675,6.896435197364225,4.758491516113281
W_21.6644_80.0172,2019-05-30,21.66444,80.01722,7.82,9.532548456337185,9.094149313897296,9.90939235687256
W_21.6644_80.0172,2019-11-10,21.66444,80.01722,5.86,4.11556583798885,4.092189899787885,3.1167972087860107
W_21.6644_80.0172,2020-01-09,21.66444,80.01722,6.4,4.5859236025887595,4.686238524335426,4.698647975921631
W_21.6644_80.0172,2020-11-29,21.66444,80.01722,4.5,5.572455606533603,4.122222832994932,2.894435167312622
W_21.6644_80.0172,2021-01-09,21.66444,80.01722,6.16,4.748741227751101,4.542553339157113,4.44169282913208
W_21.9828_76.4639,2016-01-04,21.98278,76.46389,5.32,7.677853769968519,7.556762374860085,6.233407974243164
W_21.9828_76.4639,2016-11-04,21.98278,76.46389,3.85,5.1483973923596515,6.401206260137303,5.0699896812438965
W_21.9828_76.4639,2017-01-04,21.98278,76.46389,4.75,7.405762234415379,6.713072110287943,8.88292407989502
W_21.9828_76.4639,2017-08-24,21.98278,76.46389,2.55,5.471601115306303,5.029371757157258,5.878594398498535
W_21.9828_76.4639,2018-11-21,21.98278,76.46389,4.25,7.218867922583563,6.570551264346035,4.828805923461914
W_21.9828_76.4639,2019-01-14,21.98278,76.46389,4.3,8.046190287527317,8.272928744918152,6.8453755378723145
W_21.9828_76.4639,2019-05-08,21.98278,76.46389,6.68,11.065170691711403,9.858092116009349,12.351716995239258
W_21.9828_76.4639,2019-11-20,21.98278,76.46389,3.23,7.117349614929823,6.091560742353277,3.388033151626587
W_21.9828_76.4639,2020-01-09,21.98278,76.46389,3.79,4.984541173473523,5.135042452402468,5.070852756500244
W_21.9828_76.4639,2020-11-29,21.98278,76.46389,4.25,5.612749854025601,4.749426972840281,4.053125858306885
W_21.9828_76.4639,2021-01-09,21.98278,76.46389,3.83,6.215744957370697,6.333023475972256,5.422056198120117
W_21.8678_76.5661,2016-01-04,21.86778,76.56611,6.31,7.021050217513246,7.36873967010921,6.192063331604004
W_21.8678_76.5661,2016-11-04,21.86778,76.56611,3.94,4.952521515998042,6.423609832532851,4.120387554168701
W_21.8678_76.5661,2017-01-04,21.86778,76.56611,6.04,6.092998549646342,6.090501891601578,7.395781517028809
W_21.8678_76.5661,2017-08-24,21.86778,76.56611,5.0,5.450278449982975,5.03889075754236,5.112631797790527
W_21.8678_76.5661,2018-11-20,21.86778,76.56611,4.64,7.399710050075846,6.187488359102623,4.828805923461914
W_21.8678_76.5661,2019-01-13,21.86778,76.56611,6.8,8.070173328946908,8.919163308280748,6.816457271575928
W_21.8678_76.5661,2019-05-07,21.86778,76.56611,7.77,11.527601235832964,10.354750868399623,10.52249813079834
W_21.8678_76.5661,2019-11-20,21.86778,76.56611,4.63,7.126913465191824,6.155674544678114,2.3750407695770264
W_21.8678_76.5661,2020-01-09,21.86778,76.56611,4.53,4.593694727848735,4.504903187345015,4.748394012451172
W_21.8678_76.5661,2020-11-29,21.86778,76.56611,4.2,5.597764891490377,4.374868965670538,4.191948890686035
W_21.8678_76.5661,2021-01-09,21.86778,76.56611,5.76,6.665498311290159,6.644195210905889,5.93539571762085
W_21.6886_76.1978,2016-01-04,21.68861,76.19778,6.82,7.730389102691934,7.32884080992503,7.015578746795654
W_21.6886_76.1978,2016-11-04,21.68861,76.19778,4.47,4.978120289987422,6.232059489623564,4.317086696624756
W_21.6886_76.1978,2017-01-04,21.68861,76.19778,9.92,6.455575716103419,6.10528911640046,6.5551958084106445
W_21.6886_76.1978,2018-11-21,21.68861,76.19778,4.4,7.374036514056999,5.649043205350786,4.828805923461914
W_21.6886_76.1978,2019-01-14,21.68861,76.19778,8.94,8.157443451605358,8.761074781120985,8.614809036254883
W_21.6886_76.1978,2019-05-10,21.68861,76.19778,12.37,10.858764828322599,10.20675149229009,8.768031120300293
W_21.6886_76.1978,2019-11-20,21.68861,76.19778,2.88,7.036702799189382,6.145374142551533,5.376621723175049
W_21.6886_76.1978,2020-01-09,21.68861,76.19778,3.26,6.41027916201559,6.533793202768591,4.837006092071533
W_21.6886_76.1978,2020-11-29,21.68861,76.19778,8.45,5.909710545244676,4.680590377398163,4.425296783447266
W_21.6886_76.1978,2021-01-09,21.68861,76.19778,4.85,7.876508174306324,7.318375213911599,8.980998039245605
W_21.4264_76.3506,2016-01-04,21.42639,76.35056,2.97,11.235183079331483,9.761880787806907,8.07673454284668
W_21.4264_76.3506,2016-11-04,21.42639,76.35056,7.45,4.982944109881788,6.021679207347326,4.918098449707031
W_21.4264_76.3506,2017-01-04,21.42639,76.35056,4.66,6.7206182906904415,6.56652507550732,6.3455729484558105
W_21.4264_76.3506,2018-08-24,21.42639,76.35056,1.82,6.329664213694582,4.946306784342637,5.223729133605957
W_21.4264_76.3506,2018-11-21,21.42639,76.35056,3.4,7.1809988857500455,6.504128019177589,4.828805923461914
W_21.4264_76.3506,2019-01-15,21.42639,76.35056,4.35,10.290301697196469,10.124757257193014,8.66614818572998
W_21.4264_76.3506,2019-05-09,21.42639,76.35056,7.15,10.8852396091156,10.41263649800316,10.034544944763184
W_21.4264_76.3506,2019-08-23,21.42639,76.35056,2.0,6.198519482284451,5.057722388925081,4.139638900756836
W_21.4264_76.3506,2019-11-20,21.42639,76.35056,2.4,7.095157635927103,6.171998712599074,7.510207653045654
W_21.4264_76.3506,2020-01-09,21.42639,76.35056,2.2,7.0025406364631015,7.910201777214682,5.181545257568359
W_21.4264_76.3506,2020-11-29,21.42639,76.35056,3.29,6.294802545942685,4.770768080613385,5.481873512268066
W_21.3311_76.2336,2016-01-04,21.33111,76.23361,12.59,14.060449222009925,12.178710437789634,11.673121452331545
W_21.3311_76.2336,2016-11-04,21.33111,76.23361,11.45,6.591169903121064,7.532591790908198,7.460799694061279
W_21.3311_76.2336,2017-01-04,21.33111,76.23361,18.2,8.317804553479634,9.286802004963802,8.096673965454102
W_21.3311_76.2336,2018-08-27,21.33111,76.23361,7.92,6.9598062586649725,6.058971460597435,5.380657196044922
W_21.3311_76.2336,2018-11-21,21.33111,76.23361,19.1,7.233926721430997,8.219359717696271,4.828805923461914
W_21.3311_76.2336,2019-01-15,21.33111,76.23361,14.8,12.165473423617868,11.838046695260818,10.934648513793944
W_21.3311_76.2336,2019-05-09,21.33111,76.23361,19.28,14.369256642804972,11.971608609398867,13.10690212249756
W_21.3311_76.2336,2019-08-23,21.33111,76.23361,14.6,4.661802079480529,6.522856035926714,6.638113498687744
W_21.3311_76.2336,2019-11-20,21.33111,76.23361,10.7,7.088338249120035,8.392422413019544,11.257542610168455
W_21.3311_76.2336,2020-01-09,21.33111,76.23361,10.27,10.086549362347421,10.902756892525492,6.826480865478516
W_21.3311_76.2336,2020-11-29,21.33111,76.23361,9.8,6.162282745459894,6.533803309836827,6.310805320739746
W_21.3311_76.2336,2021-01-09,21.33111,76.23361,9.55,9.370945884872954,9.998465358450256,11.83960247039795
W_21.5292_76.3106,2016-11-04,21.52917,76.31056,4.87,4.505467397624687,5.386922565139058,3.732337713241577
W_21.5292_76.3106,2017-01-04,21.52917,76.31056,6.88,5.887285637682635,5.68813507362184,5.9331955909729
W_21.5292_76.3106,2018-08-24,21.52917,76.31056,4.3,6.229593213560042,4.725599078223195,4.392909526824951
W_21.5292_76.3106,2018-11-21,21.52917,76.31056,5.75,7.335319147998271,6.033586483824761,4.828805923461914
W_21.5292_76.3106,2019-01-15,21.52917,76.31056,6.92,8.403894634807273,8.911736104677775,6.546769618988037
W_21.5292_76.3106,2019-05-09,21.52917,76.31056,7.45,11.184393033376512,10.39295103809895,9.463312149047852
W_21.5292_76.3106,2019-08-23,21.52917,76.31056,4.0,6.232048070922865,4.98482471625072,3.141615390777588
W_21.5292_76.3106,2019-11-20,21.52917,76.31056,5.0,7.072960734460068,6.15380077141929,4.579641819000244
W_21.5292_76.3106,2020-01-09,21.52917,76.31056,6.05,5.492987593704552,5.971074289939564,3.9661710262298575
W_21.5292_76.3106,2020-11-29,21.52917,76.31056,6.25,5.884725492738744,4.666675460250863,4.791995525360107
W_21.5292_76.3106,2021-01-09,21.52917,76.31056,7.18,8.430841171553718,7.903795270393621,9.290952682495115
W_21.5306_76.7758,2016-01-04,21.53056,76.77583,13.0,8.626324133371254,7.879649615056054,6.639453887939453
W_21.5306_76.7758,2016-11-04,21.53056,76.77583,10.0,4.668515267335412,5.674447810716797,4.087793350219727
W_21.5306_76.7758,2017-01-04,21.53056,76.77583,10.8,6.001127140500745,6.121481771219761,6.373053550720215
W_21.5306_76.7758,2018-08-24,21.53056,76.77583,12.5,5.310067231988717,4.252610505403766,4.922840595245361
W_21.5306_76.7758,2019-01-09,21.53056,76.77583,12.3,12.395393498543452,11.444849352053197,6.932720184326172
W_21.5306_76.7758,2019-05-19,21.53056,76.77583,13.0,9.57395631261249,9.855458368711735,8.783827781677246
W_21.5306_76.7758,2019-08-19,21.53056,76.77583,9.4,4.930588880555553,4.940834795099631,3.4835519790649414
W_21.5306_76.7758,2019-11-09,21.53056,76.77583,9.6,5.039289905949617,5.267688392101509,3.67745852470398
W_21.5306_76.7758,2020-01-09,21.53056,76.77583,11.0,5.317980702139344,5.235135104224074,5.967329978942871
W_21.5306_76.7758,2020-11-29,21.53056,76.77583,11.5,6.263297252551153,5.284407456092602,5.278104305267334
W_21.5306_76.7758,2021-01-09,21.53056,76.77583,11.8,7.923160667335123,7.493337270322074,7.426536560058594
W_21.3369_76.4867,2016-01-04,21.33694,76.48667,9.97,11.83417069535401,11.12194864198434,11.605626106262209
W_21.3369_76.4867,2016-11-04,21.33694,76.48667,4.31,5.658020168076582,6.604255813090194,6.325500965118408
W_21.3369_76.4867,2017-01-04,21.33694,76.48667,9.3,7.946618271946689,8.612214184745563,8.75220775604248
W_21.3369_76.4867,2018-08-24,21.33694,76.48667,2.29,7.058804225936949,5.844770367513549,4.996121883392334
W_21.3369_76.4867,2018-11-21,21.33694,76.48667,6.5,7.191735013360825,7.787208366021289,4.828805923461914
W_21.3369_76.4867,2019-01-15,21.33694,76.48667,9.5,9.178901171377372,10.711270880044466,9.125113487243652
W_21.3369_76.4867,2019-05-09,21.33694,76.48667,12.55,12.825310682303352,11.886247502782012,9.425200462341309
W_21.3369_76.4867,2019-08-23,21.33694,76.48667,2.35,5.364423566602089,6.383487063271061,4.262491226196289
W_21.3369_76.4867,2019-11-20,21.33694,76.48667,3.6,7.009572776991849,8.45190438326498,7.498525619506836
W_21.3369_76.4867,2020-01-09,21.33694,76.48667,6.27,7.983091225548029,9.002361721354879,7.455211639404297
W_21.3369_76.4867,2020-11-29,21.33694,76.48667,5.25,7.035721328483049,6.9028975947337,7.268889427185059
W_21.3369_76.4867,2021-01-09,21.33694,76.48667,9.17,9.337139618920727,9.907252714042553,11.113089561462402
W_21.61_73.6525,2015-11-04,21.61,73.6525,2.0,5.631521396126811,6.396158481572916,5.079100608825684
W_21.61_73.6525,2016-01-04,21.61,73.6525,2.66,6.522686952691067,6.579540818987607,6.0714850425720215
W_21.61_73.6525,2016-11-04,21.61,73.6525,1.54,4.329103270404358,4.847247065694713,5.473210334777832
W_21.61_73.6525,2017-01-04,21.61,73.6525,1.73,6.771966944465044,6.47838532698268,7.100810527801514
W_21.61_73.6525,2019-05-29,21.61,73.6525,5.71,9.894211900044098,9.343157214045242,9.988457679748535
W_21.61_73.6525,2019-11-09,21.61,73.6525,1.79,4.720519006247655,3.921784941670868,4.492725849151611
W_21.61_73.6525,2020-01-09,21.61,73.6525,2.54,6.077555580673242,5.898939549640616,5.8298845291137695
W_21.61_73.6525,2020-11-29,21.61,73.6525,0.85,7.548706377204495,5.349736375774951,6.494014739990234
W_21.61_73.6525,2021-01-09,21.61,73.6525,1.95,7.550012524558474,6.900628519014881,7.057657718658447
W_21.875_73.5,2015-11-04,21.875,73.5,28.73,13.086851883303098,13.31244162701962,14.729731559753418
W_21.875_73.5,2016-11-04,21.875,73.5,29.31,10.90847394300955,10.38541356669734,13.186820030212402
W_21.875_73.5,2017-01-04,21.875,73.5,29.82,13.547751652145362,12.993331517504975,14.189906120300291
W_21.875_73.5,2019-01-09,21.875,73.5,31.48,8.258779214595636,9.877916900654244,17.246400833129883
W_21.875_73.5,2019-05-29,21.875,73.5,31.9,9.06506378012604,10.74345096018093,9.925495147705078
W_21.875_73.5,2019-11-09,21.875,73.5,24.95,4.770135633166118,5.628125272519595,6.581918239593506
W_21.875_73.5,2020-01-09,21.875,73.5,26.05,8.305365657052151,9.031770501441072,8.52813720703125
W_21.875_73.5,2020-11-29,21.875,73.5,27.17,9.095398587705828,9.342760387511738,11.606552124023438
W_21.875_73.5,2021-01-09,21.875,73.5,27.87,11.254404529677663,11.41641989092459,9.33750057220459
W_21.4881_73.8831,2015-11-04,21.48806,73.88306,7.96,5.404495011399771,5.213922986037247,5.951775074005127
W_21.4881_73.8831,2016-11-04,21.48806,73.88306,7.64,4.752214712102982,5.138702921542678,4.794927597045898
W_21.4881_73.8831,2019-01-09,21.48806,73.88306,4.21,5.963419049315221,6.288953569548539,5.110492706298828
W_21.4881_73.8831,2019-05-29,21.48806,73.88306,8.01,9.705229097596549,9.253476350201874,10.5657320022583
W_21.4881_73.8831,2019-11-09,21.48806,73.88306,1.03,3.328418096841905,3.626985176506982,2.7543601989746094
W_21.4881_73.8831,2020-11-29,21.48806,73.88306,1.7,5.3418019737953095,4.108862142120889,3.517193555831909
W_21.4881_73.8831,2021-01-09,21.48806,73.88306,2.95,5.188424578484933,5.202983686265682,5.831765174865723
W_21.61_73.7633,2016-01-04,21.61,73.76333,7.04,6.522686952691067,6.579540818987607,6.0714850425720215
W_21.61_73.7633,2016-11-04,21.61,73.76333,5.95,4.329103270404358,4.847247065694713,5.473210334777832
W_21.61_73.7633,2017-01-04,21.61,73.76333,6.4,6.771966944465044,6.47838532698268,7.100810527801514
W_21.61_73.7633,2019-05-29,21.61,73.76333,7.55,9.894211900044098,9.343157214045242,9.988457679748535
W_21.61_73.7633,2019-11-09,21.61,73.76333,7.5,4.720519006247655,3.921784941670868,4.492725849151611
W_21.61_73.7633,2020-01-09,21.61,73.76333,7.9,6.077555580673242,5.898939549640616,5.8298845291137695
W_21.1642_73.6956,2015-11-04,21.16417,73.69556,3.81,5.464063810654698,5.768775002441404,6.033879280090332
W_21.1642_73.6956,2016-11-04,21.16417,73.69556,3.39,4.841180748907175,5.027073753012176,5.779815196990967
W_21.1642_73.6956,2017-01-04,21.16417,73.69556,5.87,6.958718609157766,6.70532560005984,6.499405384063721
W_21.1642_73.6956,2019-01-09,21.16417,73.69556,4.61,6.3648289385138215,6.043120143346589,6.141478061676025
W_21.1642_73.6956,2019-11-09,21.16417,73.69556,0.37,3.911812153280401,3.7027488894292127,3.091994285583496
W_21.1642_73.6956,2020-01-09,21.16417,73.69556,2.91,5.1934520994560245,4.992521962412081,5.630558967590332
W_21.1642_73.6956,2020-11-29,21.16417,73.69556,2.01,5.797228001674087,4.254266527907351,3.4657328128814697
W_21.1642_73.6956,2021-01-09,21.16417,73.69556,2.13,5.11134923302417,5.091988472196494,5.280021190643311
W_21.5394_74.0694,2016-01-04,21.53944,74.06944,6.25,6.701442286035163,7.641129123981964,4.564758777618408
W_21.5394_74.0694,2016-11-04,21.53944,74.06944,3.45,5.4743633288730065,5.291106489838713,6.327334403991699
W_21.5394_74.0694,2017-01-04,21.53944,74.06944,3.4,7.658813057042683,7.297992989504416,9.019879341125488
W_21.5394_74.0694,2019-08-29,21.53944,74.06944,5.65,5.2417434014688125,4.827336802319413,7.372565269470215
W_21.5394_74.0694,2019-11-09,21.53944,74.06944,7.25,5.314804746959238,4.610054030472317,4.913918495178223
W_21.5394_74.0694,2020-01-09,21.53944,74.06944,5.45,7.131811989640521,6.367840854159821,8.887410163879395
W_21.5394_74.0694,2020-11-29,21.53944,74.06944,4.25,5.959915134510769,4.218940689566846,5.040977478027344
W_21.5394_74.0694,2021-01-09,21.53944,74.06944,5.85,7.264286924968656,7.319280466388445,7.05184268951416
W_20.8067_73.2275,2016-11-04,20.80667,73.2275,2.0,4.321155185898826,4.498891687929546,6.224297046661377
W_20.8067_73.2275,2019-11-09,20.80667,73.2275,1.4,3.1510995432700457,3.2124341258411926,3.638478994369507
W_20.8067_73.2275,2020-01-09,20.80667,73.2275,5.3,5.670667295213683,5.1274575776795785,6.118457794189453
W_20.8067_73.2275,2020-11-29,20.80667,73.2275,4.9,5.422872173041822,4.610583231477715,5.491226196289063
W_20.8067_73.2275,2021-01-09,20.80667,73.2275,5.12,5.944876534846488,6.125777693822865,4.771995544433594
W_20.95_72.9333,2015-11-04,20.95,72.93333,18.4,3.5801793183273616,4.133521411558266,3.5156540870666504
W_20.95_72.9333,2016-11-04,20.95,72.93333,26.82,2.8810512751331263,3.834024855029116,2.441046476364136
W_20.95_72.9333,2017-01-04,20.95,72.93333,29.06,4.322222896048967,4.26576496129871,4.601785659790039
W_20.805_73.2667,2015-11-04,20.805,73.26667,5.25,7.163111720875455,5.824911279391297,7.824207782745361
W_20.805_73.2667,2016-01-04,20.805,73.26667,4.95,7.3794535304514435,7.761420223673138,6.939456939697266
W_20.805_73.2667,2016-11-04,20.805,73.26667,3.85,4.857142113672802,5.0025296872636345,5.33108377456665
W_20.805_73.2667,2017-01-04,20.805,73.26667,6.03,6.757576964835438,6.483712847237216,7.644479751586914
W_20.805_73.2667,2019-01-09,20.805,73.26667,4.85,6.322214717475121,6.0910876480428,7.857149600982666
W_20.805_73.2667,2019-05-29,20.805,73.26667,7.85,8.983012804911931,8.898105485316693,12.908535957336426
W_20.805_73.2667,2019-11-09,20.805,73.26667,2.9,3.1399633639760625,3.13534948391221,3.893362283706665
W_20.805_73.2667,2020-01-09,20.805,73.26667,4.45,5.393203621598152,5.223141607682835,6.628181457519531
W_20.805_73.2667,2020-11-29,20.805,73.26667,3.35,5.278975402600912,4.958238630732863,5.939378261566162
W_20.805_73.2667,2021-01-09,20.805,73.26667,3.73,6.175495194582378,6.285451780200801,5.007421970367432
W_20.85_73.3417,2015-11-04,20.85,73.34167,9.4,7.163111720875455,5.824911279391297,7.824207782745361
W_20.85_73.3417,2016-11-04,20.85,73.34167,9.52,4.857142113672802,5.0025296872636345,5.33108377456665
W_20.85_73.3417,2017-01-04,20.85,73.34167,7.72,6.7575769648354385,6.483712847237216,7.644479751586914
W_20.85_73.3417,2021-01-09,20.85,73.34167,9.56,6.175495194582378,6.285451780200801,5.007421970367432
W_20.6_73.7458,2015-11-04,20.6,73.74583,0.5,2.40547151074181,3.235115520629838,2.106143951416016
W_20.6_73.7458,2016-11-04,20.6,73.74583,0.3,2.4216854610684337,3.717004674895744,1.6642414331436155
W_20.6_73.7458,2019-01-09,20.6,73.74583,0.8,5.563413506785421,6.116307922409742,3.2749195098876958
W_20.6_73.7458,2019-05-29,20.6,73.74583,5.3,10.017738370820945,9.136026895853226,9.12918186187744
W_20.6_73.7458,2019-11-09,20.6,73.74583,0.43,2.8820514267946016,2.560244123501902,1.6463708877563477
W_20.6_73.7458,2020-01-09,20.6,73.74583,0.5,3.250470690696053,3.632293893022976,2.413884162902832
W_20.6_73.7458,2020-11-29,20.6,73.74583,0.2,6.219828943442253,4.069648880500708,2.0057289600372314
W_20.6_73.7458,2021-01-09,20.6,73.74583,0.44,3.849798800871203,3.732334893603472,3.7348153591156006
W_20.9167_73.6792,2015-11-04,20.91667,73.67917,3.7,3.7563715209484667,4.349841716939747,3.4967904090881348
W_20.9167_73.6792,2017-01-04,20.91667,73.67917,3.32,5.8028378417728534,5.753897407332911,5.3812761306762695
W_20.9167_73.6792,2019-01-09,20.91667,73.67917,3.7,5.825564128144476,6.125858106455989,4.138845443725586
W_20.9167_73.6792,2019-05-29,20.91667,73.67917,4.2,9.650166526751418,9.320506727962766,9.351324081420898
W_20.9167_73.6792,2019-11-09,20.91667,73.67917,2.55,3.0504025996830335,3.263645911110022,2.642422676086426
W_20.9167_73.6792,2020-01-09,20.91667,73.67917,3.1,4.411243986243886,4.588724783871952,4.39912223815918
W_20.9167_73.6792,2020-11-29,20.91667,73.67917,3.4,6.574358442337947,4.814757890084394,3.1638686656951904
W_20.9167_73.6792,2021-01-09,20.91667,73.67917,3.82,4.687400352856115,4.677999739763478,4.88838005065918
W_20.8667_73.6167,2015-11-04,20.86667,73.61667,1.8,3.9609071246401877,4.183354890889506,4.355704307556152
W_20.8667_73.6167,2016-11-04,20.86667,73.61667,1.7,3.890893662659753,4.256314402434427,3.749366760253906
W_20.8667_73.6167,2017-01-04,20.86667,73.61667,4.63,5.6860310213493825,5.464851682878034,5.7996110916137695
W_20.8667_73.6167,2019-01-09,20.86667,73.61667,9.1,5.6150638977355385,5.9931487452038805,4.905757427215576
W_20.8667_73.6167,2019-05-29,20.86667,73.61667,11.6,9.673084678503177,9.360240338252842,7.269049167633057
W_20.8667_73.6167,2019-11-09,20.86667,73.61667,0.73,2.8932575479672504,3.1185767126910178,2.4812986850738525
W_20.8667_73.6167,2020-01-09,20.86667,73.61667,5.8,3.903319015398726,4.274564824888512,3.554506540298462
W_20.8667_73.6167,2020-11-29,20.86667,73.61667,1.2,6.287153116812536,4.662383518210861,3.868687629699707
W_20.8667_73.6167,2021-01-09,20.86667,73.61667,1.81,4.949003473992563,5.0655136298957615,4.504067897796631
W_20.6833_73.725,2015-11-04,20.68333,73.725,1.4,2.40547151074181,3.235115520629838,2.106143951416016
W_20.6833_73.725,2016-11-04,20.68333,73.725,1.35,2.4216854610684337,3.717004674895744,1.6642414331436155
W_20.6833_73.725,2017-01-04,20.68333,73.725,3.1,3.62929344408624,3.7242379950522393,3.389798879623413
W_20.6833_73.725,2019-01-09,20.68333,73.725,3.95,5.563413506785421,6.116307922409742,3.2749195098876958
W_20.6833_73.725,2019-05-29,20.68333,73.725,5.75,10.017738370820945,9.136026895853226,9.12918186187744
W_20.6833_73.725,2019-11-09,20.68333,73.725,0.97,2.8820514267946016,2.560244123501902,1.6463708877563477
W_20.6833_73.725,2020-01-09,20.68333,73.725,2.75,3.250470690696053,3.632293893022976,2.413884162902832
W_20.6833_73.725,2020-11-29,20.68333,73.725,1.25,6.219828943442253,4.069648880500708,2.0057289600372314
W_20.6833_73.725,2021-01-09,20.68333,73.725,1.63,3.849798800871203,3.732334893603472,3.7348153591156006
W_20.7583_73.6833,2015-11-04,20.75833,73.68333,1.1,2.610540313315114,3.305565893478236,2.7191503047943115
W_20.7583_73.6833,2016-11-04,20.75833,73.68333,1.0,2.4213829273806304,3.909680896316328,1.6445332765579224
W_20.7583_73.6833,2017-01-04,20.75833,73.68333,2.57,3.6152884040027518,3.7785324658571535,3.5162346363067627
W_20.7583_73.6833,2019-01-09,20.75833,73.68333,2.0,5.796675431262032,6.357525112662081,3.016282558441162
W_20.7583_73.6833,2019-05-29,20.75833,73.68333,2.7,10.04928614246868,9.292066825301845,6.177047252655029
W_20.7583_73.6833,2019-11-09,20.75833,73.68333,0.19,2.6124035230382017,2.777365760135116,1.626266598701477
W_20.7583_73.6833,2020-01-09,20.75833,73.68333,1.1,3.071099552484677,3.633528032505912,2.098006010055542
W_20.7583_73.6833,2021-01-09,20.75833,73.68333,1.18,3.951294343386367,3.9386882740475686,4.117464065551758
W_21.0778_72.9917,2015-11-04,21.07778,72.99167,1.59,4.843113850083328,4.6117267326301485,5.7550458908081055
W_21.0778_72.9917,2016-11-04,21.07778,72.99167,1.74,4.223852332084744,4.573483859912836,4.50718879699707
W_21.0778_72.9917,2017-01-04,21.07778,72.99167,1.95,5.798731661889354,5.637806922944389,6.465750694274902
W_21.0778_72.9917,2019-01-09,21.07778,72.99167,2.59,5.8620073293012664,5.504765352989329,5.476461410522461
W_21.0778_72.9917,2019-11-09,21.07778,72.99167,0.08,2.989834468958545,3.077530261109219,2.976806640625
W_21.0778_72.9917,2020-01-09,21.07778,72.99167,1.99,5.045394764579673,4.446736067266953,5.302340030670166
W_21.0778_72.9917,2020-11-29,21.07778,72.99167,0.99,4.844657613048563,4.265562716004281,4.316481113433838
W_21.0778_72.9917,2021-01-09,21.07778,72.99167,1.17,4.914239031839367,5.331127250875233,4.273976802825928
W_21.2483_73.0256,2015-11-04,21.24833,73.02556,6.9,4.7731465349286095,4.751829943525071,5.083380222320557
W_21.2483_73.0256,2016-01-04,21.24833,73.02556,2.38,6.337886506421982,6.229599692855646,5.404146671295166
W_21.2483_73.0256,2016-11-04,21.24833,73.02556,7.5,4.563325389123155,4.5469748834144585,5.203405380249023
W_21.2483_73.0256,2017-01-04,21.24833,73.02556,8.8,6.630938697005963,5.979033964394073,6.938493251800537
W_21.2483_73.0256,2019-01-09,21.24833,73.02556,9.0,6.015202836140345,5.600800325657766,6.84323263168335
W_21.2483_73.0256,2019-11-09,21.24833,73.02556,4.17,3.217271403179551,3.105547788806033,3.771809339523315
W_21.2483_73.0256,2020-01-09,21.24833,73.02556,8.9,5.543034585233901,5.101245225770099,5.416054725646973
W_21.4667_72.9528,2015-11-04,21.46667,72.95278,4.65,3.498418246347919,4.525437652100172,2.6953048706054688
W_21.4667_72.9528,2016-11-04,21.46667,72.95278,4.3,3.121224063956098,3.863653356058607,2.656603574752808
W_21.4667_72.9528,2017-01-04,21.46667,72.95278,5.6,3.9388738163109154,4.362107963622539,4.071523189544678
W_21.4667_72.9528,2019-01-09,21.46667,72.95278,4.3,5.62292211811078,5.615734334906153,4.0712103843688965
W_21.4667_72.9528,2019-11-09,21.46667,72.95278,3.75,3.2003184709685506,3.109980150607377,2.5994930267333984
W_21.4667_72.9528,2020-01-09,21.46667,72.95278,4.65,3.952420447453941,4.316039790584377,2.9145941734313965
W_21.4667_72.9528,2020-11-29,21.46667,72.95278,3.15,4.665900708815741,3.911358349958297,2.9603421688079834
W_21.4667_72.9528,2021-01-09,21.46667,72.95278,3.3,4.108284835283828,4.253699167359073,4.02615213394165
W_21.0917_72.725,2015-11-04,21.09167,72.725,5.51,5.701530708842654,6.6086412893443285,6.078721523284912
W_21.0917_72.725,2016-11-04,21.09167,72.725,4.91,5.264519181472,6.368804486272674,4.90031099319458
W_21.0917_72.725,2017-01-04,21.09167,72.725,5.56,6.729346040731364,6.061715234956077,6.5464935302734375
W_21.0917_72.725,2019-01-09,21.09167,72.725,6.31,5.569374299651554,5.921395425906553,5.218430519104004
W_21.0917_72.725,2019-11-09,21.09167,72.725,3.62,3.7433927909600984,3.663543400059964,2.072808265686035
W_21.0917_72.725,2020-01-09,21.09167,72.725,5.21,4.8151322609440275,4.034107839403372,5.263584136962891
W_21.0917_72.725,2020-11-29,21.09167,72.725,4.61,4.8525453209260965,4.138597903911392,3.2893154621124268
W_21.0917_72.725,2021-01-09,21.09167,72.725,4.83,4.194528087781608,4.790573304808156,4.013269424438477
W_21.4542_73.1983,2015-11-04,21.45417,73.19833,11.3,4.746997417110197,5.92518832951815,4.454421043395996
W_21.4542_73.1983,2016-01-04,21.45417,73.19833,11.5,5.902026118201124,6.284429635294977,6.338160037994385
W_21.4542_73.1983,2016-11-04,21.45417,73.19833,11.9,5.191928874552614,5.905453854025533,4.482030868530273
W_21.4542_73.1983,2017-01-04,21.45417,73.19833,12.02,6.174253327387951,6.047349386006602,6.585424900054932
W_21.4542_73.1983,2019-01-09,21.45417,73.19833,9.8,6.662264123106496,6.950396751732013,5.586158275604248
W_21.4542_73.1983,2019-05-29,21.45417,73.19833,18.7,9.210214770697757,8.963781312300142,9.953739166259766
W_21.4542_73.1983,2019-11-09,21.45417,73.19833,4.15,3.388329067683964,3.716862736430487,2.40108585357666
W_21.4542_73.1983,2020-01-09,21.45417,73.19833,7.7,4.328559023271771,4.424518006290706,5.00812578201294
W_21.4542_73.1983,2020-11-29,21.45417,73.19833,8.0,5.4044711583896285,4.47033099004074,3.541152000427246
W_21.4542_73.1983,2021-01-09,21.45417,73.19833,8.42,4.871130965127216,5.104048958028551,4.78074836730957
W_21.2214_73.2189,2015-11-04,21.22139,73.21889,5.15,4.692670908778329,4.9895264070325815,4.506908893585205
W_21.2214_73.2189,2016-01-04,21.22139,73.21889,12.15,5.847364388968662,6.034383414523051,5.080483913421631
W_21.2214_73.2189,2016-11-04,21.22139,73.21889,9.1,3.5783850238648673,4.053616709273898,3.4315755367279053
W_21.2214_73.2189,2017-01-04,21.22139,73.21889,5.45,5.162117764721173,5.059482175868105,6.049609184265137
W_21.2214_73.2189,2019-05-29,21.22139,73.21889,12.35,8.875752678349961,8.679482897431207,6.868937015533447
W_21.2214_73.2189,2019-11-09,21.22139,73.21889,4.02,3.4818983113422646,3.5346850022351544,3.3012185096740723
W_21.2214_73.2189,2021-01-09,21.22139,73.21889,13.83,4.77978800389245,5.225926550990179,4.378281593322754
W_21.4667_72.9528,2015-11-04,21.46667,72.95278,20.5,3.498418246347919,4.525437652100172,2.6953048706054688
W_21.4667_72.9528,2016-01-04,21.46667,72.95278,21.3,4.996087897183423,4.777398420762561,4.694259166717529
W_21.3803_73.0042,2015-11-04,21.38028,73.00417,3.15,3.9773218560683588,4.724207055729386,4.091235160827637
W_21.3803_73.0042,2016-01-04,21.38028,73.00417,3.35,5.736693202341229,5.8274612081419335,5.486104488372803
W_21.3803_73.0042,2016-11-04,21.38028,73.00417,2.95,4.191780722590529,4.713651209049978,4.521613597869873
W_21.3803_73.0042,2017-01-04,21.38028,73.00417,3.57,6.252807438878814,5.871149647934064,6.293434143066406
W_21.3803_73.0042,2019-01-09,21.38028,73.00417,3.85,5.9120518484256195,6.015500311034149,5.764720439910889
W_21.3803_73.0042,2019-11-09,21.38028,73.00417,2.15,3.229291588374137,3.114191864648552,3.0691516399383545
W_21.3803_73.0042,2020-01-09,21.38028,73.00417,2.85,4.87341815184169,4.690007558903049,4.425100326538086
W_21.3803_73.0042,2020-11-29,21.38028,73.00417,3.25,5.429145057568626,4.051441155081903,3.278125762939453
W_21.3803_73.0042,2021-01-09,21.38028,73.00417,3.53,4.298814648346409,4.659214381082963,4.14202880859375
W_21.3808_73.0764,2015-11-04,21.38083,73.07639,7.3,3.9773218560683588,4.724207055729386,4.091235160827637
W_21.3808_73.0764,2016-01-04,21.38083,73.07639,6.73,5.736693202341229,5.8274612081419335,5.486104488372803
W_21.3808_73.0764,2019-11-09,21.38083,73.07639,4.7,3.2292915883741364,3.114191864648552,3.0691516399383545
W_21.3808_73.0764,2020-01-09,21.38083,73.07639,6.7,4.87341815184169,4.690007558903049,4.425100326538086
W_21.3808_73.0764,2020-11-29,21.38083,73.07639,4.2,5.429145057568626,4.051441155081903,3.278125762939453
W_21.3808_73.0764,2021-01-09,21.38083,73.07639,4.5,4.298814648346409,4.659214381082963,4.14202880859375
W_21.1167_73.1,2015-11-04,21.11667,73.1,5.8,4.871283516875639,4.565109012153886,5.59322452545166
W_21.1167_73.1,2016-11-04,21.11667,73.1,4.1,4.222284752712121,4.478275569581959,3.893314838409424
W_21.1167_73.1,2017-01-04,21.11667,73.1,6.12,5.4949692115013535,5.061629226429656,6.639057636260986
W_21.1167_73.1,2019-01-09,21.11667,73.1,6.5,5.911910948369746,5.465709228380126,6.2609171867370605
W_21.1167_73.1,2019-11-09,21.11667,73.1,1.95,3.163238437676024,3.077530261109219,3.429637908935547
W_21.1167_73.1,2020-01-09,21.11667,73.1,4.4,5.154833079176212,4.84303833154017,5.3569416999816895
W_21.1167_73.1,2020-11-29,21.11667,73.1,2.8,4.750284854718459,4.247624932789549,4.122542381286621
W_21.1167_73.1,2021-01-09,21.11667,73.1,3.23,4.698955422624069,5.171757276123568,4.138859748840332
W_21.4492_73.4867,2016-11-04,21.44917,73.48667,3.0,4.529085594916786,4.888774065134461,4.630098342895508
W_21.4492_73.4867,2017-01-04,21.44917,73.48667,2.98,6.15088841415714,6.316415254265555,6.797250747680664
W_21.4492_73.4867,2019-01-09,21.44917,73.48667,6.7,6.315702494611739,6.124031972592939,6.062318325042725
W_21.4492_73.4867,2019-05-29,21.44917,73.48667,7.7,9.518616876775477,9.425212135495476,10.242005348205566
W_21.4492_73.4867,2019-11-09,21.44917,73.48667,1.8,4.281006183579239,3.7324959062493495,2.826183795928955
W_21.4492_73.4867,2020-01-09,21.44917,73.48667,3.6,5.058965071769684,4.899683432162432,5.279049396514893
W_21.4492_73.4867,2020-11-29,21.44917,73.48667,3.8,5.657140422831224,4.555762482533927,4.062101364135742
W_21.4492_73.4867,2021-01-09,21.44917,73.48667,4.85,5.546999192341867,5.65357078798376,5.396307945251465
W_20.6886_72.9494,2015-11-04,20.68861,72.94944,4.5,4.239668151204072,4.381608331934963,4.989670276641846
W_20.6886_72.9494,2016-11-04,20.68861,72.94944,5.4,4.78273932008596,4.815768644811112,4.463329792022705
W_20.6886_72.9494,2017-01-04,20.68861,72.94944,8.53,6.164665840565017,5.906512837898436,6.292968273162842
W_20.6886_72.9494,2019-11-09,20.68861,72.94944,3.45,2.0860154306115453,2.708566256432954,1.574268817901611
W_20.6886_72.9494,2020-01-09,20.68861,72.94944,6.8,3.905249182075668,3.5865392801335543,3.8876216411590576
W_20.6886_72.9494,2020-11-29,20.68861,72.94944,6.0,5.272242899916262,3.5683763626182228,3.422598361968994
W_20.6886_72.9494,2021-01-09,20.68861,72.94944,6.13,4.33065747340583,4.826886786696772,4.112052440643311
W_20.5308_73.1625,2015-11-04,20.53083,73.1625,12.1,4.683693984237417,3.9465743321274473,5.6142354011535645
W_20.5308_73.1625,2016-01-04,20.53083,73.1625,9.5,6.543584877543948,6.533178393301484,7.328999996185303
W_20.5308_73.1625,2016-11-04,20.53083,73.1625,7.7,4.063756291092989,4.346722069525935,4.829448699951172
W_20.5308_73.1625,2017-01-04,20.53083,73.1625,10.75,6.642817958322044,5.79564782944692,6.301032543182373
W_20.5308_73.1625,2019-01-09,20.53083,73.1625,13.6,7.643053921769627,6.363288341252095,6.676063537597656
W_20.5308_73.1625,2019-05-29,20.53083,73.1625,14.6,9.053729480948698,8.907452338552728,10.602265357971191
W_20.5308_73.1625,2019-11-09,20.53083,73.1625,7.56,2.9271704325204837,2.777962393571439,3.21304702758789
W_20.5308_73.1625,2020-01-09,20.53083,73.1625,13.6,5.541847930797787,4.77606577351338,5.8870368003845215
W_20.5308_73.1625,2020-11-29,20.53083,73.1625,9.6,5.494276548690346,4.602325256353288,4.812242031097412
W_20.5308_73.1625,2021-01-09,20.53083,73.1625,9.8,5.496875902503688,5.637977583070042,4.323066234588623
W_20.6056_72.9278,2015-11-04,20.60556,72.92778,12.6,4.239668151204072,4.381608331934963,4.989670276641846
W_20.6056_72.9278,2017-01-04,20.60556,72.92778,14.73,6.164665840565016,5.906512837898436,6.292968273162842
W_20.6056_72.9278,2019-11-09,20.60556,72.92778,4.95,2.0860154306115457,2.708566256432954,1.574268817901611
W_20.6056_72.9278,2020-01-09,20.60556,72.92778,10.8,3.905249182075668,3.5865392801335543,3.8876216411590576
W_20.6056_72.9278,2020-11-29,20.60556,72.92778,10.9,5.272242899916262,3.5683763626182228,3.422598361968994
W_20.6056_72.9278,2021-01-09,20.60556,72.92778,11.52,4.33065747340583,4.826886786696772,4.112052440643311
W_20.3658_73.18,2016-11-04,20.36583,73.18,7.8,3.7475028068024443,4.21745333149163,3.853305816650391
W_20.3658_73.18,2017-01-04,20.36583,73.18,4.8,5.715588886043882,5.2202402965137695,5.622508049011231
W_20.3658_73.18,2020-11-29,20.36583,73.18,8.4,6.027102899314488,4.7970283412822345,4.432845592498779
W_20.4636_72.9181,2015-11-04,20.46361,72.91806,2.3,3.380061631878501,3.529888715128913,3.659132719039917
W_20.4636_72.9181,2016-11-04,20.46361,72.91806,2.15,3.7220723969585454,3.8815867297118634,4.006874561309815
W_20.4636_72.9181,2017-01-04,20.46361,72.91806,3.13,5.772815619571711,5.399599479288661,5.394437789916992
W_20.4636_72.9181,2019-01-09,20.46361,72.91806,4.55,5.763217435300861,5.904560692117045,5.850779056549072
W_20.4636_72.9181,2019-11-09,20.46361,72.91806,1.1,2.272685605797241,2.621030005149537,2.203160762786865
W_20.4636_72.9181,2020-01-09,20.46361,72.91806,3.95,4.228891537053136,4.105269234220311,4.934239864349365
W_20.4636_72.9181,2020-11-29,20.46361,72.91806,2.55,5.356297559440638,3.766039611546265,3.830364942550659
W_20.4636_72.9181,2021-01-09,20.46361,72.91806,3.03,4.794548373825713,5.070837253037889,4.309961318969727
W_20.6_72.9,2015-11-04,20.6,72.9,6.8,4.239668151204072,4.381608331934963,4.989670276641846
W_20.6_72.9,2016-11-04,20.6,72.9,6.5,4.78273932008596,4.815768644811112,4.463329792022705
W_20.6_72.9,2017-01-04,20.6,72.9,7.2,6.164665840565016,5.906512837898436,6.292968273162842
W_20.6_72.9,2019-01-09,20.6,72.9,7.7,5.534440283562717,6.04671250290572,4.922235488891602
W_20.6_72.9,2019-11-09,20.6,72.9,4.03,2.0860154306115457,2.708566256432954,1.574268817901611
W_20.6_72.9,2020-01-09,20.6,72.9,6.3,3.905249182075668,3.5865392801335543,3.8876216411590576
W_20.6_72.9,2020-11-29,20.6,72.9,6.1,5.272242899916262,3.5683763626182228,3.422598361968994
W_20.6_72.9,2021-01-09,20.6,72.9,6.45,4.33065747340583,4.826886786696772,4.112052440643311
W_21.5958_73.1692,2015-11-04,21.59583,73.16917,2.35,4.7880716576168245,6.306786588379715,4.545685291290283
W_21.5958_73.1692,2016-01-04,21.59583,73.16917,2.9,6.098159487484479,6.248661577337929,7.0729522705078125
W_21.5958_73.1692,2016-11-04,21.59583,73.16917,0.25,5.2770691192382655,5.949018614791132,4.036258697509766
W_21.5958_73.1692,2017-01-04,21.59583,73.16917,1.52,5.847164176385918,5.754054909083395,5.497768878936768
W_21.5958_73.1692,2019-01-09,21.59583,73.16917,7.18,6.682802714830499,6.64754462255374,5.649917125701904
W_21.5958_73.1692,2019-05-29,21.59583,73.16917,2.21,9.074015894041857,8.68401088477621,8.55073356628418
W_21.5958_73.1692,2019-11-09,21.59583,73.16917,0.25,3.3666371452697046,3.7001128211189576,2.58481502532959
W_21.5958_73.1692,2020-01-09,21.59583,73.16917,4.53,4.908628036919701,4.54761952254431,5.648502826690674
W_21.5958_73.1692,2020-11-29,21.59583,73.16917,4.8,6.11015760454959,4.998190530627432,4.188430309295654
W_21.5958_73.1692,2021-01-09,21.59583,73.16917,2.9,5.183862084945645,5.4848066301764415,5.394553184509277
W_21.5292_73.3542,2015-11-04,21.52917,73.35417,3.92,5.349667108987747,6.724109594493357,6.595279693603516
W_21.7078_72.8306,2015-11-04,21.70778,72.83056,5.53,6.314917488478442,7.699080261016197,5.91956901550293
W_21.7078_72.8306,2016-11-04,21.70778,72.83056,6.05,4.836320212404095,5.63493224994739,5.6753926277160645
W_21.7078_72.8306,2017-01-04,21.70778,72.83056,8.13,6.905445562239388,6.880660790199633,6.047211647033691
W_21.7078_72.8306,2019-01-09,21.70778,72.83056,6.15,5.884966874067823,6.829090006562473,5.662380218505859
W_21.7078_72.8306,2019-05-29,21.70778,72.83056,7.71,9.538117776950347,8.902398618277719,8.30374526977539
W_21.7078_72.8306,2019-11-09,21.70778,72.83056,4.49,3.186965929269863,3.925526941284069,3.108186721801758
W_21.7078_72.8306,2020-01-09,21.70778,72.83056,4.8,5.139752312524027,4.722332693928643,4.762820720672607
W_21.7078_72.8306,2020-11-29,21.70778,72.83056,0.85,5.092440393751035,4.334513325926439,4.288410663604736
W_21.7078_72.8306,2021-01-09,21.70778,72.83056,1.6,5.096150701370151,5.67831080869611,5.043579578399658
W_21.5725_73.1553,2015-11-04,21.5725,73.15528,2.96,4.788071657616825,6.306786588379715,4.545685291290283
W_21.5725_73.1553,2016-01-04,21.5725,73.15528,3.65,6.098159487484479,6.248661577337929,7.0729522705078125
