gw_level,recent_rainfall,crop_water_demand,month_sin,month_cos,extraction_rate,seed,first_action,q_predicted,realized_return,min_gw_level_in_episode,q_quintile
3.8471365,7.5163403,0.24019238,-0.5,0.8660254,0.31837046,42,1,2.2619364,14.461283943755905,3.8471364933678056,1
4.850601,0.41413537,0.2,-2.4492937e-16,1.0,0.23991652,42,1,2.0957704,10.185668422203372,4.850601421121191,0
10.117999,4.8611574,0.65,-0.8660254,-0.5,0.1434944,42,3,3.3378491,5.627493856977514,10.11799876362406,3
5.5609703,6.559301,0.35,-0.8660254,0.5,0.4928355,42,1,2.5546002,13.77793753342619,5.560970294229567,3
4.2107124,2.5386384,0.24019238,-0.5,0.8660254,0.47134548,42,1,2.3265092,16.367478863314023,4.210712354467883,2
3.9474247,3.653279,0.24019238,-0.5,0.8660254,0.3627723,42,1,2.2768626,15.735086296827184,3.947424652346347,2
9.751778,0.26398656,0.75980765,0.5,-0.8660254,0.35757706,42,3,3.7925603,-7.3209720972348435,9.751777383494204,4
7.970688,1.9649166,0.24019238,-0.5,0.8660254,0.12257133,42,1,2.2445257,13.81026544349636,7.970687862962063,1
6.8573837,0.13185938,0.24019238,0.5,0.8660254,0.37127894,42,1,2.2869005,11.696557052762907,6.857383609003823,2
5.611104,0.010574277,0.24019238,0.5,0.8660254,0.47700042,42,1,2.3610182,15.106518602866153,5.611104131505376,3
7.6629405,2.852108,0.24019238,-0.5,0.8660254,0.37692884,42,1,2.3118503,12.876194271040456,7.662940619335084,2
7.9605227,1.7362214,0.24019238,-0.5,0.8660254,0.43517274,42,1,2.3308012,14.18071956151064,7.960522864616952,2
5.207101,3.5326111,0.24019238,-0.5,0.8660254,0.31452027,42,1,2.2601655,14.647214311193405,5.207100641144571,1
3.5099921,5.648323,0.24019238,-0.5,0.8660254,0.20457417,42,1,2.219622,11.025782945199268,3.5099921593949404,0
4.6194196,0.39355186,0.24019238,0.5,0.8660254,0.34157586,42,1,2.2612166,14.739659857007625,4.619419467990751,1
11.870656,0.46643582,0.75980765,0.5,-0.8660254,0.13011083,42,3,3.6557426,-13.990169756904859,11.870656115104138,4
4.855304,0.18773498,0.24019238,0.5,0.8660254,0.24811134,42,1,2.20181,12.497553572474791,4.855303638784064,0
4.4348183,2.3501036,0.24019238,-0.5,0.8660254,0.36104444,42,1,2.2816772,10.125258716781877,4.434818154004557,2
9.590192,0.00760291,0.5,1.0,6.123234e-17,0.36863515,42,2,3.1545558,13.816263344494525,9.590192003129786,3
7.9142146,0.44464025,0.24019238,0.5,0.8660254,0.18459004,42,1,2.2353897,13.108994244653633,7.914214532399597,1
5.825987,0.21886241,0.24019238,0.5,0.8660254,0.49586847,42,1,2.3390281,14.395357777614818,5.825986687786229,3
10.2989435,0.45457137,0.75980765,0.5,-0.8660254,0.17647524,42,3,3.7535605,-6.154718073053894,10.298943181675623,4
6.9085755,0.12410454,0.24019238,0.5,0.8660254,0.1961602,42,1,2.228635,11.073368824642808,6.908575584652093,1
5.4290867,7.7309375,0.35,-0.8660254,0.5,0.4657446,42,1,2.534301,13.527857752498605,5.42908661392149,3
6.87902,0.33501682,0.5,1.0,6.123234e-17,0.3316932,42,2,3.1697183,14.052417289659758,6.879020126557913,3
4.5859237,0.3110524,0.24019238,0.5,0.8660254,0.29319087,42,1,2.2259955,10.776023548113857,4.58592360258876,1
9.157073,0.00414551,0.75980765,0.5,-0.8660254,0.14814335,42,3,3.774924,-4.205260679086178,9.157073061305487,4
8.870268,0.14828601,0.24019238,0.5,0.8660254,0.26225913,42,1,2.2447548,9.648544829533366,8.870267665239025,1
9.511399,0.03899328,0.75980765,0.5,-0.8660254,0.14520273,42,3,3.7648537,-15.50021209211307,9.511399119898432,4
4.6532354,4.1960783,0.24019238,-0.5,0.8660254,0.43701038,42,1,2.3156676,11.104779718863387,4.6532355398099385,2
4.990728,0.2637782,0.24019238,0.5,0.8660254,0.31222793,42,1,2.235407,12.735254604462156,4.990727670267921,1
5.5077224,6.4551086,0.35,-0.8660254,0.5,0.30913642,42,1,2.4549222,13.72415020175438,5.507722591483128,3
5.5147943,5.6889553,0.35,-0.8660254,0.5,0.18059552,42,1,2.4744918,15.1170805664531,5.514794148639203,3
1.9927073,7.717093,0.24019238,-0.5,0.8660254,0.22373164,42,1,2.2223363,10.768796504065735,1.9927072455010888,0
10.333478,0.25810012,0.75980765,0.5,-0.8660254,0.43242136,42,3,3.778335,4.071400513670593,10.333477545036413,4
9.872105,0.22412615,0.24019238,0.5,0.8660254,0.4080306,42,1,2.306436,13.724771210658949,9.872104982299517,2
4.582292,3.1111908,0.24019238,-0.5,0.8660254,0.20467626,42,1,2.2194157,13.527563316888491,4.582292282312187,0
6.378763,0.16711664,0.24019238,0.5,0.8660254,0.4781477,42,1,2.3468492,13.606844351836964,6.378763160642478,3
6.257125,4.6940737,0.35,-0.8660254,0.5,0.24536613,42,1,2.461101,13.815548592007259,6.257125129225551,3
9.530687,0.32769564,0.24019238,0.5,0.8660254,0.3853971,42,1,2.294389,13.0166257217239,9.530687763656587,2
8.850535,0.1111027,0.65,0.8660254,-0.5,0.42546394,42,3,3.4157991,0.6524669579600495,8.85053539382052,3
5.750778,0.08642254,0.24019238,0.5,0.8660254,0.11795045,42,1,2.2010336,13.201512176962122,5.75077800656566,0
8.741298,0.091204725,0.65,0.8660254,-0.5,0.2574887,42,3,3.5070767,11.759662622611526,8.74129769862405,4
4.651867,0.0,0.24019238,-0.5,0.8660254,0.29893735,42,1,2.259226,13.233025568832659,4.65186693860857,1
7.405664,6.1434116,0.65,-0.8660254,-0.5,0.2164809,42,3,3.4144816,8.535486617260386,7.40566405379352,3
7.928191,1.4811178,0.24019238,-0.5,0.8660254,0.13052727,42,1,2.2435443,12.578712387730565,7.928191018819104,1
8.831637,0.024087498,0.65,0.8660254,-0.5,0.10435169,42,3,3.4272354,-2.0139115243899988,8.831637151412083,3
11.177542,0.21884286,0.24019238,0.5,0.8660254,0.23048766,42,1,2.237977,11.676602957495883,11.177541371426198,1
7.937675,1.0819967,0.24019238,-0.5,0.8660254,0.4800763,42,1,2.3044276,13.556213685675536,7.937675158513764,2
5.020463,0.7164107,0.2,-2.4492937e-16,1.0,0.48310333,42,1,2.2111478,10.930307286077616,5.020463219720497,0
5.765048,0.8168295,0.2,-2.4492937e-16,1.0,0.3385648,42,1,2.1543314,11.35413917053186,5.765047862128667,0
5.5998306,7.262156,0.35,-0.8660254,0.5,0.38568604,42,1,2.4569945,15.091224990404502,5.599830603447388,3
5.911346,0.027201125,0.24019238,0.5,0.8660254,0.14226118,42,1,2.2038064,10.443166896625476,5.911345916454364,0
3.3899024,0.58821136,0.2,-2.4492937e-16,1.0,0.19636115,42,1,2.0425901,10.099008570746774,3.389902263738504,0
9.628328,0.2843643,0.75980765,0.5,-0.8660254,0.4429419,42,3,3.789908,-5.645520634932119,9.628327937024295,4
5.5111995,2.9837005,0.24019238,-0.5,0.8660254,0.1930276,42,1,2.2199547,12.74423873328074,5.511199277821069,0
3.5467215,5.9230156,0.35,-0.8660254,0.5,0.32825887,42,1,2.4403567,15.970270182365452,3.5467215394954814,3
5.4945903,0.33760262,0.24019238,0.5,0.8660254,0.41814768,42,1,2.3232472,15.236511638830189,5.494590047860597,2
8.851126,0.13829158,0.65,0.8660254,-0.5,0.41692024,42,3,3.411039,1.6975241746977403,8.851126102493222,3
7.9549685,1.6578306,0.24019238,-0.5,0.8660254,0.2924599,42,1,2.252335,14.034001268018049,7.954968420069924,1
4.511515,4.9562516,0.24019238,-0.5,0.8660254,0.1955576,42,1,2.2170405,13.531928481602293,4.511515378130591,0
13.333217,0.2600422,0.24019238,0.5,0.8660254,0.2631764,42,1,2.2478426,10.359406180641368,13.333216867668432,1
7.9396663,1.3258476,0.24019238,-0.5,0.8660254,0.46225658,42,1,2.329388,12.341671480541835,7.939666080115004,2
3.948102,5.1472344,0.24019238,-0.5,0.8660254,0.2288333,42,1,2.2283952,11.95616768170612,3.948101924081464,1
12.539951,4.442199,0.65,-0.8660254,-0.5,0.4394019,42,3,3.3725717,5.437125362117516,12.53995167344918,3
5.9010496,0.107246906,0.24019238,0.5,0.8660254,0.23520954,42,1,2.2069657,10.6465642561234,5.901049565992124,0
5.485277,13.609974,0.35,-0.8660254,0.5,0.16506489,42,1,2.4782166,14.757200584348817,5.485277006872489,3
11.457476,0.039301813,0.75980765,0.5,-0.8660254,0.20025983,42,3,3.7286127,-15.14651288518191,11.457475399529825,4
4.8261623,0.1622342,0.2,-2.4492937e-16,1.0,0.3789541,42,1,2.1960576,12.320017580465027,4.8261622279480285,0
4.809984,0.27677694,0.2,-2.4492937e-16,1.0,0.1744713,42,1,2.037583,13.48826830830209,4.809984193173939,0
4.34108,0.5750321,0.2,-2.4492937e-16,1.0,0.390528,42,1,2.20838,15.316549483705,4.341080228214673,0
5.450378,0.17421424,0.24019238,0.5,0.8660254,0.29312122,42,1,2.231408,12.121404638506524,5.450377901635469,1
4.4549704,0.35950255,0.24019238,0.5,0.8660254,0.4415885,42,1,2.3590596,12.12480743562308,4.454970370916634,3
5.803179,0.063859664,0.24019238,0.5,0.8660254,0.1547587,42,1,2.2045016,11.36397975003568,5.803178907942381,0
5.471963,2.5051677,0.24019238,-0.5,0.8660254,0.3151583,42,1,2.2616973,13.14961616066082,5.471962993909838,1
5.1484847,0.095977806,0.24019238,0.5,0.8660254,0.4782691,42,1,2.3696592,11.291131717995393,5.148484650631939,3
5.0856557,0.38026896,0.24019238,0.5,0.8660254,0.3288747,42,1,2.2501829,14.059518173655977,5.085655866941433,1
4.4378357,0.17873363,0.24019238,0.5,0.8660254,0.1776373,42,1,2.188425,12.416544331540459,4.43783561902679,0
5.4760833,0.0,0.35,-0.8660254,0.5,0.36513206,42,1,2.451557,14.345442003302535,5.476083161704046,3
4.6622324,0.36442056,0.24019238,0.5,0.8660254,0.16272615,42,1,2.1924436,15.532662764543208,4.662232232972826,0
3.8649747,0.15873395,0.24019238,0.5,0.8660254,0.20068006,42,1,2.170325,13.256913900503129,3.8649746958834825,0
5.9218473,0.118756354,0.24019238,0.5,0.8660254,0.3069473,42,1,2.2401476,15.117479500115287,5.921847261956375,1
6.7412663,0.014692952,0.24019238,0.5,0.8660254,0.24573113,42,1,2.2212448,12.177193371613463,6.741266452122124,0
7.9896894,0.83335,0.24019238,-0.5,0.8660254,0.11653968,42,1,2.2452545,12.582349405771142,7.989689277996177,1
10.696668,0.0070097023,0.5,1.0,6.123234e-17,0.19516923,42,2,3.0119748,9.69136820153372,10.696667768984842,3
5.045212,6.8308735,0.24019238,-0.5,0.8660254,0.2167492,42,1,2.2276952,11.559724760286905,5.045211673644862,1
6.494661,0.17351677,0.24019238,0.5,0.8660254,0.3542419,42,1,2.277667,10.192430123931512,6.494660949607788,2
5.538538,0.10754088,0.24019238,0.5,0.8660254,0.21414185,42,1,2.2024813,13.864208802398654,5.53853796317528,0
13.097339,0.0916815,0.75980765,0.5,-0.8660254,0.2722086,42,3,3.6789231,-41.72176273731927,13.097338918314566,4
7.6855726,0.1820045,0.24019238,0.5,0.8660254,0.48275796,42,1,2.3238218,13.822775664507482,7.68557248263064,2
4.2249084,4.8805766,0.24019238,-0.5,0.8660254,0.4572966,42,1,2.3280213,11.209813225067604,4.224908146424935,2
8.848501,0.00586831,0.65,0.8660254,-0.5,0.29585996,42,3,3.487042,12.484193984835773,8.84850077924985,4
7.961287,1.1454484,0.24019238,-0.5,0.8660254,0.4564719,42,1,2.328041,11.00290119779693,7.961287199735519,2
6.768778,0.05980547,0.24019238,0.5,0.8660254,0.16922337,42,1,2.2188883,10.92262657608934,6.768777857731129,0
9.404518,0.1566196,0.65,0.8660254,-0.5,0.4957274,42,3,3.4178858,6.843398593155161,9.404517657262613,3
3.2419212,0.07886948,0.5,1.0,6.123234e-17,0.3657379,42,2,3.0718672,14.986068945267116,3.241921203745436,3
4.867306,1.1039392,0.2,-2.4492937e-16,1.0,0.44222108,42,1,2.2354429,12.273180043062867,4.867306375036614,1
5.467738,10.938293,0.35,-0.8660254,0.5,0.11151656,42,1,2.4708261,14.026368408844645,5.467738270398023,3
6.2685003,0.3024023,0.24019238,0.5,0.8660254,0.13744345,42,1,2.2087934,12.908534999556743,6.268500174902373,0
6.49644,5.7699876,0.65,-0.8660254,-0.5,0.21374509,42,3,3.4067786,2.71162518158732,6.496439749597054,3
4.6936154,5.874161,0.35,-0.8660254,0.5,0.10240105,42,1,2.4792542,13.210928486868443,4.693615348973663,3
7.950601,1.1416006,0.24019238,-0.5,0.8660254,0.15275422,42,1,2.2364905,12.72523854322245,7.950601245958204,1
5.8632956,0.2230577,0.24019238,0.5,0.8660254,0.4995284,42,1,2.3348107,11.623632044067628,5.86329534060918,2
4.195202,0.3115534,0.24019238,0.5,0.8660254,0.29875565,42,1,2.2274776,13.314195745155764,4.195201886448651,1
9.44041,0.19568305,0.75980765,0.5,-0.8660254,0.12392221,42,3,3.7555504,-23.535833650608254,9.440410043045636,4
10.566879,0.0,0.75980765,0.5,-0.8660254,0.14720988,42,3,3.7374237,-10.400106650922933,10.566879394471176,4
7.370737,0.53439605,0.24019238,0.5,0.8660254,0.17535205,42,1,2.2268012,14.432589747755877,7.37073690993881,1
7.1164756,0.0,0.5,1.0,6.123234e-17,0.19368164,42,2,3.0615945,12.830811958038494,7.116475815362996,3
7.925147,1.7707211,0.24019238,-0.5,0.8660254,0.46989977,42,1,2.3203845,12.209450459244673,7.925147091152244,2
3.8674402,3.5604362,0.24019238,-0.5,0.8660254,0.4944218,42,1,2.2947333,11.010493912034446,3.86744017916614,2
4.913348,4.344618,0.24019238,-0.5,0.8660254,0.3511844,42,1,2.278758,15.747947552768377,4.91334823270121,2
7.002902,0.000244734,0.5,1.0,6.123234e-17,0.16417462,42,2,3.0470276,12.602726016896272,7.00290203173926,3
7.957929,1.7419142,0.24019238,-0.5,0.8660254,0.3959947,42,1,2.3255472,11.631303262726268,7.957928898671963,2
7.9600816,0.9078582,0.24019238,-0.5,0.8660254,0.40885276,42,1,2.3250408,13.682313033373317,7.960081667824738,2
3.9960132,5.6274643,0.24019238,-0.5,0.8660254,0.49929667,42,1,2.2897484,9.808341930253672,3.9960131099775102,2
5.4576783,9.901191,0.35,-0.8660254,0.5,0.4840308,42,1,2.5436504,13.944003953556118,5.457678130160826,3
7.2093067,0.14174113,0.24019238,0.5,0.8660254,0.30811042,42,1,2.2469916,13.236834901503098,7.209306676482379,1
9.705472,0.22269766,0.75980765,0.5,-0.8660254,0.44758198,42,3,3.7884471,4.373618959498251,9.705471710272594,4
10.223874,0.46358046,0.75980765,0.5,-0.8660254,0.3172706,42,3,3.7702074,-8.101881951899097,10.223873996289289,4
5.9841814,0.9155807,0.24019238,-0.5,0.8660254,0.44518888,42,1,2.3242128,9.93179833877379,5.984181567427682,2
4.207311,0.09174156,0.5,1.0,6.123234e-17,0.14826979,42,2,3.0717497,14.686255113981723,4.207310925019611,3
3.8491786,0.49837494,0.2,-2.4492937e-16,1.0,0.37519124,42,1,2.19599,13.592544014808583,3.849178503874776,0
3.9985852,0.45117772,0.2,-2.4492937e-16,1.0,0.18211688,42,1,2.035864,12.009060107586963,3.998585325911973,0
1.985333,6.73492,0.24019238,-0.5,0.8660254,0.33071083,42,1,2.262079,13.584987200934936,1.985332916392521,1
4.53,0.3468856,0.2,-2.4492937e-16,1.0,0.13760012,42,1,2.0187218,14.001933308064796,4.530000273569729,0
7.3940644,0.031100487,0.5,1.0,6.123234e-17,0.28946888,42,2,3.1432366,10.408829198652116,7.394064473871649,3
4.0166535,0.9977529,0.24019238,0.5,0.8660254,0.4527999,42,1,2.376606,10.545382756044566,4.016653404125211,3
3.0757155,4.596439,0.24019238,-0.5,0.8660254,0.32504848,42,1,2.264355,10.414872292617149,3.075715550915691,2
5.4006753,9.43307,0.35,-0.8660254,0.5,0.12572847,42,1,2.472509,13.443517001909914,5.400675436459413,3
4.822448,0.6060263,0.2,-2.4492937e-16,1.0,0.21339065,42,1,2.0702734,10.243629255347836,4.774943065747273,0
4.836075,0.20327139,0.24019238,0.5,0.8660254,0.38606986,42,1,2.3078687,10.019517706509813,4.836074611213653,2
10.556692,0.0,0.75980765,0.5,-0.8660254,0.22571473,42,3,3.7493768,-21.293916975885328,10.556691773640424,4
4.8360353,0.09036917,0.24019238,0.5,0.8660254,0.37678668,42,1,2.3022451,11.462974988647364,4.836035256197253,2
5.63293,0.35636917,0.24019238,0.5,0.8660254,0.31021065,42,1,2.2380044,12.661189252754601,5.632929695814394,1
11.080726,0.007470973,0.75980765,0.5,-0.8660254,0.23298448,42,3,3.7349312,-7.663725837551497,11.080725760252117,4
7.3072767,0.40981427,0.24019238,0.5,0.8660254,0.4451237,42,1,2.3249846,11.454269159472332,7.307276810651675,2
5.4097786,12.328786,0.35,-0.8660254,0.5,0.40061694,42,1,2.4558501,13.099230666529335,5.409778727790249,3
4.939126,0.23587985,0.24019238,0.5,0.8660254,0.26370746,42,1,2.2132442,11.531547894507304,4.939126194271317,0
3.0148234,3.6061075,0.24019238,-0.5,0.8660254,0.26702225,42,1,2.2381308,10.167546993210287,3.014823545509022,1
10.323055,0.0037979279,0.75980765,0.5,-0.8660254,0.2127351,42,3,3.7590828,3.2708786449094296,10.323055559907584,4
7.9454207,1.4310064,0.24019238,-0.5,0.8660254,0.4414181,42,1,2.3301904,10.630205125110491,7.945420868789878,2
4.24505,0.0,0.24019238,-0.5,0.8660254,0.27367228,42,1,2.2469351,10.574865823093365,4.245049944685101,1
10.154981,0.23108733,0.75980765,0.5,-0.8660254,0.28698593,42,3,3.7642894,-17.48117136842815,10.1549811016777,4
4.1572556,4.892863,0.24019238,-0.5,0.8660254,0.33168566,42,1,2.2644904,13.81318424497397,4.157255874190264,2
5.4358807,8.388438,0.24019238,-0.5,0.8660254,0.1292604,42,1,2.230558,15.57855409634734,5.435880652862034,1
4.342152,5.453466,0.24019238,-0.5,0.8660254,0.3807647,42,1,2.290547,10.091365680233,4.342152058172577,2
7.1323,0.0,0.5,1.0,6.123234e-17,0.32422632,42,2,3.1686187,7.5232534130315365,7.1322998386502725,3
4.165341,0.81244606,0.2,-2.4492937e-16,1.0,0.35525906,42,1,2.1740007,13.0120418144072,4.165341107093476,0
11.10429,0.2800643,0.75980765,0.5,-0.8660254,0.10930931,42,3,3.684597,-9.130760119092825,11.104289983659712,4
8.013755,0.0,0.24019238,0.5,0.8660254,0.1329478,42,1,2.235381,11.763688096866398,8.013754384691367,1
8.787398,0.29769,0.75980765,0.5,-0.8660254,0.33842513,42,3,3.8053126,-1.571270548792267,8.787398428892914,4
9.084938,0.26006082,0.75980765,0.5,-0.8660254,0.3641537,42,3,3.8083587,-3.8491313990817613,9.084938400907197,4
7.894555,1.51366,0.24019238,-0.5,0.8660254,0.4389182,42,1,2.3313267,12.451019493890465,7.894555143470194,2
8.842279,0.21036942,0.65,0.8660254,-0.5,0.4662265,42,3,3.4386418,11.49872341991681,8.842279257936053,3
5.4760423,0.035502832,0.24019238,0.5,0.8660254,0.48518887,42,1,2.356818,14.155938287532141,5.476042276881793,3
4.249434,3.709067,0.24019238,-0.5,0.8660254,0.19957462,42,1,2.217337,12.557862251790441,4.24943375977411,0
6.7549305,0.27349326,0.24019238,0.5,0.8660254,0.20887552,42,1,2.2248027,11.364326370691522,6.754930443082636,1
5.0646863,0.28431788,0.24019238,0.5,0.8660254,0.30765164,42,1,2.233267,12.040847217360337,5.064686425053581,1
2.8948634,9.773545,0.24019238,-0.5,0.8660254,0.3523485,42,1,2.2622504,14.308100085470766,2.8948632944168264,1
8.153724,0.19686037,0.24019238,0.5,0.8660254,0.13998483,42,1,2.2374923,13.307476567193266,8.153724044078876,1
5.480175,6.0570016,0.35,-0.8660254,0.5,0.15297444,42,1,2.4732587,15.200124337977554,5.480175214237156,3
4.8544235,0.82071114,0.2,-2.4492937e-16,1.0,0.4219485,42,1,2.2327209,14.286345904007554,4.854423395273806,1
9.083401,0.19107574,0.75980765,0.5,-0.8660254,0.28865707,42,3,3.7905288,-14.660757656174589,9.083400983192371,4
5.378837,0.12975739,0.24019238,0.5,0.8660254,0.4666944,42,1,2.3578427,12.110197489451794,5.378836906318903,3
9.135109,0.05769657,0.24019238,0.5,0.8660254,0.30116633,42,1,2.2461514,14.496325694404664,9.135108645368266,1
7.054068,0.00044452876,0.5,1.0,6.123234e-17,0.31917208,42,2,3.1664414,14.395346799726582,7.054067919841241,3
7.9593363,1.5410007,0.24019238,-0.5,0.8660254,0.20407926,42,1,2.2313507,13.654475963665398,7.959336229589809,1
4.2289224,0.012242444,0.24019238,0.5,0.8660254,0.37729046,42,1,2.302003,12.072326199681546,4.228922487344969,2
6.327317,3.1165066,0.75980765,-0.5,-0.8660254,0.13054371,42,3,3.6811147,10.541387779844559,6.327317023846544,4
2.8554144,1.2593474,0.2,-2.4492937e-16,1.0,0.41003826,42,1,2.2232265,10.766924591712545,2.855414339709397,0
6.0756145,0.032159727,0.24019238,0.5,0.8660254,0.4183166,42,1,2.3190389,12.589565510323485,6.075614320097359,2
5.2298903,0.35816124,0.24019238,0.5,0.8660254,0.47099578,42,1,2.363313,13.026474112331078,5.229890398329192,3
8.856813,0.2933897,0.65,0.8660254,-0.5,0.17710662,42,3,3.4663334,-2.563562761862496,8.856813275305878,4
4.758039,3.8792903,0.24019238,-0.5,0.8660254,0.39419723,42,1,2.3054266,12.73839621359867,4.758038958725591,2
4.808476,0.15465152,0.2,-2.4492937e-16,1.0,0.12913252,42,1,2.0218282,12.187364340428456,4.808475855433567,0
5.468106,9.405892,0.35,-0.8660254,0.5,0.1699326,42,1,2.475404,13.599556244931131,5.4681056782000885,3
6.8918757,0.25468883,0.24019238,0.5,0.8660254,0.34197956,42,1,2.263923,13.668519169370539,6.891875653480568,1
6.1123505,0.13656282,0.24019238,0.5,0.8660254,0.14327636,42,1,2.2060306,10.603470868126664,6.112350350293296,0
5.1879115,0.7417268,0.2,-2.4492937e-16,1.0,0.16044345,42,1,2.0324624,15.117810531265459,5.18791168960105,0
8.8504,0.2435677,0.65,0.8660254,-0.5,0.27360186,42,3,3.5039122,2.4474960977118645,8.8503999768083,4
5.788335,10.941203,0.65,-0.8660254,-0.5,0.4135275,42,3,3.3969631,8.568719367622093,5.788334656699953,3
5.106605,6.9391046,0.35,-0.8660254,0.5,0.2644141,42,1,2.4555054,12.431493653519953,5.106605020130648,3
7.937694,1.2519752,0.24019238,-0.5,0.8660254,0.25994897,42,1,2.2390556,13.897251257215938,7.937694152327316,1
4.2153826,0.0,0.24019238,-0.5,0.8660254,0.4768617,42,1,2.3197722,11.407557931483323,4.215382495690255,2
6.611934,0.29837623,0.24019238,0.5,0.8660254,0.3186871,42,1,2.2505844,11.669703465487688,6.611934422007259,1
7.9537582,1.8699465,0.24019238,-0.5,0.8660254,0.3949846,42,1,2.3254354,11.442639234439055,7.953758384885183,2
8.849715,0.24506281,0.65,0.8660254,-0.5,0.33720708,42,3,3.4554474,-2.3918682607341815,8.849714877847749,3
4.814271,0.53412026,0.2,-2.4492937e-16,1.0,0.17600125,42,1,2.0391212,14.214302482822935,4.814270999942937,0
7.9545193,1.3279854,0.24019238,-0.5,0.8660254,0.321031,42,1,2.2696884,13.055334423217774,7.954519366141981,2
6.8080716,0.0,0.24019238,0.5,0.8660254,0.101600796,42,1,2.2113023,11.804985750429745,6.808071666711727,0
6.909936,0.11307529,0.24019238,0.5,0.8660254,0.44384727,42,1,2.3305569,13.440910048962786,6.909935836151884,2
7.112399,0.18917696,0.24019238,0.5,0.8660254,0.16306321,42,1,2.221463,12.722661065401892,7.112398892732693,0
5.5331097,5.3698716,0.35,-0.8660254,0.5,0.20164609,42,1,2.4704247,14.176454060272624,5.533109476332627,3
6.122471,0.32032362,0.24019238,0.5,0.8660254,0.4460006,42,1,2.344505,9.632250681336828,5.898189482395752,3
6.197991,4.50815,0.75980765,-0.5,-0.8660254,0.13688333,42,3,3.685748,-0.06640259419742645,6.197990700958063,4
9.883919,0.78022504,0.75980765,0.5,-0.8660254,0.34403995,42,3,3.7841425,-8.8026725005532,9.883918720851934,4
6.4901185,2.3311713,0.24019238,-0.5,0.8660254,0.26719892,42,1,2.2375157,14.249435037515473,6.490118484413559,1
4.3234763,5.250204,0.24019238,-0.5,0.8660254,0.48674548,42,1,2.3056166,11.718890687530884,4.323476502315112,2
6.2066026,5.530112,0.75980765,-0.5,-0.8660254,0.42909205,42,3,3.8398523,4.413996256392985,6.206602498671029,4
5.4736085,10.678523,0.35,-0.8660254,0.5,0.20560263,42,1,2.4689965,11.526125086351918,5.473608487188108,3
6.323426,0.10564127,0.24019238,0.5,0.8660254,0.16580735,42,1,2.2130117,11.769232901370872,6.323425698062994,0
11.727094,0.045705494,0.75980765,0.5,-0.8660254,0.48684084,42,3,3.763881,-26.803656152201267,11.727093781275448,4
3.127906,0.18901505,0.24019238,0.5,0.8660254,0.18562856,42,1,2.1567347,11.501978975127882,3.127906075525884,0
7.3098984,0.12275275,0.24019238,0.5,0.8660254,0.10886583,42,1,2.2193437,14.276442536733871,7.309898239318113,0
7.4579062,0.07340254,0.5,1.0,6.123234e-17,0.4338975,42,2,3.073851,11.062606523273624,7.457906038198316,3
5.012702,0.09552872,0.24019238,0.5,0.8660254,0.4882218,42,1,2.3574336,13.882541158342905,5.012702040001957,3
2.534034,6.2662253,0.24019238,-0.5,0.8660254,0.43581554,42,1,2.3124018,11.725259962489714,2.534034048005449,2
7.080628,0.0,0.5,1.0,6.123234e-17,0.4301663,42,2,3.0702634,11.575135470514793,7.080627806234905,3
5.6681213,11.082,0.35,-0.8660254,0.5,0.47453386,42,1,2.5381403,11.126447648783694,5.668121150578919,3
7.9631195,1.7632246,0.24019238,-0.5,0.8660254,0.24816988,42,1,2.236225,13.861638725724871,7.963119320551774,1
4.875061,7.976677,0.24019238,-0.5,0.8660254,0.17372113,42,1,2.213845,12.135677043187203,4.87506082549466,0
11.519349,0.14255174,0.75980765,0.5,-0.8660254,0.18399322,42,3,3.723899,-6.431680629389451,11.519349345600672,4
3.1459162,0.30926523,0.24019238,0.5,0.8660254,0.2931745,42,1,2.2172284,14.983916865870077,3.1459162292434777,0
10.427559,0.78880453,0.75980765,0.5,-0.8660254,0.31159008,42,3,3.7630544,5.339554379888,10.427558638177612,4
8.710399,0.25284687,0.65,0.8660254,-0.5,0.29745418,42,3,3.4864414,6.331872146557768,8.710398271225102,4
5.3386583,11.605729,0.35,-0.8660254,0.5,0.32118255,42,1,2.4509614,15.01371274744218,5.338658255138793,3
8.127724,0.18554609,0.24019238,0.5,0.8660254,0.4957296,42,1,2.3078785,13.80084955003824,8.127723608185601,2
11.235025,0.030149275,0.75980765,0.5,-0.8660254,0.27729684,42,3,3.7341619,-12.995895444959014,11.235025038858902,4
4.8239384,0.8988356,0.2,-2.4492937e-16,1.0,0.25167054,42,1,2.1018133,13.385886403537029,4.8239381783390085,0
7.0696864,0.050850168,0.5,1.0,6.123234e-17,0.33108798,42,2,3.1707222,12.225826505880137,7.069686383379119,3
5.032155,0.21140969,0.2,-2.4492937e-16,1.0,0.3799435,42,1,2.1960871,10.665745392487608,5.032154908111138,0
4.5163317,3.4378777,0.24019238,-0.5,0.8660254,0.21900007,42,1,2.22499,13.287527753090586,4.516331794108562,1
7.954858,1.6311823,0.24019238,-0.5,0.8660254,0.46221206,42,1,2.3291333,10.879609456135375,7.954857760210419,2
5.4968977,5.4046836,0.35,-0.8660254,0.5,0.17206143,42,1,2.4739628,12.656391861868633,5.496897488679535,3
10.788433,0.037765883,0.75980765,0.5,-0.8660254,0.13763069,42,3,3.7246892,0.7207396864581275,10.788432729923809,4
2.8125007,6.134031,0.24019238,-0.5,0.8660254,0.23023096,42,1,2.2258573,12.200034913563053,2.8125007410914096,1
12.172789,0.28627726,0.75980765,0.5,-0.8660254,0.11121686,42,3,3.620346,-13.466380494472668,12.172788181911192,4
2.714258,8.468867,0.24019238,-0.5,0.8660254,0.1996378,42,1,2.2180262,13.6061308708485,2.714257954342046,0
13.516632,0.31082743,0.24019238,0.5,0.8660254,0.36727464,42,1,2.331989,11.690005730206355,13.51663245259432,2
9.673785,3.8092098,0.24019238,-0.5,0.8660254,0.38830832,42,1,2.3268983,12.240173286524776,9.673785534850811,2
7.9181986,1.9542174,0.24019238,-0.5,0.8660254,0.46383402,42,1,2.3296483,10.126260443393841,7.393450177030675,2
10.517561,0.3104662,0.75980765,0.5,-0.8660254,0.21097122,42,3,3.754437,-11.498209579147733,10.517561136575011,4
9.691614,0.45814338,0.75980765,0.5,-0.8660254,0.40164754,42,3,3.8007004,-4.801116992189612,9.69161391615957,4
6.4586234,0.24140388,0.24019238,0.5,0.8660254,0.10830639,42,1,2.21077,13.6918381272942,6.45862334011268,0
10.201404,0.57712865,0.75980765,0.5,-0.8660254,0.22872543,42,3,3.7583458,-12.623504302618574,10.201403945563042,4
2.4399023,5.0848846,0.24019238,-0.5,0.8660254,0.30151796,42,1,2.2601938,13.579868489463168,2.43990221274798,1
5.162118,0.0,0.24019238,0.5,0.8660254,0.37077937,42,1,2.2966228,14.471223400400492,5.162117764721174,2
8.844538,0.09654518,0.65,0.8660254,-0.5,0.23029275,42,3,3.4996572,8.061456001291996,8.844537727641615,4
5.250296,0.061409414,0.24019238,0.5,0.8660254,0.104511596,42,1,2.192193,15.44602073296388,5.250295955729137,0
7.1537423,0.3093532,0.5,1.0,6.123234e-17,0.22195594,42,2,3.0892472,13.290008391340718,7.153742394973268,3
7.63062,0.13811333,0.24019238,0.5,0.8660254,0.1990719,42,1,2.2379112,13.202323159829593,7.630619897254562,1
8.878564,0.45634893,0.75980765,0.5,-0.8660254,0.22086947,42,3,3.7854102,2.2590470292728435,8.878564019777338,4
3.9615874,10.955852,0.35,-0.8660254,0.5,0.27293903,42,1,2.4479482,14.26657112555654,3.9615873163189335,3
7.962259,0.939995,0.24019238,-0.5,0.8660254,0.20414922,42,1,2.2328167,14.769774591832878,7.962258815765381,1
11.170151,0.6148613,0.75980765,0.5,-0.8660254,0.22132002,42,3,3.7318406,-6.787767796161599,11.170150464639574,4
7.9550047,0.9274146,0.24019238,-0.5,0.8660254,0.20674402,42,1,2.2333367,13.254193449467682,7.955004887051052,1
6.7146707,0.2058783,0.65,0.8660254,-0.5,0.2883042,42,3,3.5138078,4.558734461552579,6.714670853181404,4
8.846406,0.07647745,0.65,0.8660254,-0.5,0.2921029,42,3,3.4898338,4.805964464583546,8.846405968098123,4
12.280947,6.0949993,0.65,-0.8660254,-0.5,0.41883054,42,3,3.3786786,-4.155337931751729,12.280946842767952,3
3.947962,4.957126,0.24019238,-0.5,0.8660254,0.40175375,42,1,2.3048086,10.550044380597802,3.947962051118107,2
4.82476,0.35478148,0.2,-2.4492937e-16,1.0,0.4335711,42,1,2.2327185,11.74071201956172,4.824759733370295,1
8.14068,0.8299249,0.75980765,0.5,-0.8660254,0.14248733,42,3,3.7927036,0.06566595008912124,8.140680421882559,4
8.834505,0.23655944,0.65,0.8660254,-0.5,0.23512477,42,3,3.5015078,-1.858936183190126,8.834505067396444,4
9.493989,0.64042956,0.75980765,0.5,-0.8660254,0.11608185,42,3,3.7528598,-6.205179655410487,9.49398853006229,4
3.2886012,0.2932559,0.24019238,0.5,0.8660254,0.4287777,42,1,2.350056,11.32250385690705,3.288601256604053,3
4.918865,4.672638,0.24019238,-0.5,0.8660254,0.24141598,42,1,2.2328744,9.703659176094202,4.704079825277457,1
7.639502,0.060950067,0.24019238,0.5,0.8660254,0.24504055,42,1,2.2372077,14.160880272412964,7.639502111504968,1
8.043916,7.3924193,0.65,-0.8660254,-0.5,0.4127208,42,3,3.3949907,8.456648728930652,8.043915311532864,3
4.8191876,0.27447423,0.24019238,0.5,0.8660254,0.22296275,42,1,2.1925972,13.538676230230589,4.819187722517318,0
10.931347,0.051160023,0.75980765,0.5,-0.8660254,0.23418748,42,3,3.7390926,-10.71512259015805,10.931346865716842,4
5.2165565,6.4098315,0.35,-0.8660254,0.5,0.47999805,42,1,2.5443926,15.234650885788579,5.216556677985094,3
10.342384,0.8023036,0.75980765,0.5,-0.8660254,0.30440187,42,3,3.7630246,-0.39503063859784726,10.342384608304972,4
9.041122,5.468136,0.65,-0.8660254,-0.5,0.13347782,42,3,3.3407784,7.91167405874085,9.041122114110587,3
3.0267766,4.0478044,0.24019238,-0.5,0.8660254,0.31942007,42,1,2.2650857,14.021586372776701,3.026776542080276,2
2.8219593,0.06013825,0.5,1.0,6.123234e-17,0.30122656,42,2,3.1058154,12.654788625680446,2.821959295195111,3
4.825409,0.4469613,0.2,-2.4492937e-16,1.0,0.35800964,42,1,2.175751,14.916104876214282,4.825408810653542,0
2.7048342,7.2062607,0.24019238,-0.5,0.8660254,0.49386415,42,1,2.303679,11.996624955905205,2.70483433032288,2
5.4634457,0.27660713,0.24019238,0.5,0.8660254,0.42021576,42,1,2.3246772,14.078387577767655,5.463445450876479,2
10.93958,0.28729653,0.24019238,0.5,0.8660254,0.43558854,42,1,2.311894,11.366106186600572,10.93958034875314,2
8.531844,0.34406945,0.24019238,0.5,0.8660254,0.27232784,42,1,2.2433543,13.601529275399768,8.531844517169883,1
6.804168,0.0,0.24019238,0.5,0.8660254,0.46923465,42,1,2.3352475,13.30335901141116,6.804168006404643,2
15.009679,0.19848359,0.24019238,0.5,0.8660254,0.18730183,42,1,2.1767087,10.061069511356333,15.00967854903904,0
8.188366,0.3663527,0.5,1.0,6.123234e-17,0.21158819,42,2,3.0716636,10.923568093300666,8.188365566975417,3
8.84239,0.28818366,0.65,0.8660254,-0.5,0.23271598,42,3,3.5001295,-5.59978078655517,8.842389791949293,4
6.0059156,0.34786773,0.24019238,0.5,0.8660254,0.424234,42,1,2.3231072,14.820248992880677,6.005915641580901,2
4.149098,5.895884,0.24019238,-0.5,0.8660254,0.19952537,42,1,2.2184415,14.740731859625953,4.149097780124508,0
6.332791,0.053077962,0.24019238,0.5,0.8660254,0.48398897,42,1,2.341558,12.853468643185735,6.3327908492061615,3
5.1631775,3.1148224,0.24019238,-0.5,0.8660254,0.29435876,42,1,2.2543252,13.047814897861816,5.163177700431811,1
5.1558323,4.431209,0.24019238,-0.5,0.8660254,0.26428103,42,1,2.2396574,15.188247866285987,5.155832331505885,1
4.819855,0.33719125,0.2,-2.4492937e-16,1.0,0.43105358,42,1,2.2322922,11.0484110247425,4.819855085053404,1
5.631879,0.22360785,0.24019238,0.5,0.8660254,0.35318565,42,1,2.279996,10.367003072305526,5.631879025216568,2
2.0790014,5.769751,0.24019238,-0.5,0.8660254,0.4051317,42,1,2.2969766,13.389678740728364,2.07900136109714,2
7.005601,0.26945916,0.24019238,0.5,0.8660254,0.41249552,42,1,2.3065228,9.621304285356509,7.005601116952971,2
9.075383,0.4116895,0.75980765,0.5,-0.8660254,0.4073649,42,3,3.8111691,-12.238149735959219,9.0753834480759,4
4.568234,0.72269887,0.2,-2.4492937e-16,1.0,0.4294089,42,1,2.233101,10.914442654885455,4.568234191530241,1
6.204605,5.5604115,0.75980765,-0.5,-0.8660254,0.48116285,42,3,3.9098592,12.941557307416316,6.204605019588583,4
5.43688,2.5442722,0.24019238,-0.5,0.8660254,0.20733465,42,1,2.2221248,14.673324364900395,5.436880187481267,0
9.075437,0.256014,0.5,1.0,6.123234e-17,0.47793892,42,2,3.0769734,10.144183053426971,9.075436659679749,3
5.29133,0.12999345,0.24019238,0.5,0.8660254,0.29636654,42,1,2.230653,14.26087252101782,5.291330011336534,1
3.7804916,3.5260956,0.24019238,-0.5,0.8660254,0.36236215,42,1,2.2752013,13.732460698986197,3.780491584648601,2
11.497747,13.058533,0.65,-0.8660254,-0.5,0.41153285,42,3,3.3768868,-5.1402855825208755,11.49774776398987,3
6.236924,3.0762064,0.75980765,-0.5,-0.8660254,0.11948023,42,3,3.6831534,9.897323988801267,6.236924346630329,4
4.828012,0.21619637,0.2,-2.4492937e-16,1.0,0.40743744,42,1,2.2193964,11.542662540350408,4.8280118518803175,0
4.587834,3.7794402,0.24019238,-0.5,0.8660254,0.14398336,42,1,2.2148929,12.065365171624482,4.587833926387966,0
7.440269,0.5115556,0.75980765,0.5,-0.8660254,0.19417042,42,3,3.8105412,4.827474684227897,7.440268797996321,4
4.1535883,5.032255,0.24019238,-0.5,0.8660254,0.43369827,42,1,2.3156688,10.165670528062254,4.153588412758845,2
7.955624,0.0,0.24019238,-0.5,0.8660254,0.32668895,42,1,2.2750826,12.05069432629437,7.95562422563456,2
7.9578276,0.0,0.24019238,-0.5,0.8660254,0.4155679,42,1,2.327275,13.6858672927136,7.957827605910031,2
10.269227,0.6158266,0.75980765,0.5,-0.8660254,0.4681382,42,3,3.788796,-4.407955894444463,10.26922666896156,4
5.2472982,0.32462013,0.24019238,0.5,0.8660254,0.19814743,42,1,2.200688,12.124604277762593,5.247298408866113,0
4.5896473,0.2721192,0.24019238,0.5,0.8660254,0.14964955,42,1,2.1883986,14.959530122057938,4.589647070081152,0
10.249913,0.04566219,0.24019238,0.5,0.8660254,0.32884407,42,1,2.2582874,11.549323957271046,10.24991350099905,1
10.101243,0.073433496,0.75980765,0.5,-0.8660254,0.24847834,42,3,3.7625732,-7.046710932164063,10.101243051782044,4
2.1998355,5.8937755,0.24019238,-0.5,0.8660254,0.30841458,42,1,2.259934,15.55563875381426,2.1998355204629783,1
4.2276335,2.2863278,0.24019238,0.5,0.8660254,0.35522306,42,1,2.2761774,10.113234680445196,4.227633266568949,2
7.905635,2.5845888,0.24019238,-0.5,0.8660254,0.21606116,42,1,2.2339149,13.734534030160816,7.905634922068839,1
7.9589467,1.5220124,0.24019238,-0.5,0.8660254,0.34233952,42,1,2.2864935,13.013831839152084,7.958946791554654,2
7.9605856,1.2422825,0.24019238,-0.5,0.8660254,0.44126713,42,1,2.3302,13.163369674565743,7.960585813686777,2
3.7475457,0.0,0.5,1.0,6.123234e-17,0.44063357,42,2,2.987926,15.633685735063942,3.747545672280679,3
12.089631,0.66688937,0.75980765,0.5,-0.8660254,0.40531275,42,3,3.740988,-26.629480168628163,12.089631393875845,4
7.46575,3.4491208,0.24019238,-0.5,0.8660254,0.32031274,42,1,2.265217,12.276635816985134,7.465750257508963,2
7.8956084,1.314984,0.24019238,-0.5,0.8660254,0.23346418,42,1,2.237015,13.715448005848629,7.895608547550034,1
4.174441,0.6640027,0.2,-2.4492937e-16,1.0,0.3893126,42,1,2.2082343,9.689337729964134,4.174441036623637,0
1.8226815,7.2495484,0.24019238,-0.5,0.8660254,0.44370523,42,1,2.3116407,11.799115428946688,1.822681544926892,2
6.3986754,0.13903503,0.75980765,0.5,-0.8660254,0.10954309,42,3,3.80284,0.9407945466993972,6.39867559333075,4
5.4783587,5.936869,0.35,-0.8660254,0.5,0.13585673,42,1,2.472207,15.15091430117875,5.478358757345806,3
7.2375555,0.14734615,0.24019238,0.5,0.8660254,0.47577062,42,1,2.3340888,10.364445222273288,7.237555652064287,2
8.8447275,0.0,0.65,0.8660254,-0.5,0.2519378,42,3,3.5051382,11.092815731786143,8.844727514849662,4
4.1719623,5.0627503,0.24019238,-0.5,0.8660254,0.3646804,42,1,2.2796125,13.157667688272545,4.171962456222737,2
5.4207335,7.1468525,0.35,-0.8660254,0.5,0.41736418,42,1,2.483825,14.003888403749247,5.420733671685588,3
5.5343256,6.928639,0.35,-0.8660254,0.5,0.3763919,42,1,2.4520767,14.221754701052381,5.534325634732358,3
8.821093,0.06845259,0.65,0.8660254,-0.5,0.3083577,42,3,3.477761,-1.6848897299649792,8.821092649010456,4
5.5138946,5.809525,0.35,-0.8660254,0.5,0.30595896,42,1,2.4553492,14.520985540425682,5.513894643725846,3
6.2855663,4.0871816,0.24019238,-0.5,0.8660254,0.4889125,42,1,2.299884,13.702479649091606,6.285566538428798,2
10.454015,0.0018112563,0.75980765,0.5,-0.8660254,0.15428989,42,3,3.7429838,-6.896419933134014,10.454014841339744,4
9.477029,0.3280801,0.75980765,0.5,-0.8660254,0.40110135,42,3,3.805444,-0.14461476527624484,9.477028959738089,4
9.964548,0.0,0.24019238,0.5,0.8660254,0.16886985,42,1,2.2506657,11.263662838883262,9.964548042275286,1
8.885696,0.26057494,0.65,0.8660254,-0.5,0.30539167,42,3,3.478799,7.711019782459083,8.885696022609107,4
5.356354,4.4995985,0.24019238,-0.5,0.8660254,0.27462018,42,1,2.2433968,13.544626882818285,5.356354212986043,1
9.402153,0.40149936,0.65,0.8660254,-0.5,0.44639352,42,3,3.4081032,-19.03726325338077,9.4021527798432,3
16.63539,0.17440027,0.24019238,0.5,0.8660254,0.35325217,42,1,2.1053877,2.9120683599522654,16.635389147961938,0
7.9621973,1.3823714,0.24019238,-0.5,0.8660254,0.31179717,42,1,2.2625573,9.835801489648608,7.962197098160633,1
4.273654,0.21857537,0.24019238,0.5,0.8660254,0.15689531,42,1,2.1873243,11.906867808261858,4.273654054154082,0
4.2080326,0.15165512,0.24019238,0.5,0.8660254,0.25908554,42,1,2.201223,15.599834512159887,4.208032484981633,0
12.054232,0.2537513,0.75980765,0.5,-0.8660254,0.30033383,42,3,3.7181234,-3.089486044216561,12.054232049318337,4
3.9316,0.16563833,0.24019238,0.5,0.8660254,0.17102921,42,1,2.1781335,13.083038310998388,3.93160004243226,0
7.47743,0.097141065,0.5,1.0,6.123234e-17,0.34293708,42,2,3.1704931,14.5927832503476,7.477429932470384,3
3.9402256,2.9837277,0.24019238,-0.5,0.8660254,0.18201178,42,1,2.2123709,12.731092743994072,3.940225659020691,0
9.582453,0.1410678,0.24019238,0.5,0.8660254,0.2691636,42,1,2.2438028,12.024142694703732,9.582452953312412,1
9.19408,0.1093297,0.75980765,0.5,-0.8660254,0.26779607,42,3,3.78688,-16.219070174930465,9.194080629394447,4
3.7794065,0.7048033,0.2,-2.4492937e-16,1.0,0.16939634,42,1,2.024055,13.318249058055475,3.7794064906026295,0
4.078385,3.9671717,0.24019238,-0.5,0.8660254,0.47145414,42,1,2.3269408,14.857813537731563,4.078384797022081,2
4.969632,0.21205628,0.24019238,0.5,0.8660254,0.42222875,42,1,2.3289256,11.163960212584396,4.969632021613423,2
6.507865,0.102220684,0.24019238,0.5,0.8660254,0.335324,42,1,2.2583072,14.506667627530852,6.507864885467703,1
9.241982,0.22914605,0.75980765,0.5,-0.8660254,0.4760533,42,3,3.8281474,-1.360733130273644,9.24198230252259,4
11.050597,0.14595746,0.75980765,0.5,-0.8660254,0.28397906,42,3,3.740819,-20.034119709403285,11.050597383194232,4
6.328043,0.36343506,0.5,1.0,6.123234e-17,0.35317007,42,2,3.1449296,14.406755548772722,6.328043076177586,3
7.5457087,0.2561634,0.24019238,0.5,0.8660254,0.35912263,42,1,2.275861,13.70756545141763,7.545708656903421,2
2.8334014,6.5270176,0.24019238,-0.5,0.8660254,0.37465253,42,1,2.272611,12.486217861931918,2.8334015284296616,2
6.0585704,0.05979638,0.24019238,0.5,0.8660254,0.15908612,42,1,2.2085066,14.027422588286315,6.058570556457573,0
7.9603934,1.1098894,0.24019238,-0.5,0.8660254,0.47907197,42,1,2.3058014,12.503395288185173,7.960393404442646,2
6.3271747,0.20785856,0.24019238,0.5,0.8660254,0.16747479,42,1,2.2131553,14.046791258248449,6.327174524747728,0
7.798492,0.25246754,0.24019238,0.5,0.8660254,0.27008945,42,1,2.2422755,13.296734774314135,7.798491856716604,1
2.1646051,5.389822,0.24019238,-0.5,0.8660254,0.33961028,42,1,2.2630017,16.904375765196956,2.1646051894513905,1
4.661775,0.13674529,0.24019238,0.5,0.8660254,0.25141728,42,1,2.2016006,11.509843854003883,4.661775026686372,0
8.558732,0.23145686,0.5,1.0,6.123234e-17,0.15731093,42,2,3.0200748,13.670496726406274,8.558732163090497,3
5.4786935,0.0,0.35,-0.8660254,0.5,0.4772827,42,1,2.5507333,13.415037620583659,5.478693340298354,3
6.2071266,4.057378,0.75980765,-0.5,-0.8660254,0.44508463,42,3,3.8591387,5.0131886390735545,6.207126452046523,4
6.614882,0.21032722,0.24019238,0.5,0.8660254,0.23556273,42,1,2.2158117,14.236121926145069,6.614882021483533,0
5.1663437,0.28372607,0.24019238,0.5,0.8660254,0.17727715,42,1,2.2007606,15.52488251868515,5.166343917977383,0
9.369985,0.0,0.75980765,0.5,-0.8660254,0.43923756,42,3,3.796675,-15.395133656282898,9.369985033832696,4
6.0033,6.599756,0.35,-0.8660254,0.5,0.39043152,42,1,2.4640884,12.12771790679871,6.003300277499995,3
3.3476045,5.424778,0.24019238,-0.5,0.8660254,0.15848748,42,1,2.2083683,16.36374621507495,3.347604459049554,0
6.3986754,0.13903503,0.75980765,0.5,-0.8660254,0.286965,42,3,3.84899,3.018390619519502,6.39867559333075,4
7.957575,1.5110531,0.24019238,-0.5,0.8660254,0.13007286,42,1,2.2437596,14.092496306806057,7.957574787254181,1
9.727627,0.0837887,0.5,1.0,6.123234e-17,0.32391578,42,2,3.1322846,11.504191389127067,9.72762641474635,3
10.964653,0.5497372,0.75980765,0.5,-0.8660254,0.49638477,42,3,3.7983346,-6.167964878222799,10.964652973520009,4
8.058952,1.7883142,0.24019238,-0.5,0.8660254,0.3816314,42,1,2.3180153,13.855760252626304,8.058952475260854,2
6.1982465,4.1938367,0.75980765,-0.5,-0.8660254,0.20602746,42,3,3.7374763,5.387584477786053,6.198246316453794,4
5.6044307,2.6399643,0.24019238,-0.5,0.8660254,0.4018741,42,1,2.306676,13.447981760863904,5.604430835724432,2
12.505822,0.545754,0.75980765,0.5,-0.8660254,0.47806835,42,3,3.7364523,-13.788925460788615,12.505822348264484,4
5.5344405,0.0455303,0.24019238,0.5,0.8660254,0.11775568,42,1,2.197609,15.242957684651754,5.534440283562717,0
9.5394335,0.8796739,0.75980765,0.5,-0.8660254,0.16097578,42,3,3.7699504,-12.59719511123388,9.539433870522249,4
4.684589,3.3996928,0.24019238,-0.5,0.8660254,0.139843,42,1,2.2176418,11.075069886095095,4.684588689573332,0
4.686112,0.0070408303,0.24019238,0.5,0.8660254,0.1375883,42,1,2.1872323,13.357637186521789,4.686111886869192,0
8.854701,0.20235316,0.65,0.8660254,-0.5,0.18238927,42,3,3.469157,-4.272510671270227,8.854701207531301,4
7.9451504,1.1648308,0.24019238,-0.5,0.8660254,0.1248402,42,1,2.2445493,11.751055969090665,7.945150412996284,1
4.314231,7.0916214,0.24019238,-0.5,0.8660254,0.19187132,42,1,2.2163098,10.096537599517488,3.291055571682425,0
8.381765,0.70404077,0.75980765,0.5,-0.8660254,0.29951116,42,3,3.806454,0.4664859749892951,8.381765575581637,4
4.7756934,0.0,0.24019238,-0.5,0.8660254,0.16842353,42,1,2.2130606,11.03785559331217,4.775693426201683,0
4.3786054,0.11663998,0.24019238,0.5,0.8660254,0.12510347,42,1,2.1815643,13.267682422273413,4.37860525141165,0
6.6310716,0.0010931067,0.24019238,0.5,0.8660254,0.32610187,42,1,2.2535074,13.675651357046334,6.631071332908928,1
4.846666,0.0,0.24019238,-0.5,0.8660254,0.22046705,42,1,2.2226117,15.187521191243789,4.846665940185043,0
9.769276,0.2652836,0.65,0.8660254,-0.5,0.43753707,42,3,3.388923,10.846417921702233,9.769275997361351,3
7.86016,0.06794626,0.24019238,0.5,0.8660254,0.20113681,42,1,2.2411883,13.656221125671866,7.860159913830454,1
11.589058,0.07783232,0.75980765,0.5,-0.8660254,0.39881387,42,3,3.7550507,-12.639869914847946,11.589057547312024,4
9.063188,0.31960714,0.75980765,0.5,-0.8660254,0.2588594,42,3,3.7892587,-8.136692850983918,9.063187253594242,4
2.960268,0.024476066,0.24019238,0.5,0.8660254,0.2948127,42,1,2.2173111,13.123318680396,2.9602679981555555,0
5.8729253,0.16253525,0.24019238,0.5,0.8660254,0.2822395,42,1,2.2326863,11.426536934663723,5.872925185165997,1
2.0457325,6.393421,0.24019238,-0.5,0.8660254,0.4769928,42,1,2.3281028,13.497493927858974,2.045732562264749,2
5.269316,0.12355,0.24019238,0.5,0.8660254,0.14535719,42,1,2.195778,13.364691458536576,5.269316130931775,0
4.1137743,4.037988,0.24019238,-0.5,0.8660254,0.14644271,42,1,2.2091138,13.40189197789056,4.113774081308764,0
7.95486,1.3070539,0.24019238,-0.5,0.8660254,0.13339558,42,1,2.2427268,13.8774318770265,7.954860004227815,1
12.23094,0.13904078,0.75980765,0.5,-0.8660254,0.4703677,42,3,3.7422552,-7.6847458204595736,12.230940260402644,4
6.07841,0.21815747,0.24019238,0.5,0.8660254,0.37535346,42,1,2.2920418,12.501348560375716,6.078410358822312,2
3.3957763,3.937742,0.24019238,-0.5,0.8660254,0.33083135,42,1,2.2654524,12.434131317760873,3.395776283010877,2
5.8150134,0.0,0.24019238,0.5,0.8660254,0.16793707,42,1,2.207256,9.9906202808434,5.815013340201912,0
7.9798937,1.2069818,0.24019238,-0.5,0.8660254,0.11815838,42,1,2.2450354,13.494176983072444,7.97989347770095,1
4.1853743,0.0002455091,0.5,1.0,6.123234e-17,0.12933622,42,2,3.081289,14.720127881961696,4.185374227005166,3
8.0529585,0.0,0.24019238,0.5,0.8660254,0.24331848,42,1,2.241903,13.833641565875679,8.052958935479317,1
5.3099675,0.25025412,0.24019238,0.5,0.8660254,0.25061405,42,1,2.2076805,12.781017552224855,5.309967469402221,0
9.943061,0.2730477,0.75980765,0.5,-0.8660254,0.21292576,42,3,3.7662709,-4.039312905177656,9.94306074943276,4
7.602972,0.29845554,0.24019238,0.5,0.8660254,0.42973295,42,1,2.3156402,12.87078175459258,7.602971844758447,2
4.726573,0.0,0.24019238,-0.5,0.8660254,0.2785511,42,1,2.2517958,13.155153972361411,4.726573142092943,1
7.9573603,1.61943,0.24019238,-0.5,0.8660254,0.31811833,42,1,2.2672968,12.091422726830018,7.957360257471694,2
8.847759,0.27857777,0.65,0.8660254,-0.5,0.3552057,42,3,3.441998,-12.920226533420962,8.847759100543467,3
4.1957736,0.24670887,0.24019238,0.5,0.8660254,0.15867428,42,1,2.1860385,13.051196616591842,4.195773386909233,0
10.51348,0.7260859,0.75980765,0.5,-0.8660254,0.1129891,42,3,3.717716,-24.66219820340865,10.51347986962494,4
6.648956,0.26917192,0.24019238,0.5,0.8660254,0.43321568,42,1,2.330382,11.768334331533433,6.648955905187715,2
7.9571953,1.10476,0.24019238,-0.5,0.8660254,0.34320933,42,1,2.2876282,13.694267007874313,7.957195298836255,2
4.416962,4.5402985,0.24019238,-0.5,0.8660254,0.33523497,42,1,2.26648,11.660039657107715,4.41696215025256,2
9.086264,0.3577342,0.65,0.8660254,-0.5,0.21877809,42,3,3.4911542,2.366193344371003,9.08626355770495,4
3.1147342,5.2726226,0.24019238,-0.5,0.8660254,0.17237715,42,1,2.211199,12.448083765390342,3.114734089904185,0
19.63923,0.27449015,0.24019238,0.5,0.8660254,0.4170006,42,1,1.4781898,-0.36353087613086477,19.63923081241553,0
5.0094576,4.1828327,0.24019238,-0.5,0.8660254,0.44300693,42,1,2.3173041,11.736996198213596,5.009457822121351,2
8.849201,0.25202858,0.65,0.8660254,-0.5,0.13284971,42,3,3.4449017,9.371445834601625,8.849201156464082,3
5.336989,1.8880249,0.24019238,-0.5,0.8660254,0.23091964,42,1,2.2276583,12.629550269506232,5.33698879564463,1
10.203064,0.026692852,0.5,1.0,6.123234e-17,0.1816637,42,2,3.0126092,6.795094920729011,10.203064161150545,3
7.5194926,0.00074528466,0.5,1.0,6.123234e-17,0.23105597,42,2,3.098103,13.54330265357081,7.5194926164944835,3
3.4052474,0.19915234,0.24019238,0.5,0.8660254,0.420799,42,1,2.3377023,10.267527812843488,3.4052474635195438,2
4.825684,0.12376488,0.2,-2.4492937e-16,1.0,0.3601927,42,1,2.1779766,12.397566251134847,4.8256840856555545,0
4.137979,5.530056,0.24019238,-0.5,0.8660254,0.4654621,42,1,2.3364534,13.863246798890367,4.13797902229848,2
7.9589467,1.5220124,0.24019238,-0.5,0.8660254,0.41133133,42,1,2.3251367,13.352637727193416,7.958946791554654,2
4.1867795,0.84058523,0.2,-2.4492937e-16,1.0,0.46149182,42,1,2.2402527,11.246713627901224,4.186779292828772,1
4.827904,1.0424848,0.2,-2.4492937e-16,1.0,0.4515072,42,1,2.2405157,10.529271833381822,4.827904339671425,1
4.872217,1.5003576,0.2,-2.4492937e-16,1.0,0.4110067,42,1,2.2232466,14.533094484669961,4.872217133342176,0
7.962766,1.8551964,0.24019238,-0.5,0.8660254,0.31666824,42,1,2.2658825,13.17045303879401,7.962766332596513,2
4.8288536,0.7272928,0.2,-2.4492937e-16,1.0,0.10143664,42,1,2.0272105,13.787396076286766,4.828853511507995,0
7.500388,0.0,0.24019238,0.5,0.8660254,0.15506436,42,1,2.2286878,9.551756350560044,7.500388185213912,1
5.027995,0.450354,0.5,1.0,6.123234e-17,0.22147961,42,2,3.0987296,14.539172506846617,5.027995185715528,3
9.287916,0.17202878,0.75980765,0.5,-0.8660254,0.14889374,42,3,3.7725892,-2.391139011808359,9.28791614787537,4
3.2953038,7.302815,0.24019238,-0.5,0.8660254,0.39599007,42,1,2.2967234,15.27453788857673,3.295303799941318,2
5.1830344,3.0031154,0.24019238,-0.5,0.8660254,0.12325402,42,1,2.2327788,14.74826382767334,5.183034414951009,1
7.544013,0.17573093,0.5,1.0,6.123234e-17,0.3229432,42,2,3.1629863,13.14386852116607,7.544013084233939,3
4.80724,0.98703456,0.2,-2.4492937e-16,1.0,0.18337348,42,1,2.0450726,14.950284715754107,4.807239994311312,0
8.852133,0.30234262,0.65,0.8660254,-0.5,0.11377956,42,3,3.4324193,7.263431270751114,8.852132711285366,3
8.729823,0.26010135,0.24019238,0.5,0.8660254,0.20879275,42,1,2.2465487,12.363726044337932,8.72982274289819,1
8.735059,0.7347663,0.75980765,0.5,-0.8660254,0.25029477,42,3,3.7970207,-1.6422196249439858,8.735058719807872,4
3.4962862,5.174872,0.24019238,-0.5,0.8660254,0.2160222,42,1,2.2235796,10.670666660088633,3.4962862620411177,0
9.828136,0.2732009,0.75980765,0.5,-0.8660254,0.44210437,42,3,3.7862995,1.2201973004482345,9.828136152703475,4
4.8039994,0.15544097,0.2,-2.4492937e-16,1.0,0.16041107,42,1,2.0277715,13.49776502217827,4.803999386733543,0
6.023258,0.12332722,0.24019238,0.5,0.8660254,0.14924622,42,1,2.2062542,12.767598278335067,6.023258135837849,0
5.1067195,6.1762185,0.24019238,-0.5,0.8660254,0.2694357,42,1,2.241433,15.70812923873383,5.1067196120035385,1
9.219927,0.21660584,0.65,0.8660254,-0.5,0.45619723,42,3,3.4222043,10.662983043241386,9.219927173507704,3
9.283681,0.087561876,0.24019238,0.5,0.8660254,0.28003892,42,1,2.2431405,9.90893461507491,9.28368111670951,1
6.3288875,0.20437856,0.24019238,0.5,0.8660254,0.17297497,42,1,2.2144232,12.169962839789502,6.328887388508599,0
8.364353,0.2735206,0.75980765,0.5,-0.8660254,0.23669687,42,3,3.7993171,0.7263465285927517,8.364352830698339,4
9.198582,6.252088,0.65,-0.8660254,-0.5,0.19535305,42,3,3.4171715,9.237215102941594,9.198581804377492,3
4.9893117,6.7832847,0.65,-0.8660254,-0.5,0.26846713,42,3,3.3578672,14.279141883900659,4.989311683519066,3
7.0336003,0.111081935,0.24019238,0.5,0.8660254,0.29521194,42,1,2.2435064,13.039674313569952,7.033600406192728,1
5.578934,6.3533416,0.35,-0.8660254,0.5,0.18004231,42,1,2.4734564,14.721954232820032,5.578934410374452,3
6.204333,5.0324636,0.75980765,-0.5,-0.8660254,0.3286308,42,3,3.7933867,-1.297341935655559,6.204332944876394,4
3.9932337,4.4748693,0.24019238,-0.5,0.8660254,0.4422878,42,1,2.3170974,11.824952412237947,3.9932336127101657,2
5.137903,5.260817,0.24019238,-0.5,0.8660254,0.19833672,42,1,2.2200363,11.86393096870156,5.137903375115777,0
8.849413,0.23723944,0.65,0.8660254,-0.5,0.32914156,42,3,3.461834,-1.398740132030814,8.849412827180513,3
4.028251,4.612231,0.24019238,-0.5,0.8660254,0.23265737,42,1,2.229377,13.597944674860985,4.028251351467377,1
4.7983603,0.19653606,0.2,-2.4492937e-16,1.0,0.20137875,42,1,2.0591428,10.902551066190016,4.798360465690975,0
8.808982,0.0006199859,0.75980765,0.5,-0.8660254,0.23329699,42,3,3.7916424,1.3350385615148337,8.808981531119107,4
5.3221536,2.3474324,0.24019238,-0.5,0.8660254,0.39545745,42,1,2.30618,13.148325076001251,5.3221537123448295,2
13.975092,0.4910438,0.75980765,0.5,-0.8660254,0.30174387,42,3,3.6465843,-14.67696097359648,13.97509211990254,4
6.077291,4.207781,0.24019238,-0.5,0.8660254,0.13683593,42,1,2.2354393,13.511454453870329,6.077290885882091,1
4.473999,4.166617,0.24019238,-0.5,0.8660254,0.47233737,42,1,2.3241146,15.1712219097676,4.47399916919164,2
5.8418546,0.098449655,0.24019238,0.5,0.8660254,0.13407692,42,1,2.2024632,11.917548104872886,5.841854677060577,0
7.958036,1.6034192,0.24019238,-0.5,0.8660254,0.39713246,42,1,2.325272,10.237186791709355,7.958035875574192,2
9.3265915,0.3411219,0.75980765,0.5,-0.8660254,0.22174037,42,3,3.7773802,0.8924942647740841,9.32659163341516,4
8.644953,0.10343812,0.75980765,0.5,-0.8660254,0.45705667,42,3,3.8280637,-13.51700459258906,8.644953166383159,4
3.8925548,4.3700576,0.24019238,-0.5,0.8660254,0.10564759,42,1,2.2239554,14.371842447190721,3.8925547102389175,1
9.308547,0.13083261,0.24019238,0.5,0.8660254,0.2996005,42,1,2.2464523,13.045925723224553,9.308546806939828,1
7.8555026,0.22587991,0.65,0.8660254,-0.5,0.16505769,42,3,3.4536722,0.4198968215311156,7.855502368067224,3
4.8274508,0.25696135,0.2,-2.4492937e-16,1.0,0.12848534,42,1,2.0221937,12.620910464563357,4.827450836503486,0
7.255177,0.352681,0.5,1.0,6.123234e-17,0.42793152,42,2,3.076672,12.647385686346272,7.255176962242308,3
13.773108,0.07290227,0.75980765,0.5,-0.8660254,0.3178309,42,3,3.6652625,-19.757590356996054,13.773107784034533,4
5.6983223,3.3398657,0.24019238,-0.5,0.8660254,0.10868784,42,1,2.2435272,13.545422549538728,5.698322348357223,1
10.553668,0.0,0.75980765,0.5,-0.8660254,0.40284422,42,3,3.7816186,-9.779417169725614,10.553667812947872,4
6.419465,0.9438084,0.75980765,0.5,-0.8660254,0.18609875,42,3,3.8067563,9.655431903168509,6.4194651474469655,4
7.86602,0.24750368,0.24019238,0.5,0.8660254,0.22401366,42,1,2.2411532,13.847979628953286,7.866020251987802,1
7.959325,0.93037343,0.24019238,-0.5,0.8660254,0.36774027,42,1,2.3057394,13.673790239703699,7.959324750288726,2
6.740965,3.5237722,0.24019238,-0.5,0.8660254,0.17080872,42,1,2.2273862,13.661764948270555,6.740964822874594,1
11.029442,0.08477115,0.75980765,0.5,-0.8660254,0.1738191,42,3,3.734029,-5.606438687028568,11.02944142264179,4
9.769276,0.2652836,0.65,0.8660254,-0.5,0.19032496,42,3,3.4760244,6.710035556514923,9.769275997361351,4
7.912599,0.7431174,0.24019238,-0.5,0.8660254,0.46982327,42,1,2.3204634,9.511266257969254,7.912599168916449,2
4.2219257,4.600455,0.24019238,-0.5,0.8660254,0.23314111,42,1,2.2298381,13.592117982439042,4.221925707915712,1
4.875537,0.6665364,0.2,-2.4492937e-16,1.0,0.49460226,42,1,2.198033,9.528287134120907,3.821740943182308,0
8.98216,0.17706479,0.65,0.8660254,-0.5,0.24142407,42,3,3.5014884,11.74018898379589,8.982159645183902,4
7.883842,0.0,0.5,1.0,6.123234e-17,0.1331512,42,2,3.0239735,5.950719404152574,7.883842039115962,3
7.712451,0.9933426,0.24019238,-0.5,0.8660254,0.31045634,42,1,2.2621856,14.479329302575664,7.712450952501272,1
4.451955,0.10813319,0.24019238,0.5,0.8660254,0.39003146,42,1,2.3131943,11.677831469532096,4.451954639388547,2
9.146212,2.515439,0.24019238,-0.5,0.8660254,0.43107447,42,1,2.3249364,13.14071344814228,9.146211846711878,2
3.8169343,5.466625,0.24019238,-0.5,0.8660254,0.18521725,42,1,2.2126503,13.72921884881935,3.8169342882638,0
9.058949,0.6264321,0.75980765,0.5,-0.8660254,0.232721,42,3,3.7859445,8.84220854308296,9.058949386103771,4
7.935988,1.6380659,0.24019238,-0.5,0.8660254,0.46173733,42,1,2.3291125,12.674863915440131,7.935988087466763,2
7.917647,1.7792023,0.24019238,-0.5,0.8660254,0.29408076,42,1,2.252881,10.1345013897627,7.917646979552287,1
10.31561,0.13582699,0.75980765,0.5,-0.8660254,0.2805264,42,3,3.7593758,0.12700137835761227,10.315609804538903,4
8.90858,0.782249,0.75980765,0.5,-0.8660254,0.35833922,42,3,3.8081279,-12.8318247527803,8.90857947419222,4
5.583271,7.0579076,0.35,-0.8660254,0.5,0.38750947,42,1,2.4580123,15.060400361976793,5.583270980969666,3
4.7063046,0.16318752,0.5,1.0,6.123234e-17,0.42252547,42,2,3.0323238,15.196195552497825,4.706304484002755,3
6.440423,0.2185058,0.24019238,0.5,0.8660254,0.4513229,42,1,2.3388379,15.386820246355768,6.4404228635362575,2
8.544005,0.24093015,0.24019238,0.5,0.8660254,0.15440439,42,1,2.2408729,12.927246502377029,8.544005835853563,1
3.8263524,4.8080726,0.24019238,-0.5,0.8660254,0.2840798,42,1,2.2528825,14.443435108905337,3.8263524139702594,1
5.6995907,0.077741794,0.24019238,0.5,0.8660254,0.23237655,42,1,2.20441,11.865860848052545,5.69959048841763,0
3.8471365,7.5163403,0.24019238,-0.5,0.8660254,0.31837046,123,1,2.293724,14.461283943755905,3.8471364933678056,1
4.850601,0.41413537,0.2,-2.4492937e-16,1.0,0.23991652,123,1,2.1718502,10.185668422203372,4.850601421121191,0
10.117999,4.8611574,0.65,-0.8660254,-0.5,0.1434944,123,3,3.2849712,5.627493856977514,10.11799876362406,3
5.5609703,6.559301,0.35,-0.8660254,0.5,0.4928355,123,1,2.479143,13.656979680207684,5.560970294229567,3
4.2107124,2.5386384,0.24019238,-0.5,0.8660254,0.47134548,123,1,2.326498,16.55824847916597,4.210712354467883,1
3.9474247,3.653279,0.24019238,-0.5,0.8660254,0.3627723,123,1,2.3454506,15.735086296827184,3.947424652346347,2
9.751778,0.26398656,0.75980765,0.5,-0.8660254,0.35757706,123,3,3.7839015,-7.3209720972348435,9.751777383494204,4
7.970688,1.9649166,0.24019238,-0.5,0.8660254,0.12257133,123,1,2.2852588,13.81026544349636,7.970687862962063,0
6.8573837,0.13185938,0.24019238,0.5,0.8660254,0.37127894,123,1,2.4205532,11.696557052762907,6.857383609003823,2
5.611104,0.010574277,0.24019238,0.5,0.8660254,0.47700042,123,1,2.4309354,15.106518602866153,5.611104131505376,3
7.6629405,2.852108,0.24019238,-0.5,0.8660254,0.37692884,123,1,2.3737736,12.876194271040456,7.662940619335084,2
7.9605227,1.7362214,0.24019238,-0.5,0.8660254,0.43517274,123,1,2.3712661,14.18071956151064,7.960522864616952,2
5.207101,3.5326111,0.24019238,-0.5,0.8660254,0.31452027,123,1,2.3110402,14.647214311193405,5.207100641144571,1
3.5099921,5.648323,0.24019238,-0.5,0.8660254,0.20457417,123,1,2.2528086,11.025782945199268,3.5099921593949404,0
4.6194196,0.39355186,0.24019238,0.5,0.8660254,0.34157586,123,1,2.3486643,14.753889535705579,4.619419467990751,2
11.870656,0.46643582,0.75980765,0.5,-0.8660254,0.13011083,123,3,3.7085388,-13.990169756904859,11.870656115104138,4
4.855304,0.18773498,0.24019238,0.5,0.8660254,0.24811134,123,1,2.300774,12.497553572474791,4.855303638784064,1
4.4348183,2.3501036,0.24019238,-0.5,0.8660254,0.36104444,123,1,2.3491008,10.017157237714393,4.434818154004557,2
9.590192,0.00760291,0.5,1.0,6.123234e-17,0.36863515,123,2,3.129268,13.755011493693024,9.590192003129786,3
7.9142146,0.44464025,0.24019238,0.5,0.8660254,0.18459004,123,1,2.3386312,13.108994244653633,7.914214532399597,1
5.825987,0.21886241,0.24019238,0.5,0.8660254,0.49586847,123,1,2.4240441,14.448050581891664,5.825986687786229,2
10.2989435,0.45457137,0.75980765,0.5,-0.8660254,0.17647524,123,3,3.7670417,-6.154718073053894,10.298943181675623,4
6.9085755,0.12410454,0.24019238,0.5,0.8660254,0.1961602,123,1,2.3317513,10.973841720876644,6.908575584652093,1
5.4290867,7.7309375,0.35,-0.8660254,0.5,0.4657446,123,1,2.4735768,13.527857752498605,5.42908661392149,3
6.87902,0.33501682,0.5,1.0,6.123234e-17,0.3316932,123,2,3.1196463,14.052417289659758,6.879020126557913,3
4.5859237,0.3110524,0.24019238,0.5,0.8660254,0.29319087,123,1,2.300982,10.776023548113857,4.58592360258876,1
9.157073,0.00414551,0.75980765,0.5,-0.8660254,0.14814335,123,3,3.7874565,-4.205260679086178,9.157073061305487,4
8.870268,0.14828601,0.24019238,0.5,0.8660254,0.26225913,123,1,2.3725135,9.648544829533366,8.870267665239025,2
9.511399,0.03899328,0.75980765,0.5,-0.8660254,0.14520273,123,3,3.779711,-18.797964621462146,9.511399119898432,4
4.6532354,4.1960783,0.24019238,-0.5,0.8660254,0.43701038,123,1,2.3551242,11.104779718863387,4.6532355398099385,2
4.990728,0.2637782,0.24019238,0.5,0.8660254,0.31222793,123,1,2.3281274,12.735254604462156,4.990727670267921,1
5.5077224,6.4551086,0.35,-0.8660254,0.5,0.30913642,123,1,2.4250407,13.72415020175438,5.507722591483128,2
5.5147943,5.6889553,0.35,-0.8660254,0.5,0.18059552,123,1,2.421776,15.105907059434609,5.514794148639203,2
1.9927073,7.717093,0.24019238,-0.5,0.8660254,0.22373164,123,1,2.2384245,10.653079018350134,1.9927072455010888,0
10.333478,0.25810012,0.75980765,0.5,-0.8660254,0.43242136,123,3,3.7491689,4.857518671489384,10.333477545036413,4
9.872105,0.22412615,0.24019238,0.5,0.8660254,0.4080306,123,1,2.435338,13.724771210658949,9.872104982299517,3
4.582292,3.1111908,0.24019238,-0.5,0.8660254,0.20467626,123,1,2.269227,13.527563316888491,4.582292282312187,0
6.378763,0.16711664,0.24019238,0.5,0.8660254,0.4781477,123,1,2.4273326,13.503139207226525,6.378763160642478,3
6.257125,4.6940737,0.35,-0.8660254,0.5,0.24536613,123,1,2.445765,13.815548592007259,6.257125129225551,3
9.530687,0.32769564,0.24019238,0.5,0.8660254,0.3853971,123,1,2.4434588,13.0166257217239,9.530687763656587,3
8.850535,0.1111027,0.65,0.8660254,-0.5,0.42546394,123,3,3.3565018,0.6524669579600495,8.85053539382052,3
5.750778,0.08642254,0.24019238,0.5,0.8660254,0.11795045,123,1,2.302035,13.201512176962122,5.75077800656566,1
8.741298,0.091204725,0.65,0.8660254,-0.5,0.2574887,123,3,3.464132,11.759662622611526,8.74129769862405,4
4.651867,0.0,0.24019238,-0.5,0.8660254,0.29893735,123,1,2.2967613,13.233025568832659,4.65186693860857,1
7.405664,6.1434116,0.65,-0.8660254,-0.5,0.2164809,123,3,3.3211956,9.411148946138733,7.40566405379352,3
7.928191,1.4811178,0.24019238,-0.5,0.8660254,0.13052727,123,1,2.2862873,12.578712387730565,7.928191018819104,0
8.831637,0.024087498,0.65,0.8660254,-0.5,0.10435169,123,3,3.399753,-2.0139115243899988,8.831637151412083,3
11.177542,0.21884286,0.24019238,0.5,0.8660254,0.23048766,123,1,2.3950067,11.77029021838446,11.177541371426198,2
7.937675,1.0819967,0.24019238,-0.5,0.8660254,0.4800763,123,1,2.3485138,13.556213685675536,7.937675158513764,2
5.020463,0.7164107,0.2,-2.4492937e-16,1.0,0.48310333,123,1,2.266038,11.027478306400779,5.020463219720497,0
5.765048,0.8168295,0.2,-2.4492937e-16,1.0,0.3385648,123,1,2.2939925,11.35413917053186,5.765047862128667,1
5.5998306,7.262156,0.35,-0.8660254,0.5,0.38568604,123,1,2.453538,15.091224990404502,5.599830603447388,3
5.911346,0.027201125,0.24019238,0.5,0.8660254,0.14226118,123,1,2.311017,10.443166896625476,5.911345916454364,1
3.3899024,0.58821136,0.2,-2.4492937e-16,1.0,0.19636115,123,1,2.1391473,9.881005289598926,3.389902263738504,0
9.628328,0.2843643,0.75980765,0.5,-0.8660254,0.4429419,123,3,3.7709873,-5.645520634932119,9.628327937024295,4
5.5111995,2.9837005,0.24019238,-0.5,0.8660254,0.1930276,123,1,2.280473,12.74423873328074,5.511199277821069,0
3.5467215,5.9230156,0.35,-0.8660254,0.5,0.32825887,123,1,2.4390244,15.962847489413976,3.5467215394954814,3
5.4945903,0.33760262,0.24019238,0.5,0.8660254,0.41814768,123,1,2.4156694,15.236511638830189,5.494590047860597,2
8.851126,0.13829158,0.65,0.8660254,-0.5,0.41692024,123,3,3.3632202,1.6975241746977403,8.851126102493222,3
7.9549685,1.6578306,0.24019238,-0.5,0.8660254,0.2924599,123,1,2.3374884,14.034001268018049,7.954968420069924,1
4.511515,4.9562516,0.24019238,-0.5,0.8660254,0.1955576,123,1,2.2656853,13.531928481602293,4.511515378130591,0
13.333217,0.2600422,0.24019238,0.5,0.8660254,0.2631764,123,1,2.4173021,10.359406180641368,13.333216867668432,2
7.9396663,1.3258476,0.24019238,-0.5,0.8660254,0.46225658,123,1,2.3544812,12.341671480541835,7.939666080115004,2
3.948102,5.1472344,0.24019238,-0.5,0.8660254,0.2288333,123,1,2.2658954,11.73641287606852,3.948101924081464,0
12.539951,4.442199,0.65,-0.8660254,-0.5,0.4394019,123,3,3.3116858,7.064382100673206,12.53995167344918,3
5.9010496,0.107246906,0.24019238,0.5,0.8660254,0.23520954,123,1,2.3239713,10.6465642561234,5.901049565992124,1
5.485277,13.609974,0.35,-0.8660254,0.5,0.16506489,123,1,2.403408,14.71416349742304,5.485277006872489,2
11.457476,0.039301813,0.75980765,0.5,-0.8660254,0.20025983,123,3,3.7216234,-15.174077174735315,11.457475399529825,4
4.8261623,0.1622342,0.2,-2.4492937e-16,1.0,0.3789541,123,1,2.2885249,12.320017580465027,4.8261622279480285,0
4.809984,0.27677694,0.2,-2.4492937e-16,1.0,0.1744713,123,1,2.1587188,13.48826830830209,4.809984193173939,0
4.34108,0.5750321,0.2,-2.4492937e-16,1.0,0.390528,123,1,2.281519,15.37515181718354,4.341080228214673,0
5.450378,0.17421424,0.24019238,0.5,0.8660254,0.29312122,123,1,2.3250804,12.121404638506524,5.450377901635469,1
4.4549704,0.35950255,0.24019238,0.5,0.8660254,0.4415885,123,1,2.4279387,12.22869287501474,4.454970370916634,3
5.803179,0.063859664,0.24019238,0.5,0.8660254,0.1547587,123,1,2.3134766,11.36397975003568,5.803178907942381,1
5.471963,2.5051677,0.24019238,-0.5,0.8660254,0.3151583,123,1,2.3158321,13.14961616066082,5.471962993909838,1
5.1484847,0.095977806,0.24019238,0.5,0.8660254,0.4782691,123,1,2.4324145,11.291131717995393,5.148484650631939,3
5.0856557,0.38026896,0.24019238,0.5,0.8660254,0.3288747,123,1,2.3438096,14.059518173655977,5.085655866941433,1
4.4378357,0.17873363,0.24019238,0.5,0.8660254,0.1776373,123,1,2.2859657,12.416544331540459,4.43783561902679,0
5.4760833,0.0,0.35,-0.8660254,0.5,0.36513206,123,1,2.44142,14.345442003302535,5.476083161704046,3
4.6622324,0.36442056,0.24019238,0.5,0.8660254,0.16272615,123,1,2.290238,15.532662764543208,4.662232232972826,1
3.8649747,0.15873395,0.24019238,0.5,0.8660254,0.20068006,123,1,2.2797518,13.256913900503129,3.8649746958834825,0
5.9218473,0.118756354,0.24019238,0.5,0.8660254,0.3069473,123,1,2.3478339,15.117479500115287,5.921847261956375,2
6.7412663,0.014692952,0.24019238,0.5,0.8660254,0.24573113,123,1,2.337117,12.07526611849406,6.741266452122124,1
7.9896894,0.83335,0.24019238,-0.5,0.8660254,0.11653968,123,1,2.2841544,13.025894667827883,7.989689277996177,0
10.696668,0.0070097023,0.5,1.0,6.123234e-17,0.19516923,123,2,3.0043616,8.932747509266616,10.696667768984842,3
5.045212,6.8308735,0.24019238,-0.5,0.8660254,0.2167492,123,1,2.2816458,11.559724760286905,5.045211673644862,0
6.494661,0.17351677,0.24019238,0.5,0.8660254,0.3542419,123,1,2.40473,10.192430123931512,6.494660949607788,2
5.538538,0.10754088,0.24019238,0.5,0.8660254,0.21414185,123,1,2.3163185,13.864208802398654,5.53853796317528,1
13.097339,0.0916815,0.75980765,0.5,-0.8660254,0.2722086,123,3,3.6709743,-41.72176273731927,13.097338918314566,4
7.6855726,0.1820045,0.24019238,0.5,0.8660254,0.48275796,123,1,2.4271789,13.822775664507482,7.68557248263064,3
4.2249084,4.8805766,0.24019238,-0.5,0.8660254,0.4572966,123,1,2.3290997,11.209813225067604,4.224908146424935,1
8.848501,0.00586831,0.65,0.8660254,-0.5,0.29585996,123,3,3.4597273,12.484193984835773,8.84850077924985,4
7.961287,1.1454484,0.24019238,-0.5,0.8660254,0.4564719,123,1,2.3583937,11.00290119779693,7.961287199735519,2
6.768778,0.05980547,0.24019238,0.5,0.8660254,0.16922337,123,1,2.3289034,10.92262657608934,6.768777857731129,1
9.404518,0.1566196,0.65,0.8660254,-0.5,0.4957274,123,3,3.366662,6.843398593155161,9.404517657262613,3
3.2419212,0.07886948,0.5,1.0,6.123234e-17,0.3657379,123,2,3.0737379,14.986068945267116,3.241921203745436,3
4.867306,1.1039392,0.2,-2.4492937e-16,1.0,0.44222108,123,1,2.2749834,12.273180043062867,4.867306375036614,0
5.467738,10.938293,0.35,-0.8660254,0.5,0.11151656,123,1,2.3695762,13.904571940977887,5.467738270398023,2
6.2685003,0.3024023,0.24019238,0.5,0.8660254,0.13744345,123,1,2.3132942,12.908534999556743,6.268500174902373,1
6.49644,5.7699876,0.65,-0.8660254,-0.5,0.21374509,123,3,3.2813892,1.6894998340533234,6.496439749597054,3
4.6936154,5.874161,0.35,-0.8660254,0.5,0.10240105,123,1,2.355976,13.210928486868443,4.693615348973663,2
7.950601,1.1416006,0.24019238,-0.5,0.8660254,0.15275422,123,1,2.2907689,12.72523854322245,7.950601245958204,1
5.8632956,0.2230577,0.24019238,0.5,0.8660254,0.4995284,123,1,2.4224129,11.38652789331571,5.86329534060918,2
4.195202,0.3115534,0.24019238,0.5,0.8660254,0.29875565,123,1,2.2963743,13.314195745155764,4.195201886448651,1
9.44041,0.19568305,0.75980765,0.5,-0.8660254,0.12392221,123,3,3.7773015,-23.535833650608254,9.440410043045636,4
10.566879,0.0,0.75980765,0.5,-0.8660254,0.14720988,123,3,3.7542276,-10.400106650922933,10.566879394471176,4
7.370737,0.53439605,0.24019238,0.5,0.8660254,0.17535205,123,1,2.3341763,14.560429249363239,7.37073690993881,1
7.1164756,0.0,0.5,1.0,6.123234e-17,0.19368164,123,2,3.0814848,12.830811958038494,7.116475815362996,3
7.925147,1.7707211,0.24019238,-0.5,0.8660254,0.46989977,123,1,2.3499799,12.209450459244673,7.925147091152244,2
3.8674402,3.5604362,0.24019238,-0.5,0.8660254,0.4944218,123,1,2.3098068,11.010493912034446,3.86744017916614,1
4.913348,4.344618,0.24019238,-0.5,0.8660254,0.3511844,123,1,2.3405464,15.747947552768377,4.91334823270121,1
7.002902,0.000244734,0.5,1.0,6.123234e-17,0.16417462,123,2,3.075728,12.908125905301027,7.00290203173926,3
7.957929,1.7419142,0.24019238,-0.5,0.8660254,0.3959947,123,1,2.3812559,11.527710245718128,7.957928898671963,2
7.9600816,0.9078582,0.24019238,-0.5,0.8660254,0.40885276,123,1,2.3810213,13.682313033373317,7.960081667824738,2
3.9960132,5.6274643,0.24019238,-0.5,0.8660254,0.49929667,123,1,2.3074975,9.808341930253672,3.9960131099775102,1
5.4576783,9.901191,0.35,-0.8660254,0.5,0.4840308,123,1,2.4746137,13.944003953556118,5.457678130160826,3
7.2093067,0.14174113,0.24019238,0.5,0.8660254,0.30811042,123,1,2.3762333,13.236834901503098,7.209306676482379,2
9.705472,0.22269766,0.75980765,0.5,-0.8660254,0.44758198,123,3,3.7692316,5.256415316340741,9.705471710272594,4
10.223874,0.46358046,0.75980765,0.5,-0.8660254,0.3172706,123,3,3.7793174,-8.101881951899097,10.223873996289289,4
5.9841814,0.9155807,0.24019238,-0.5,0.8660254,0.44518888,123,1,2.356446,9.816566138248373,5.984181567427682,2
4.207311,0.09174156,0.5,1.0,6.123234e-17,0.14826979,123,2,3.1316996,14.686255113981723,4.207310925019611,3
3.8491786,0.49837494,0.2,-2.4492937e-16,1.0,0.37519124,123,1,2.2802198,13.592544014808583,3.849178503874776,0
3.9985852,0.45117772,0.2,-2.4492937e-16,1.0,0.18211688,123,1,2.1463249,12.009060107586963,3.998585325911973,0
1.985333,6.73492,0.24019238,-0.5,0.8660254,0.33071083,123,1,2.285793,13.584987200934936,1.985332916392521,0
4.53,0.3468856,0.2,-2.4492937e-16,1.0,0.13760012,123,1,2.1487718,14.001933308064796,4.530000273569729,0
7.3940644,0.031100487,0.5,1.0,6.123234e-17,0.28946888,123,2,3.1109824,10.408829198652116,7.394064473871649,3
4.0166535,0.9977529,0.24019238,0.5,0.8660254,0.4527999,123,1,2.4327412,10.431881476451833,4.016653404125211,3
3.0757155,4.596439,0.24019238,-0.5,0.8660254,0.32504848,123,1,2.2939622,10.414872292617149,3.075715550915691,1
5.4006753,9.43307,0.35,-0.8660254,0.5,0.12572847,123,1,2.382103,13.443517001909914,5.400675436459413,2
4.822448,0.6060263,0.2,-2.4492937e-16,1.0,0.21339065,123,1,2.165163,10.10489611546585,4.774943065747273,0
4.836075,0.20327139,0.24019238,0.5,0.8660254,0.38606986,123,1,2.4028852,10.019517706509813,4.836074611213653,2
10.556692,0.0,0.75980765,0.5,-0.8660254,0.22571473,123,3,3.74551,-21.293916975885328,10.556691773640424,4
4.8360353,0.09036917,0.24019238,0.5,0.8660254,0.37678668,123,1,2.397375,11.358918503232216,4.836035256197253,2
5.63293,0.35636917,0.24019238,0.5,0.8660254,0.31021065,123,1,2.3421597,12.661189252754601,5.632929695814394,1
11.080726,0.007470973,0.75980765,0.5,-0.8660254,0.23298448,123,3,3.728242,-7.663725837551497,11.080725760252117,4
7.3072767,0.40981427,0.24019238,0.5,0.8660254,0.4451237,123,1,2.4320724,11.454269159472332,7.307276810651675,3
5.4097786,12.328786,0.35,-0.8660254,0.5,0.40061694,123,1,2.4553547,13.099230666529335,5.409778727790249,3
4.939126,0.23587985,0.24019238,0.5,0.8660254,0.26370746,123,1,2.3040724,11.531547894507304,4.939126194271317,1
3.0148234,3.6061075,0.24019238,-0.5,0.8660254,0.26702225,123,1,2.2578225,10.056784403095802,3.014823545509022,0
10.323055,0.0037979279,0.75980765,0.5,-0.8660254,0.2127351,123,3,3.7536674,3.2708786449094296,10.323055559907584,4
7.9454207,1.4310064,0.24019238,-0.5,0.8660254,0.4414181,123,1,2.367826,10.843960025879886,7.945420868789878,2
4.24505,0.0,0.24019238,-0.5,0.8660254,0.27367228,123,1,2.2777033,10.574865823093365,4.245049944685101,0
10.154981,0.23108733,0.75980765,0.5,-0.8660254,0.28698593,123,3,3.7815702,-18.193151049543552,10.1549811016777,4
4.1572556,4.892863,0.24019238,-0.5,0.8660254,0.33168566,123,1,2.312594,13.661986228829512,4.157255874190264,1
5.4358807,8.388438,0.24019238,-0.5,0.8660254,0.1292604,123,1,2.2603018,15.557008222905184,5.435880652862034,0
4.342152,5.453466,0.24019238,-0.5,0.8660254,0.3807647,123,1,2.361614,10.091365680233,4.342152058172577,2
7.1323,0.0,0.5,1.0,6.123234e-17,0.32422632,123,2,3.1250482,8.401636621970038,7.1322998386502725,3
4.165341,0.81244606,0.2,-2.4492937e-16,1.0,0.35525906,123,1,2.2875407,13.0120418144072,4.165341107093476,0
11.10429,0.2800643,0.75980765,0.5,-0.8660254,0.10930931,123,3,3.7361228,-9.130760119092825,11.104289983659712,4
8.013755,0.0,0.24019238,0.5,0.8660254,0.1329478,123,1,2.3263738,11.884138444964533,8.013754384691367,1
8.787398,0.29769,0.75980765,0.5,-0.8660254,0.33842513,123,3,3.8022513,-1.571270548792267,8.787398428892914,4
9.084938,0.26006082,0.75980765,0.5,-0.8660254,0.3641537,123,3,3.7945185,-3.8491313990817613,9.084938400907197,4
7.894555,1.51366,0.24019238,-0.5,0.8660254,0.4389182,123,1,2.3684428,12.451019493890465,7.894555143470194,2
8.842279,0.21036942,0.65,0.8660254,-0.5,0.4662265,123,3,3.3672097,11.49872341991681,8.842279257936053,3
5.4760423,0.035502832,0.24019238,0.5,0.8660254,0.48518887,123,1,2.428142,14.150146712204682,5.476042276881793,3
4.249434,3.709067,0.24019238,-0.5,0.8660254,0.19957462,123,1,2.261904,12.557862251790441,4.24943375977411,0
6.7549305,0.27349326,0.24019238,0.5,0.8660254,0.20887552,123,1,2.3298585,11.364326370691522,6.754930443082636,1
5.0646863,0.28431788,0.24019238,0.5,0.8660254,0.30765164,123,1,2.326603,12.040847217360337,5.064686425053581,1
2.8948634,9.773545,0.24019238,-0.5,0.8660254,0.3523485,123,1,2.3165796,14.308100085470766,2.8948632944168264,1
8.153724,0.19686037,0.24019238,0.5,0.8660254,0.13998483,123,1,2.3293183,13.307476567193266,8.153724044078876,1
5.480175,6.0570016,0.35,-0.8660254,0.5,0.15297444,123,1,2.4047878,15.200124337977554,5.480175214237156,2
4.8544235,0.82071114,0.2,-2.4492937e-16,1.0,0.4219485,123,1,2.27356,14.286345904007554,4.854423395273806,0
9.083401,0.19107574,0.75980765,0.5,-0.8660254,0.28865707,123,3,3.795409,-15.540452904854932,9.083400983192371,4
5.378837,0.12975739,0.24019238,0.5,0.8660254,0.4666944,123,1,2.4324377,12.110197489451794,5.378836906318903,3
9.135109,0.05769657,0.24019238,0.5,0.8660254,0.30116633,123,1,2.3948274,14.496325694404664,9.135108645368266,2
7.054068,0.00044452876,0.5,1.0,6.123234e-17,0.31917208,123,2,3.1247222,14.395346799726582,7.054067919841241,3
7.9593363,1.5410007,0.24019238,-0.5,0.8660254,0.20407926,123,1,2.2994375,13.599687312269397,7.959336229589809,1
4.2289224,0.012242444,0.24019238,0.5,0.8660254,0.37729046,123,1,2.3880446,12.072326199681546,4.228922487344969,2
6.327317,3.1165066,0.75980765,-0.5,-0.8660254,0.13054371,123,3,3.7360818,10.541387779844559,6.327317023846544,4
2.8554144,1.2593474,0.2,-2.4492937e-16,1.0,0.41003826,123,1,2.2734902,10.766924591712545,2.855414339709397,0
6.0756145,0.032159727,0.24019238,0.5,0.8660254,0.4183166,123,1,2.419667,12.589565510323485,6.075614320097359,2
5.2298903,0.35816124,0.24019238,0.5,0.8660254,0.47099578,123,1,2.4347284,13.026474112331078,5.229890398329192,3
8.856813,0.2933897,0.65,0.8660254,-0.5,0.17710662,123,3,3.4407897,-2.563562761862496,8.856813275305878,4
4.758039,3.8792903,0.24019238,-0.5,0.8660254,0.39419723,123,1,2.3734474,12.73839621359867,4.758038958725591,2
4.808476,0.15465152,0.2,-2.4492937e-16,1.0,0.12913252,123,1,2.1515152,12.187364340428456,4.808475855433567,0
5.468106,9.405892,0.35,-0.8660254,0.5,0.1699326,123,1,2.4100327,13.599556244931131,5.4681056782000885,2
6.8918757,0.25468883,0.24019238,0.5,0.8660254,0.34197956,123,1,2.3996587,13.668519169370539,6.891875653480568,2
6.1123505,0.13656282,0.24019238,0.5,0.8660254,0.14327636,123,1,2.3135035,10.603470868126664,6.112350350293296,1
5.1879115,0.7417268,0.2,-2.4492937e-16,1.0,0.16044345,123,1,2.15854,15.117810531265459,5.18791168960105,0
8.8504,0.2435677,0.65,0.8660254,-0.5,0.27360186,123,3,3.461673,2.4474960977118645,8.8503999768083,4
5.788335,10.941203,0.65,-0.8660254,-0.5,0.4135275,123,3,3.2213576,9.967444739671762,5.788334656699953,3
5.106605,6.9391046,0.35,-0.8660254,0.5,0.2644141,123,1,2.4317837,12.431493653519953,5.106605020130648,3
7.937694,1.2519752,0.24019238,-0.5,0.8660254,0.25994897,123,1,2.3296046,13.819385007090348,7.937694152327316,1
4.2153826,0.0,0.24019238,-0.5,0.8660254,0.4768617,123,1,2.3268862,11.407557931483323,4.215382495690255,1
6.611934,0.29837623,0.24019238,0.5,0.8660254,0.3186871,123,1,2.3735652,11.669703465487688,6.611934422007259,2
7.9537582,1.8699465,0.24019238,-0.5,0.8660254,0.3949846,123,1,2.3812447,11.442639234439055,7.953758384885183,2
8.849715,0.24506281,0.65,0.8660254,-0.5,0.33720708,123,3,3.42054,-2.7502050615670837,8.849714877847749,3
4.814271,0.53412026,0.2,-2.4492937e-16,1.0,0.17600125,123,1,2.158528,14.214302482822935,4.814270999942937,0
7.9545193,1.3279854,0.24019238,-0.5,0.8660254,0.321031,123,1,2.3475184,13.055334423217774,7.954519366141981,2
6.8080716,0.0,0.24019238,0.5,0.8660254,0.101600796,123,1,2.3089745,11.686047997260482,6.808071666711727,1
6.909936,0.11307529,0.24019238,0.5,0.8660254,0.44384727,123,1,2.4316006,13.440910048962786,6.909935836151884,3
7.112399,0.18917696,0.24019238,0.5,0.8660254,0.16306321,123,1,2.3299758,12.722661065401892,7.112398892732693,1
5.5331097,5.3698716,0.35,-0.8660254,0.5,0.20164609,123,1,2.435415,14.16796486227126,5.533109476332627,3
6.122471,0.32032362,0.24019238,0.5,0.8660254,0.4460006,123,1,2.4270535,9.632250681336828,5.898189482395752,3
6.197991,4.50815,0.75980765,-0.5,-0.8660254,0.13688333,123,3,3.7429929,-0.06640259419742645,6.197990700958063,4
9.883919,0.78022504,0.75980765,0.5,-0.8660254,0.34403995,123,3,3.784206,-8.575574136089173,9.883918720851934,4
6.4901185,2.3311713,0.24019238,-0.5,0.8660254,0.26719892,123,1,2.3122346,14.249435037515473,6.490118484413559,1
4.3234763,5.250204,0.24019238,-0.5,0.8660254,0.48674548,123,1,2.3154197,11.606242125543465,4.323476502315112,1
6.2066026,5.530112,0.75980765,-0.5,-0.8660254,0.42909205,123,3,3.774826,3.2626315739058294,6.206602498671029,4
5.4736085,10.678523,0.35,-0.8660254,0.5,0.20560263,123,1,2.4250803,11.422950361278165,5.473608487188108,3
6.323426,0.10564127,0.24019238,0.5,0.8660254,0.16580735,123,1,2.3231635,11.769232901370872,6.323425698062994,1
11.727094,0.045705494,0.75980765,0.5,-0.8660254,0.48684084,123,3,3.7007022,-26.803656152201267,11.727093781275448,4
3.127906,0.18901505,0.24019238,0.5,0.8660254,0.18562856,123,1,2.2605085,11.410166955106002,3.127906075525884,0
7.3098984,0.12275275,0.24019238,0.5,0.8660254,0.10886583,123,1,2.3148844,14.292022516756457,7.309898239318113,1
7.4579062,0.07340254,0.5,1.0,6.123234e-17,0.4338975,123,2,3.1048248,11.062606523273624,7.457906038198316,3
5.012702,0.09552872,0.24019238,0.5,0.8660254,0.4882218,123,1,2.4270606,13.882541158342905,5.012702040001957,3
2.534034,6.2662253,0.24019238,-0.5,0.8660254,0.43581554,123,1,2.3333857,11.725259962489714,2.534034048005449,1
7.080628,0.0,0.5,1.0,6.123234e-17,0.4301663,123,2,3.0987892,11.67601549201137,7.080627806234905,3
5.6681213,11.082,0.35,-0.8660254,0.5,0.47453386,123,1,2.4733317,11.126447648783694,5.668121150578919,3
7.9631195,1.7632246,0.24019238,-0.5,0.8660254,0.24816988,123,1,2.3228736,13.861638725724871,7.963119320551774,1
4.875061,7.976677,0.24019238,-0.5,0.8660254,0.17372113,123,1,2.2675192,12.135677043187203,4.87506082549466,0
11.519349,0.14255174,0.75980765,0.5,-0.8660254,0.18399322,123,3,3.7256489,-3.7032976780186404,11.519349345600672,4
3.1459162,0.30926523,0.24019238,0.5,0.8660254,0.2931745,123,1,2.2698925,14.983916865870077,3.1459162292434777,0
10.427559,0.78880453,0.75980765,0.5,-0.8660254,0.31159008,123,3,3.7754245,5.339554379888,10.427558638177612,4
8.710399,0.25284687,0.65,0.8660254,-0.5,0.29745418,123,3,3.4566417,6.331872146557768,8.710398271225102,4
5.3386583,11.605729,0.35,-0.8660254,0.5,0.32118255,123,1,2.4265301,15.016302965681117,5.338658255138793,3
8.127724,0.18554609,0.24019238,0.5,0.8660254,0.4957296,123,1,2.42585,13.80084955003824,8.127723608185601,3
11.235025,0.030149275,0.75980765,0.5,-0.8660254,0.27729684,123,3,3.7530925,-12.995895444959014,11.235025038858902,4
4.8239384,0.8988356,0.2,-2.4492937e-16,1.0,0.25167054,123,1,2.1733212,13.385886403537029,4.8239381783390085,0
7.0696864,0.050850168,0.5,1.0,6.123234e-17,0.33108798,123,2,3.122884,12.225826505880137,7.069686383379119,3
5.032155,0.21140969,0.2,-2.4492937e-16,1.0,0.3799435,123,1,2.2900362,10.665745392487608,5.032154908111138,1
4.5163317,3.4378777,0.24019238,-0.5,0.8660254,0.21900007,123,1,2.2714138,13.287527753090586,4.516331794108562,0
7.954858,1.6311823,0.24019238,-0.5,0.8660254,0.46221206,123,1,2.353877,10.879609456135375,7.954857760210419,2
5.4968977,5.4046836,0.35,-0.8660254,0.5,0.17206143,123,1,2.416665,12.656391861868633,5.496897488679535,2
10.788433,0.037765883,0.75980765,0.5,-0.8660254,0.13763069,123,3,3.7459958,-1.6289902559073322,10.788432729923809,4
2.8125007,6.134031,0.24019238,-0.5,0.8660254,0.23023096,123,1,2.2510128,12.200034913563053,2.8125007410914096,0
12.172789,0.28627726,0.75980765,0.5,-0.8660254,0.11121686,123,3,3.6955245,-13.466380494472668,12.172788181911192,4
2.714258,8.468867,0.24019238,-0.5,0.8660254,0.1996378,123,1,2.2390194,13.6061308708485,2.714257954342046,0
13.516632,0.31082743,0.24019238,0.5,0.8660254,0.36727464,123,1,2.437492,11.690005730206355,13.51663245259432,3
9.673785,3.8092098,0.24019238,-0.5,0.8660254,0.38830832,123,1,2.387783,12.240173286524776,9.673785534850811,2
7.9181986,1.9542174,0.24019238,-0.5,0.8660254,0.46383402,123,1,2.3520439,10.126260443393841,7.393450177030675,2
10.517561,0.3104662,0.75980765,0.5,-0.8660254,0.21097122,123,3,3.746701,-11.498209579147733,10.517561136575011,4
9.691614,0.45814338,0.75980765,0.5,-0.8660254,0.40164754,123,3,3.7782164,-4.801116992189612,9.69161391615957,4
6.4586234,0.24140388,0.24019238,0.5,0.8660254,0.10830639,123,1,2.308858,13.575117481543899,6.45862334011268,1
10.201404,0.57712865,0.75980765,0.5,-0.8660254,0.22872543,123,3,3.755282,-14.348908889411316,10.201403945563042,4
2.4399023,5.0848846,0.24019238,-0.5,0.8660254,0.30151796,123,1,2.2661567,13.579868489463168,2.43990221274798,0
5.162118,0.0,0.24019238,0.5,0.8660254,0.37077937,123,1,2.3971167,14.471223400400492,5.162117764721174,2
8.844538,0.09654518,0.65,0.8660254,-0.5,0.23029275,123,3,3.468917,9.739800176380886,8.844537727641615,4
5.250296,0.061409414,0.24019238,0.5,0.8660254,0.104511596,123,1,2.2928104,15.44602073296388,5.250295955729137,1
7.1537423,0.3093532,0.5,1.0,6.123234e-17,0.22195594,123,2,3.0897787,13.290008391340718,7.153742394973268,3
7.63062,0.13811333,0.24019238,0.5,0.8660254,0.1990719,123,1,2.34084,13.202323159829593,7.630619897254562,1
8.878564,0.45634893,0.75980765,0.5,-0.8660254,0.22086947,123,3,3.7986565,3.7943583959504945,8.878564019777338,4
3.9615874,10.955852,0.35,-0.8660254,0.5,0.27293903,123,1,2.4324167,14.26657112555654,3.9615873163189335,3
7.962259,0.939995,0.24019238,-0.5,0.8660254,0.20414922,123,1,2.2994695,14.769774591832878,7.962258815765381,1
11.170151,0.6148613,0.75980765,0.5,-0.8660254,0.22132002,123,3,3.7241085,-6.787767796161599,11.170150464639574,4
7.9550047,0.9274146,0.24019238,-0.5,0.8660254,0.20674402,123,1,2.299487,13.254193449467682,7.955004887051052,1
6.7146707,0.2058783,0.65,0.8660254,-0.5,0.2883042,123,3,3.4391642,4.558734461552579,6.714670853181404,4
8.846406,0.07647745,0.65,0.8660254,-0.5,0.2921029,123,3,3.4623008,4.805964464583546,8.846405968098123,4
12.280947,6.0949993,0.65,-0.8660254,-0.5,0.41883054,123,3,3.3218143,-1.795714621573977,12.280946842767952,3
3.947962,4.957126,0.24019238,-0.5,0.8660254,0.40175375,123,1,2.372712,10.431496627611889,3.947962051118107,2
4.82476,0.35478148,0.2,-2.4492937e-16,1.0,0.4335711,123,1,2.2758586,11.74071201956172,4.824759733370295,0
8.14068,0.8299249,0.75980765,0.5,-0.8660254,0.14248733,123,3,3.7975957,-1.2913868471650236,8.140680421882559,4
8.834505,0.23655944,0.65,0.8660254,-0.5,0.23512477,123,3,3.4671035,-0.4828834873246022,8.834505067396444,4
9.493989,0.64042956,0.75980765,0.5,-0.8660254,0.11608185,123,3,3.7752826,-10.817785703869957,9.49398853006229,4
3.2886012,0.2932559,0.24019238,0.5,0.8660254,0.4287777,123,1,2.4141247,11.32250385690705,3.288601256604053,2
4.918865,4.672638,0.24019238,-0.5,0.8660254,0.24141598,123,1,2.2824984,9.703659176094202,4.704079825277457,0
7.639502,0.060950067,0.24019238,0.5,0.8660254,0.24504055,123,1,2.3483775,14.160880272412964,7.639502111504968,2
8.043916,7.3924193,0.65,-0.8660254,-0.5,0.4127208,123,3,3.2539353,8.456648728930652,8.043915311532864,3
4.8191876,0.27447423,0.24019238,0.5,0.8660254,0.22296275,123,1,2.3019981,13.538676230230589,4.819187722517318,1
10.931347,0.051160023,0.75980765,0.5,-0.8660254,0.23418748,123,3,3.7330534,-10.71512259015805,10.931346865716842,4
5.2165565,6.4098315,0.35,-0.8660254,0.5,0.47999805,123,1,2.476268,15.234650885788579,5.216556677985094,3
10.342384,0.8023036,0.75980765,0.5,-0.8660254,0.30440187,123,3,3.7774792,-0.39503063859784726,10.342384608304972,4
9.041122,5.468136,0.65,-0.8660254,-0.5,0.13347782,123,3,3.2585475,7.91167405874085,9.041122114110587,3
3.0267766,4.0478044,0.24019238,-0.5,0.8660254,0.31942007,123,1,2.288806,14.021586372776701,3.026776542080276,0
2.8219593,0.06013825,0.5,1.0,6.123234e-17,0.30122656,123,2,3.1025953,12.654788625680446,2.821959295195111,3
4.825409,0.4469613,0.2,-2.4492937e-16,1.0,0.35800964,123,1,2.2910252,14.916104876214282,4.825408810653542,1
2.7048342,7.2062607,0.24019238,-0.5,0.8660254,0.49386415,123,1,2.2951627,11.996624955905205,2.70483433032288,1
5.4634457,0.27660713,0.24019238,0.5,0.8660254,0.42021576,123,1,2.4161413,14.078387577767655,5.463445450876479,2
10.93958,0.28729653,0.24019238,0.5,0.8660254,0.43558854,123,1,2.4238906,11.366106186600572,10.93958034875314,2
8.531844,0.34406945,0.24019238,0.5,0.8660254,0.27232784,123,1,2.3706257,13.601529275399768,8.531844517169883,2
6.804168,0.0,0.24019238,0.5,0.8660254,0.46923465,123,1,2.4293075,13.30335901141116,6.804168006404643,3
15.009679,0.19848359,0.24019238,0.5,0.8660254,0.18730183,123,1,2.3899148,10.204917454051712,15.00967854903904,2
8.188366,0.3663527,0.5,1.0,6.123234e-17,0.21158819,123,2,3.0794039,10.923568093300666,8.188365566975417,3
8.84239,0.28818366,0.65,0.8660254,-0.5,0.23271598,123,3,3.4674954,-5.59978078655517,8.842389791949293,4
6.0059156,0.34786773,0.24019238,0.5,0.8660254,0.424234,123,1,2.4197223,14.820248992880677,6.005915641580901,2
4.149098,5.895884,0.24019238,-0.5,0.8660254,0.19952537,123,1,2.261201,14.705905146290599,4.149097780124508,0
6.332791,0.053077962,0.24019238,0.5,0.8660254,0.48398897,123,1,2.4260242,12.853468643185735,6.3327908492061615,3
5.1631775,3.1148224,0.24019238,-0.5,0.8660254,0.29435876,123,1,2.297068,13.047814897861816,5.163177700431811,1
5.1558323,4.431209,0.24019238,-0.5,0.8660254,0.26428103,123,1,2.2893896,15.188247866285987,5.155832331505885,0
4.819855,0.33719125,0.2,-2.4492937e-16,1.0,0.43105358,123,1,2.275727,11.0484110247425,4.819855085053404,0
5.631879,0.22360785,0.24019238,0.5,0.8660254,0.35318565,123,1,2.3842592,10.367003072305526,5.631879025216568,2
2.0790014,5.769751,0.24019238,-0.5,0.8660254,0.4051317,123,1,2.3453522,13.389678740728364,2.07900136109714,2
7.005601,0.26945916,0.24019238,0.5,0.8660254,0.41249552,123,1,2.4290633,9.621304285356509,7.005601116952971,3
9.075383,0.4116895,0.75980765,0.5,-0.8660254,0.4073649,123,3,3.784512,-12.238149735959219,9.0753834480759,4
4.568234,0.72269887,0.2,-2.4492937e-16,1.0,0.4294089,123,1,2.2745907,10.914442654885455,4.568234191530241,0
6.204605,5.5604115,0.75980765,-0.5,-0.8660254,0.48116285,123,3,3.841002,13.872130861832963,6.204605019588583,4
5.43688,2.5442722,0.24019238,-0.5,0.8660254,0.20733465,123,1,2.283971,14.75104441960651,5.436880187481267,0
9.075437,0.256014,0.5,1.0,6.123234e-17,0.47793892,123,2,3.144355,10.144183053426971,9.075436659679749,3
5.29133,0.12999345,0.24019238,0.5,0.8660254,0.29636654,123,1,2.3239193,14.26087252101782,5.291330011336534,1
3.7804916,3.5260956,0.24019238,-0.5,0.8660254,0.36236215,123,1,2.3439121,13.732460698986197,3.780491584648601,1
11.497747,13.058533,0.65,-0.8660254,-0.5,0.41153285,123,3,3.3171349,-5.1402855825208755,11.49774776398987,3
6.236924,3.0762064,0.75980765,-0.5,-0.8660254,0.11948023,123,3,3.7276866,8.92067376117905,6.236924346630329,4
4.828012,0.21619637,0.2,-2.4492937e-16,1.0,0.40743744,123,1,2.2782543,11.542662540350408,4.8280118518803175,0
4.587834,3.7794402,0.24019238,-0.5,0.8660254,0.14398336,123,1,2.2523284,11.9521640691282,4.587833926387966,0
7.440269,0.5115556,0.75980765,0.5,-0.8660254,0.19417042,123,3,3.8285367,6.787105339332593,7.440268797996321,4
4.1535883,5.032255,0.24019238,-0.5,0.8660254,0.43369827,123,1,2.3554728,10.165670528062254,4.153588412758845,2
7.955624,0.0,0.24019238,-0.5,0.8660254,0.32668895,123,1,2.3507564,12.05069432629437,7.95562422563456,2
7.9578276,0.0,0.24019238,-0.5,0.8660254,0.4155679,123,1,2.380747,13.6858672927136,7.957827605910031,2
10.269227,0.6158266,0.75980765,0.5,-0.8660254,0.4681382,123,3,3.754013,-4.407955894444463,10.26922666896156,4
5.2472982,0.32462013,0.24019238,0.5,0.8660254,0.19814743,123,1,2.3085382,12.124604277762593,5.247298408866113,1
4.5896473,0.2721192,0.24019238,0.5,0.8660254,0.14964955,123,1,2.2877877,14.959530122057938,4.589647070081152,0
10.249913,0.04566219,0.24019238,0.5,0.8660254,0.32884407,123,1,2.4309473,11.518810515996428,10.24991350099905,3
10.101243,0.073433496,0.75980765,0.5,-0.8660254,0.24847834,123,3,3.7656567,-7.046710932164063,10.101243051782044,4
2.1998355,5.8937755,0.24019238,-0.5,0.8660254,0.30841458,123,1,2.267202,15.55563875381426,2.1998355204629783,0
4.2276335,2.2863278,0.24019238,0.5,0.8660254,0.35522306,123,1,2.3554215,10.113234680445196,4.227633266568949,2
7.905635,2.5845888,0.24019238,-0.5,0.8660254,0.21606116,123,1,2.301382,13.734534030160816,7.905634922068839,1
7.9589467,1.5220124,0.24019238,-0.5,0.8660254,0.34233952,123,1,2.3548167,13.103314340149293,7.958946791554654,2
7.9605856,1.2422825,0.24019238,-0.5,0.8660254,0.44126713,123,1,2.3683734,13.163369674565743,7.960585813686777,2
3.7475457,0.0,0.5,1.0,6.123234e-17,0.44063357,123,2,3.0148585,15.633685735063942,3.747545672280679,3
12.089631,0.66688937,0.75980765,0.5,-0.8660254,0.40531275,123,3,3.7112978,-27.96851739896571,12.089631393875845,4
7.46575,3.4491208,0.24019238,-0.5,0.8660254,0.32031274,123,1,2.3421125,12.276635816985134,7.465750257508963,1
7.8956084,1.314984,0.24019238,-0.5,0.8660254,0.23346418,123,1,2.3131783,13.744371149502294,7.895608547550034,1
4.174441,0.6640027,0.2,-2.4492937e-16,1.0,0.3893126,123,1,2.2803082,9.577274703012996,4.174441036623637,0
1.8226815,7.2495484,0.24019238,-0.5,0.8660254,0.44370523,123,1,2.3177423,11.679677529366085,1.822681544926892,1
6.3986754,0.13903503,0.75980765,0.5,-0.8660254,0.10954309,123,3,3.823355,-3.1253697629600787,6.39867559333075,4
5.4783587,5.936869,0.35,-0.8660254,0.5,0.13585673,123,1,2.3951418,15.162726391760618,5.478358757345806,2
7.2375555,0.14734615,0.24019238,0.5,0.8660254,0.47577062,123,1,2.4277241,10.364445222273288,7.237555652064287,3
8.8447275,0.0,0.65,0.8660254,-0.5,0.2519378,123,3,3.4644573,11.344209435919762,8.844727514849662,4
4.1719623,5.0627503,0.24019238,-0.5,0.8660254,0.3646804,123,1,2.3470848,13.157667688272545,4.171962456222737,2
5.4207335,7.1468525,0.35,-0.8660254,0.5,0.41736418,123,1,2.4672914,14.185667703335923,5.420733671685588,3
5.5343256,6.928639,0.35,-0.8660254,0.5,0.3763919,123,1,2.446817,14.34577219891445,5.534325634732358,3
8.821093,0.06845259,0.65,0.8660254,-0.5,0.3083577,123,3,3.4463143,-1.6848897299649792,8.821092649010456,4
5.5138946,5.809525,0.35,-0.8660254,0.5,0.30595896,123,1,2.4248312,14.520985540425682,5.513894643725846,2
6.2855663,4.0871816,0.24019238,-0.5,0.8660254,0.4889125,123,1,2.3351395,13.406038790213145,6.285566538428798,1
10.454015,0.0018112563,0.75980765,0.5,-0.8660254,0.15428989,123,3,3.761108,-8.151026663861515,10.454014841339744,4
9.477029,0.3280801,0.75980765,0.5,-0.8660254,0.40110135,123,3,3.782391,1.2077289708993653,9.477028959738089,4
9.964548,0.0,0.24019238,0.5,0.8660254,0.16886985,123,1,2.3542027,11.263662838883262,9.964548042275286,2
8.885696,0.26057494,0.65,0.8660254,-0.5,0.30539167,123,3,3.4490366,8.9390435082951,8.885696022609107,4
5.356354,4.4995985,0.24019238,-0.5,0.8660254,0.27462018,123,1,2.2913463,13.544626882818285,5.356354212986043,1
9.402153,0.40149936,0.65,0.8660254,-0.5,0.44639352,123,3,3.3456135,-21.02859326346129,9.4021527798432,3
16.63539,0.17440027,0.24019238,0.5,0.8660254,0.35325217,123,1,2.2260127,2.9120683599522654,16.635389147961938,0
7.9621973,1.3823714,0.24019238,-0.5,0.8660254,0.31179717,123,1,2.34472,9.835801489648608,7.962197098160633,2
4.273654,0.21857537,0.24019238,0.5,0.8660254,0.15689531,123,1,2.2810745,11.906867808261858,4.273654054154082,0
4.2080326,0.15165512,0.24019238,0.5,0.8660254,0.25908554,123,1,2.2859893,15.599834512159887,4.208032484981633,0
12.054232,0.2537513,0.75980765,0.5,-0.8660254,0.30033383,123,3,3.729416,-3.089486044216561,12.054232049318337,4
3.9316,0.16563833,0.24019238,0.5,0.8660254,0.17102921,123,1,2.273924,13.083038310998388,3.93160004243226,0
7.47743,0.097141065,0.5,1.0,6.123234e-17,0.34293708,123,2,3.1248884,14.431333651330208,7.477429932470384,3
3.9402256,2.9837277,0.24019238,-0.5,0.8660254,0.18201178,123,1,2.2508276,12.731092743994072,3.940225659020691,0
9.582453,0.1410678,0.24019238,0.5,0.8660254,0.2691636,123,1,2.3811355,12.069943346719821,9.582452953312412,2
9.19408,0.1093297,0.75980765,0.5,-0.8660254,0.26779607,123,3,3.7926695,-18.874078192634332,9.194080629394447,4
3.7794065,0.7048033,0.2,-2.4492937e-16,1.0,0.16939634,123,1,2.1426125,13.318249058055475,3.7794064906026295,0
4.078385,3.9671717,0.24019238,-0.5,0.8660254,0.47145414,123,1,2.3220775,14.857813537731563,4.078384797022081,1
4.969632,0.21205628,0.24019238,0.5,0.8660254,0.42222875,123,1,2.4156728,11.163960212584396,4.969632021613423,2
6.507865,0.102220684,0.24019238,0.5,0.8660254,0.335324,123,1,2.3844373,14.506667627530852,6.507864885467703,2
9.241982,0.22914605,0.75980765,0.5,-0.8660254,0.4760533,123,3,3.7920954,-1.360733130273644,9.24198230252259,4
11.050597,0.14595746,0.75980765,0.5,-0.8660254,0.28397906,123,3,3.760246,-24.351959665458995,11.050597383194232,4
6.328043,0.36343506,0.5,1.0,6.123234e-17,0.35317007,123,2,3.1115112,14.252934593157454,6.328043076177586,3
7.5457087,0.2561634,0.24019238,0.5,0.8660254,0.35912263,123,1,2.4203172,13.71270079810537,7.545708656903421,2
2.8334014,6.5270176,0.24019238,-0.5,0.8660254,0.37465253,123,1,2.341453,12.486217861931918,2.8334015284296616,1
6.0585704,0.05979638,0.24019238,0.5,0.8660254,0.15908612,123,1,2.3180645,14.027422588286315,6.058570556457573,1
7.9603934,1.1098894,0.24019238,-0.5,0.8660254,0.47907197,123,1,2.3491447,12.503395288185173,7.960393404442646,2
6.3271747,0.20785856,0.24019238,0.5,0.8660254,0.16747479,123,1,2.323664,14.046791258248449,6.327174524747728,1
7.798492,0.25246754,0.24019238,0.5,0.8660254,0.27008945,123,1,2.360207,13.296734774314135,7.798491856716604,2
2.1646051,5.389822,0.24019238,-0.5,0.8660254,0.33961028,123,1,2.2999985,16.904375765196956,2.1646051894513905,1
4.661775,0.13674529,0.24019238,0.5,0.8660254,0.25141728,123,1,2.2968855,11.509843854003883,4.661775026686372,1
8.558732,0.23145686,0.5,1.0,6.123234e-17,0.15731093,123,2,3.046331,13.670496726406274,8.558732163090497,3
5.4786935,0.0,0.35,-0.8660254,0.5,0.4772827,123,1,2.477642,13.415037620583659,5.478693340298354,3
6.2071266,4.057378,0.75980765,-0.5,-0.8660254,0.44508463,123,3,3.7929084,5.0131886390735545,6.207126452046523,4
6.614882,0.21032722,0.24019238,0.5,0.8660254,0.23556273,123,1,2.3304152,14.2860811388587,6.614882021483533,1
5.1663437,0.28372607,0.24019238,0.5,0.8660254,0.17727715,123,1,2.304361,15.52488251868515,5.166343917977383,1
9.369985,0.0,0.75980765,0.5,-0.8660254,0.43923756,123,3,3.7762818,-16.629750636715993,9.369985033832696,4
6.0033,6.599756,0.35,-0.8660254,0.5,0.39043152,123,1,2.4585443,12.213354159392212,6.003300277499995,3
3.3476045,5.424778,0.24019238,-0.5,0.8660254,0.15848748,123,1,2.2354121,16.36374621507495,3.347604459049554,0
6.3986754,0.13903503,0.75980765,0.5,-0.8660254,0.286965,123,3,3.823081,3.018390619519502,6.39867559333075,4
7.957575,1.5110531,0.24019238,-0.5,0.8660254,0.13007286,123,1,2.2864954,14.092496306806057,7.957574787254181,0
9.727627,0.0837887,0.5,1.0,6.123234e-17,0.32391578,123,2,3.1109953,11.504191389127067,9.72762641474635,3
10.964653,0.5497372,0.75980765,0.5,-0.8660254,0.49638477,123,3,3.7476919,-7.77700035893324,10.964652973520009,4
8.058952,1.7883142,0.24019238,-0.5,0.8660254,0.3816314,123,1,2.3785155,13.855760252626304,8.058952475260854,2
6.1982465,4.1938367,0.75980765,-0.5,-0.8660254,0.20602746,123,3,3.822879,5.387584477786053,6.198246316453794,4
5.6044307,2.6399643,0.24019238,-0.5,0.8660254,0.4018741,123,1,2.3790324,13.447981760863904,5.604430835724432,2
12.505822,0.545754,0.75980765,0.5,-0.8660254,0.47806835,123,3,3.6733243,-13.788925460788615,12.505822348264484,4
5.5344405,0.0455303,0.24019238,0.5,0.8660254,0.11775568,123,1,2.2992337,15.242957684651754,5.534440283562717,1
9.5394335,0.8796739,0.75980765,0.5,-0.8660254,0.16097578,123,3,3.7833004,-9.244551880184403,9.539433870522249,4
4.684589,3.3996928,0.24019238,-0.5,0.8660254,0.139843,123,1,2.2520442,11.075069886095095,4.684588689573332,0
4.686112,0.0070408303,0.24019238,0.5,0.8660254,0.1375883,123,1,2.2898974,13.357637186521789,4.686111886869192,0
8.854701,0.20235316,0.65,0.8660254,-0.5,0.18238927,123,3,3.4455504,-5.552420051594227,8.854701207531301,4
7.9451504,1.1648308,0.24019238,-0.5,0.8660254,0.1248402,123,1,2.2852182,11.751055969090665,7.945150412996284,0
4.314231,7.0916214,0.24019238,-0.5,0.8660254,0.19187132,123,1,2.2617986,10.096537599517488,3.291055571682425,0
8.381765,0.70404077,0.75980765,0.5,-0.8660254,0.29951116,123,3,3.8041382,0.4664859749892951,8.381765575581637,4
4.7756934,0.0,0.24019238,-0.5,0.8660254,0.16842353,123,1,2.2601154,10.936743502735288,4.775693426201683,0
4.3786054,0.11663998,0.24019238,0.5,0.8660254,0.12510347,123,1,2.2830708,13.267682422273413,4.37860525141165,0
6.6310716,0.0010931067,0.24019238,0.5,0.8660254,0.32610187,123,1,2.3802958,13.675651357046334,6.631071332908928,2
4.846666,0.0,0.24019238,-0.5,0.8660254,0.22046705,123,1,2.2769775,15.187521191243789,4.846665940185043,0
9.769276,0.2652836,0.65,0.8660254,-0.5,0.43753707,123,3,3.3392437,10.846417921702233,9.769275997361351,3
7.86016,0.06794626,0.24019238,0.5,0.8660254,0.20113681,123,1,2.3424466,13.656221125671866,7.860159913830454,1
11.589058,0.07783232,0.75980765,0.5,-0.8660254,0.39881387,123,3,3.7289975,-12.639869914847946,11.589057547312024,4
9.063188,0.31960714,0.75980765,0.5,-0.8660254,0.2588594,123,3,3.7932475,-9.730452130735404,9.063187253594242,4
2.960268,0.024476066,0.24019238,0.5,0.8660254,0.2948127,123,1,2.2704668,12.99758763703513,2.9602679981555555,0
5.8729253,0.16253525,0.24019238,0.5,0.8660254,0.2822395,123,1,2.3314538,11.528436302934733,5.872925185165997,1
2.0457325,6.393421,0.24019238,-0.5,0.8660254,0.4769928,123,1,2.3020248,13.497493927858974,2.045732562264749,1
5.269316,0.12355,0.24019238,0.5,0.8660254,0.14535719,123,1,2.3029277,13.364691458536576,5.269316130931775,1
4.1137743,4.037988,0.24019238,-0.5,0.8660254,0.14644271,123,1,2.245881,13.40189197789056,4.113774081308764,0
7.95486,1.3070539,0.24019238,-0.5,0.8660254,0.13339558,123,1,2.2872953,13.940055048879033,7.954860004227815,0
12.23094,0.13904078,0.75980765,0.5,-0.8660254,0.4703677,123,3,3.6858504,-13.302945014218505,12.230940260402644,4
6.07841,0.21815747,0.24019238,0.5,0.8660254,0.37535346,123,1,2.4136548,12.501348560375716,6.078410358822312,2
3.3957763,3.937742,0.24019238,-0.5,0.8660254,0.33083135,123,1,2.3036752,12.540675918320495,3.395776283010877,1
5.8150134,0.0,0.24019238,0.5,0.8660254,0.16793707,123,1,2.315306,9.9906202808434,5.815013340201912,1
7.9798937,1.2069818,0.24019238,-0.5,0.8660254,0.11815838,123,1,2.2844043,13.494176983072444,7.97989347770095,0
4.1853743,0.0002455091,0.5,1.0,6.123234e-17,0.12933622,123,2,3.1380649,14.720127881961696,4.185374227005166,3
8.0529585,0.0,0.24019238,0.5,0.8660254,0.24331848,123,1,2.353092,13.833641565875679,8.052958935479317,2
5.3099675,0.25025412,0.24019238,0.5,0.8660254,0.25061405,123,1,2.3104086,12.436110509487966,5.309967469402221,1
9.943061,0.2730477,0.75980765,0.5,-0.8660254,0.21292576,123,3,3.764853,-3.460069715873306,9.94306074943276,4
7.602972,0.29845554,0.24019238,0.5,0.8660254,0.42973295,123,1,2.4336855,12.87078175459258,7.602971844758447,3
4.726573,0.0,0.24019238,-0.5,0.8660254,0.2785511,123,1,2.2853744,13.155153972361411,4.726573142092943,0
7.9573603,1.61943,0.24019238,-0.5,0.8660254,0.31811833,123,1,2.3461964,12.128764902943717,7.957360257471694,2
8.847759,0.27857777,0.65,0.8660254,-0.5,0.3552057,123,3,3.4101825,-15.152927129032992,8.847759100543467,3
4.1957736,0.24670887,0.24019238,0.5,0.8660254,0.15867428,123,1,2.279385,13.051196616591842,4.195773386909233,0
10.51348,0.7260859,0.75980765,0.5,-0.8660254,0.1129891,123,3,3.7542377,-24.66219820340865,10.51347986962494,4
6.648956,0.26917192,0.24019238,0.5,0.8660254,0.43321568,123,1,2.4290783,11.768334331533433,6.648955905187715,3
7.9571953,1.10476,0.24019238,-0.5,0.8660254,0.34320933,123,1,2.355733,13.694267007874313,7.957195298836255,2
4.416962,4.5402985,0.24019238,-0.5,0.8660254,0.33523497,123,1,2.3198056,11.660039657107715,4.41696215025256,1
9.086264,0.3577342,0.65,0.8660254,-0.5,0.21877809,123,3,3.4676046,2.366193344371003,9.08626355770495,4
3.1147342,5.2726226,0.24019238,-0.5,0.8660254,0.17237715,123,1,2.2346237,12.448083765390342,3.114734089904185,0
19.63923,0.27449015,0.24019238,0.5,0.8660254,0.4170006,123,1,1.6249452,-0.36353087613086477,19.63923081241553,0
5.0094576,4.1828327,0.24019238,-0.5,0.8660254,0.44300693,123,1,2.3487961,11.736996198213596,5.009457822121351,2
8.849201,0.25202858,0.65,0.8660254,-0.5,0.13284971,123,3,3.4128065,9.371445834601625,8.849201156464082,3
5.336989,1.8880249,0.24019238,-0.5,0.8660254,0.23091964,123,1,2.2858436,12.629550269506232,5.33698879564463,0
10.203064,0.026692852,0.5,1.0,6.123234e-17,0.1816637,123,2,3.010447,6.795094920729011,10.203064161150545,3
7.5194926,0.00074528466,0.5,1.0,6.123234e-17,0.23105597,123,2,3.0921915,13.54330265357081,7.5194926164944835,3
3.4052474,0.19915234,0.24019238,0.5,0.8660254,0.420799,123,1,2.4076035,10.267527812843488,3.4052474635195438,2
4.825684,0.12376488,0.2,-2.4492937e-16,1.0,0.3601927,123,1,2.2910929,12.397566251134847,4.8256840856555545,1
4.137979,5.530056,0.24019238,-0.5,0.8660254,0.4654621,123,1,2.3223746,13.863246798890367,4.13797902229848,1
7.9589467,1.5220124,0.24019238,-0.5,0.8660254,0.41133133,123,1,2.3795466,13.352637727193416,7.958946791554654,2
4.1867795,0.84058523,0.2,-2.4492937e-16,1.0,0.46149182,123,1,2.272647,11.246713627901224,4.186779292828772,0
4.827904,1.0424848,0.2,-2.4492937e-16,1.0,0.4515072,123,1,2.276313,10.529271833381822,4.827904339671425,0
4.872217,1.5003576,0.2,-2.4492937e-16,1.0,0.4110067,123,1,2.2738802,14.533094484669961,4.872217133342176,0
7.962766,1.8551964,0.24019238,-0.5,0.8660254,0.31666824,123,1,2.345478,13.17045303879401,7.962766332596513,2
4.8288536,0.7272928,0.2,-2.4492937e-16,1.0,0.10143664,123,1,2.1331778,13.787396076286766,4.828853511507995,0
7.500388,0.0,0.24019238,0.5,0.8660254,0.15506436,123,1,2.330998,9.551756350560044,7.500388185213912,1
5.027995,0.450354,0.5,1.0,6.123234e-17,0.22147961,123,2,3.0905364,14.539172506846617,5.027995185715528,3
9.287916,0.17202878,0.75980765,0.5,-0.8660254,0.14889374,123,3,3.7851503,-2.391139011808359,9.28791614787537,4
3.2953038,7.302815,0.24019238,-0.5,0.8660254,0.39599007,123,1,2.3574762,15.27453788857673,3.295303799941318,2
5.1830344,3.0031154,0.24019238,-0.5,0.8660254,0.12325402,123,1,2.2532425,14.74826382767334,5.183034414951009,0
7.544013,0.17573093,0.5,1.0,6.123234e-17,0.3229432,123,2,3.1283107,13.113400007071304,7.544013084233939,3
4.80724,0.98703456,0.2,-2.4492937e-16,1.0,0.18337348,123,1,2.159089,14.85878131357523,4.807239994311312,0
8.852133,0.30234262,0.65,0.8660254,-0.5,0.11377956,123,3,3.4023533,7.263431270751114,8.852132711285366,3
8.729823,0.26010135,0.24019238,0.5,0.8660254,0.20879275,123,1,2.351492,12.363726044337932,8.72982274289819,2
8.735059,0.7347663,0.75980765,0.5,-0.8660254,0.25029477,123,3,3.7963011,-1.6422196249439858,8.735058719807872,4
3.4962862,5.174872,0.24019238,-0.5,0.8660254,0.2160222,123,1,2.256021,10.670666660088633,3.4962862620411177,0
9.828136,0.2732009,0.75980765,0.5,-0.8660254,0.44210437,123,3,3.765698,0.7801962503867514,9.828136152703475,4
4.8039994,0.15544097,0.2,-2.4492937e-16,1.0,0.16041107,123,1,2.1558886,13.49776502217827,4.803999386733543,0
6.023258,0.12332722,0.24019238,0.5,0.8660254,0.14924622,123,1,2.3144436,12.767598278335067,6.023258135837849,1
5.1067195,6.1762185,0.24019238,-0.5,0.8660254,0.2694357,123,1,2.2884748,15.70812923873383,5.1067196120035385,0
9.219927,0.21660584,0.65,0.8660254,-0.5,0.45619723,123,3,3.3489897,10.662983043241386,9.219927173507704,3
9.283681,0.087561876,0.24019238,0.5,0.8660254,0.28003892,123,1,2.38249,9.90893461507491,9.28368111670951,2
6.3288875,0.20437856,0.24019238,0.5,0.8660254,0.17297497,123,1,2.3245695,12.0738598306605,6.328887388508599,1
8.364353,0.2735206,0.75980765,0.5,-0.8660254,0.23669687,123,3,3.8091612,-1.9315927130608577,8.364352830698339,4
9.198582,6.252088,0.65,-0.8660254,-0.5,0.19535305,123,3,3.374754,8.353452755917004,9.198581804377492,3
4.9893117,6.7832847,0.65,-0.8660254,-0.5,0.26846713,123,3,3.2153587,15.029736905324995,4.989311683519066,3
7.0336003,0.111081935,0.24019238,0.5,0.8660254,0.29521194,123,1,2.3640096,13.039674313569952,7.033600406192728,2
5.578934,6.3533416,0.35,-0.8660254,0.5,0.18004231,123,1,2.420751,14.721954232820032,5.578934410374452,2
6.204333,5.0324636,0.75980765,-0.5,-0.8660254,0.3286308,123,3,3.80645,-1.297341935655559,6.204332944876394,4
3.9932337,4.4748693,0.24019238,-0.5,0.8660254,0.4422878,123,1,2.3412936,11.718528864969485,3.9932336127101657,1
5.137903,5.260817,0.24019238,-0.5,0.8660254,0.19833672,123,1,2.2782214,11.86393096870156,5.137903375115777,0
8.849413,0.23723944,0.65,0.8660254,-0.5,0.32914156,123,3,3.42545,-1.398740132030814,8.849412827180513,3
4.028251,4.612231,0.24019238,-0.5,0.8660254,0.23265737,123,1,2.267402,13.597944674860985,4.028251351467377,0
4.7983603,0.19653606,0.2,-2.4492937e-16,1.0,0.20137875,123,1,2.1632261,10.902551066190016,4.798360465690975,0
8.808982,0.0006199859,0.75980765,0.5,-0.8660254,0.23329699,123,3,3.8006191,1.3350385615148337,8.808981531119107,4
5.3221536,2.3474324,0.24019238,-0.5,0.8660254,0.39545745,123,1,2.377418,13.148325076001251,5.3221537123448295,2
13.975092,0.4910438,0.75980765,0.5,-0.8660254,0.30174387,123,3,3.6107447,-14.794611832633509,13.97509211990254,4
6.077291,4.207781,0.24019238,-0.5,0.8660254,0.13683593,123,1,2.2660258,13.511454453870329,6.077290885882091,0
4.473999,4.166617,0.24019238,-0.5,0.8660254,0.47233737,123,1,2.3244355,15.1712219097676,4.47399916919164,1
5.8418546,0.098449655,0.24019238,0.5,0.8660254,0.13407692,123,1,2.3078072,11.917548104872886,5.841854677060577,1
7.958036,1.6034192,0.24019238,-0.5,0.8660254,0.39713246,123,1,2.3812857,10.237186791709355,7.958035875574192,2
9.3265915,0.3411219,0.75980765,0.5,-0.8660254,0.22174037,123,3,3.7848573,4.692511354747435,9.32659163341516,4
8.644953,0.10343812,0.75980765,0.5,-0.8660254,0.45705667,123,3,3.7997217,-15.10022328395955,8.644953166383159,4
3.8925548,4.3700576,0.24019238,-0.5,0.8660254,0.10564759,123,1,2.2349105,14.462822203951436,3.8925547102389175,0
9.308547,0.13083261,0.24019238,0.5,0.8660254,0.2996005,123,1,2.3947303,13.045925723224553,9.308546806939828,2
7.8555026,0.22587991,0.65,0.8660254,-0.5,0.16505769,123,3,3.4374504,1.741145536058971,7.855502368067224,3
4.8274508,0.25696135,0.2,-2.4492937e-16,1.0,0.12848534,123,1,2.1515038,12.620910464563357,4.827450836503486,0
7.255177,0.352681,0.5,1.0,6.123234e-17,0.42793152,123,2,3.101799,12.647385686346272,7.255176962242308,3
13.773108,0.07290227,0.75980765,0.5,-0.8660254,0.3178309,123,3,3.6339414,-19.757590356996054,13.773107784034533,4
5.6983223,3.3398657,0.24019238,-0.5,0.8660254,0.10868784,123,1,2.2573953,13.545422549538728,5.698322348357223,0
10.553668,0.0,0.75980765,0.5,-0.8660254,0.40284422,123,3,3.7587872,-9.779417169725614,10.553667812947872,4
6.419465,0.9438084,0.75980765,0.5,-0.8660254,0.18609875,123,3,3.8469114,9.655431903168509,6.4194651474469655,4
7.86602,0.24750368,0.24019238,0.5,0.8660254,0.22401366,123,1,2.3445017,13.847979628953286,7.866020251987802,1
7.959325,0.93037343,0.24019238,-0.5,0.8660254,0.36774027,123,1,2.3707538,13.673790239703699,7.959324750288726,2
6.740965,3.5237722,0.24019238,-0.5,0.8660254,0.17080872,123,1,2.2814386,13.719953797893844,6.740964822874594,0
11.029442,0.08477115,0.75980765,0.5,-0.8660254,0.1738191,123,3,3.7483857,-6.516187651082209,11.02944142264179,4
9.769276,0.2652836,0.65,0.8660254,-0.5,0.19032496,123,3,3.4394023,6.710035556514923,9.769275997361351,4
7.912599,0.7431174,0.24019238,-0.5,0.8660254,0.46982327,123,1,2.3524892,9.60377411116395,7.912599168916449,2
4.2219257,4.600455,0.24019238,-0.5,0.8660254,0.23314111,123,1,2.2701287,13.592117982439042,4.221925707915712,0
4.875537,0.6665364,0.2,-2.4492937e-16,1.0,0.49460226,123,1,2.2629495,9.433119225188303,3.3217409431823097,0
8.98216,0.17706479,0.65,0.8660254,-0.5,0.24142407,123,3,3.4642804,11.74018898379589,8.982159645183902,4
7.883842,0.0,0.5,1.0,6.123234e-17,0.1331512,123,2,3.064059,6.970808654110001,7.883842039115962,3
7.712451,0.9933426,0.24019238,-0.5,0.8660254,0.31045634,123,1,2.3434458,14.479329302575664,7.712450952501272,1
4.451955,0.10813319,0.24019238,0.5,0.8660254,0.39003146,123,1,2.4010918,11.677831469532096,4.451954639388547,2
9.146212,2.515439,0.24019238,-0.5,0.8660254,0.43107447,123,1,2.3797722,13.14071344814228,9.146211846711878,2
3.8169343,5.466625,0.24019238,-0.5,0.8660254,0.18521725,123,1,2.2501445,14.237732305680709,3.8169342882638,0
9.058949,0.6264321,0.75980765,0.5,-0.8660254,0.232721,123,3,3.7922885,8.84220854308296,9.058949386103771,4
7.935988,1.6380659,0.24019238,-0.5,0.8660254,0.46173733,123,1,2.353896,12.674863915440131,7.935988087466763,2
7.917647,1.7792023,0.24019238,-0.5,0.8660254,0.29408076,123,1,2.3377092,10.1345013897627,7.917646979552287,1
10.31561,0.13582699,0.75980765,0.5,-0.8660254,0.2805264,123,3,3.776387,0.12700137835761227,10.315609804538903,4
8.90858,0.782249,0.75980765,0.5,-0.8660254,0.35833922,123,3,3.796114,-20.26297915218457,8.90857947419222,4
5.583271,7.0579076,0.35,-0.8660254,0.5,0.38750947,123,1,2.4557946,15.060400361976793,5.583270980969666,3
4.7063046,0.16318752,0.5,1.0,6.123234e-17,0.42252547,123,2,3.0533903,15.196195552497825,4.706304484002755,3
6.440423,0.2185058,0.24019238,0.5,0.8660254,0.4513229,123,1,2.4281812,15.386820246355768,6.4404228635362575,3
8.544005,0.24093015,0.24019238,0.5,0.8660254,0.15440439,123,1,2.3370318,12.927246502377029,8.544005835853563,1
3.8263524,4.8080726,0.24019238,-0.5,0.8660254,0.2840798,123,1,2.2712328,14.443435108905337,3.8263524139702594,0
5.6995907,0.077741794,0.24019238,0.5,0.8660254,0.23237655,123,1,2.3206663,11.757139111927794,5.69959048841763,1
3.8471365,7.5163403,0.24019238,-0.5,0.8660254,0.31837046,2024,1,2.3194625,14.461283943755905,3.8471364933678056,2
4.850601,0.41413537,0.2,-2.4492937e-16,1.0,0.23991652,2024,1,2.17655,10.185668422203372,4.850601421121191,0
10.117999,4.8611574,0.65,-0.8660254,-0.5,0.1434944,2024,3,3.488465,5.627493856977514,10.11799876362406,4
5.5609703,6.559301,0.35,-0.8660254,0.5,0.4928355,2024,1,2.5274236,13.656979680207684,5.560970294229567,3
4.2107124,2.5386384,0.24019238,-0.5,0.8660254,0.47134548,2024,1,2.3084729,16.55824847916597,4.210712354467883,2
3.9474247,3.653279,0.24019238,-0.5,0.8660254,0.3627723,2024,1,2.3321435,15.735086296827184,3.947424652346347,2
9.751778,0.26398656,0.75980765,0.5,-0.8660254,0.35757706,2024,3,3.809489,-7.3209720972348435,9.751777383494204,4
7.970688,1.9649166,0.24019238,-0.5,0.8660254,0.12257133,2024,1,2.2816753,13.81026544349636,7.970687862962063,0
6.8573837,0.13185938,0.24019238,0.5,0.8660254,0.37127894,2024,1,2.3320365,11.696557052762907,6.857383609003823,2
5.611104,0.010574277,0.24019238,0.5,0.8660254,0.47700042,2024,1,2.3312669,15.106518602866153,5.611104131505376,2
7.6629405,2.852108,0.24019238,-0.5,0.8660254,0.37692884,2024,1,2.328593,12.876194271040456,7.662940619335084,2
7.9605227,1.7362214,0.24019238,-0.5,0.8660254,0.43517274,2024,1,2.324149,14.18071956151064,7.960522864616952,2
5.207101,3.5326111,0.24019238,-0.5,0.8660254,0.31452027,2024,1,2.3236732,14.730947179327535,5.207100641144571,2
3.5099921,5.648323,0.24019238,-0.5,0.8660254,0.20457417,2024,1,2.295544,11.025782945199268,3.5099921593949404,1
4.6194196,0.39355186,0.24019238,0.5,0.8660254,0.34157586,2024,1,2.3023505,14.739659857007625,4.619419467990751,1
11.870656,0.46643582,0.75980765,0.5,-0.8660254,0.13011083,2024,3,3.70537,-13.990169756904859,11.870656115104138,4
4.855304,0.18773498,0.24019238,0.5,0.8660254,0.24811134,2024,1,2.269703,12.497553572474791,4.855303638784064,0
4.4348183,2.3501036,0.24019238,-0.5,0.8660254,0.36104444,2024,1,2.3337905,10.125258716781877,4.434818154004557,2
9.590192,0.00760291,0.5,1.0,6.123234e-17,0.36863515,2024,2,3.0971181,13.84538220608758,9.590192003129786,3
7.9142146,0.44464025,0.24019238,0.5,0.8660254,0.18459004,2024,1,2.282397,13.108994244653633,7.914214532399597,1
5.825987,0.21886241,0.24019238,0.5,0.8660254,0.49586847,2024,1,2.3224974,14.395357777614818,5.825986687786229,2
10.2989435,0.45457137,0.75980765,0.5,-0.8660254,0.17647524,2024,3,3.7815456,-6.154718073053894,10.298943181675623,4
6.9085755,0.12410454,0.24019238,0.5,0.8660254,0.1961602,2024,1,2.2765834,10.973841720876644,6.908575584652093,0
5.4290867,7.7309375,0.35,-0.8660254,0.5,0.4657446,2024,1,2.521477,13.958895501021827,5.42908661392149,3
6.87902,0.33501682,0.5,1.0,6.123234e-17,0.3316932,2024,2,3.1186657,14.052417289659758,6.879020126557913,3
4.5859237,0.3110524,0.24019238,0.5,0.8660254,0.29319087,2024,1,2.2814748,10.776023548113857,4.58592360258876,0
9.157073,0.00414551,0.75980765,0.5,-0.8660254,0.14814335,2024,3,3.8198535,-4.205260679086178,9.157073061305487,4
8.870268,0.14828601,0.24019238,0.5,0.8660254,0.26225913,2024,1,2.294019,9.648544829533366,8.870267665239025,1
9.511399,0.03899328,0.75980765,0.5,-0.8660254,0.14520273,2024,3,3.8117137,-16.14282066771506,9.511399119898432,4
4.6532354,4.1960783,0.24019238,-0.5,0.8660254,0.43701038,2024,1,2.3368711,11.104779718863387,4.6532355398099385,2
4.990728,0.2637782,0.24019238,0.5,0.8660254,0.31222793,2024,1,2.2967625,12.735254604462156,4.990727670267921,1
5.5077224,6.4551086,0.35,-0.8660254,0.5,0.30913642,2024,1,2.4986243,13.72415020175438,5.507722591483128,3
5.5147943,5.6889553,0.35,-0.8660254,0.5,0.18059552,2024,1,2.5369718,15.105907059434609,5.514794148639203,3
1.9927073,7.717093,0.24019238,-0.5,0.8660254,0.22373164,2024,1,2.2952442,10.748095317846431,1.9927072455010888,1
10.333478,0.25810012,0.75980765,0.5,-0.8660254,0.43242136,2024,3,3.8200505,4.071400513670593,10.333477545036413,4
9.872105,0.22412615,0.24019238,0.5,0.8660254,0.4080306,2024,1,2.3351102,13.596900881901197,9.872104982299517,2
4.582292,3.1111908,0.24019238,-0.5,0.8660254,0.20467626,2024,1,2.2950635,13.527563316888491,4.582292282312187,1
6.378763,0.16711664,0.24019238,0.5,0.8660254,0.4781477,2024,1,2.3275065,13.503139207226525,6.378763160642478,2
6.257125,4.6940737,0.35,-0.8660254,0.5,0.24536613,2024,1,2.5137856,13.815548592007259,6.257125129225551,3
9.530687,0.32769564,0.24019238,0.5,0.8660254,0.3853971,2024,1,2.3383665,13.0166257217239,9.530687763656587,2
8.850535,0.1111027,0.65,0.8660254,-0.5,0.42546394,2024,3,3.39207,0.6524669579600495,8.85053539382052,3
5.750778,0.08642254,0.24019238,0.5,0.8660254,0.11795045,2024,1,2.2587278,13.201512176962122,5.75077800656566,0
8.741298,0.091204725,0.65,0.8660254,-0.5,0.2574887,2024,3,3.4800944,12.341367055015127,8.74129769862405,4
4.651867,0.0,0.24019238,-0.5,0.8660254,0.29893735,2024,1,2.3166955,13.22903468172073,4.65186693860857,2
7.405664,6.1434116,0.65,-0.8660254,-0.5,0.2164809,2024,3,3.423469,8.535486617260386,7.40566405379352,3
7.928191,1.4811178,0.24019238,-0.5,0.8660254,0.13052727,2024,1,2.2845848,12.578712387730565,7.928191018819104,1
8.831637,0.024087498,0.65,0.8660254,-0.5,0.10435169,2024,3,3.4413354,-2.0139115243899988,8.831637151412083,3
11.177542,0.21884286,0.24019238,0.5,0.8660254,0.23048766,2024,1,2.3030763,11.77029021838446,11.177541371426198,1
7.937675,1.0819967,0.24019238,-0.5,0.8660254,0.4800763,2024,1,2.291528,13.556213685675536,7.937675158513764,1
5.020463,0.7164107,0.2,-2.4492937e-16,1.0,0.48310333,2024,1,2.181481,11.027478306400779,5.020463219720497,0
5.765048,0.8168295,0.2,-2.4492937e-16,1.0,0.3385648,2024,1,2.236426,11.35413917053186,5.765047862128667,0
5.5998306,7.262156,0.35,-0.8660254,0.5,0.38568604,2024,1,2.5045898,15.091224990404502,5.599830603447388,3
5.911346,0.027201125,0.24019238,0.5,0.8660254,0.14226118,2024,1,2.28304,10.549862524511072,5.911345916454364,1
3.3899024,0.58821136,0.2,-2.4492937e-16,1.0,0.19636115,2024,1,2.1418338,10.099008570746774,3.389902263738504,0
9.628328,0.2843643,0.75980765,0.5,-0.8660254,0.4429419,2024,3,3.8407664,-5.681465108084522,9.628327937024295,4
5.5111995,2.9837005,0.24019238,-0.5,0.8660254,0.1930276,2024,1,2.2932906,12.74423873328074,5.511199277821069,1
3.5467215,5.9230156,0.35,-0.8660254,0.5,0.32825887,2024,1,2.5123053,15.970270182365452,3.5467215394954814,3
5.4945903,0.33760262,0.24019238,0.5,0.8660254,0.41814768,2024,1,2.364238,15.236511638830189,5.494590047860597,3
8.851126,0.13829158,0.65,0.8660254,-0.5,0.41692024,2024,3,3.3924847,1.6975241746977403,8.851126102493222,3
7.9549685,1.6578306,0.24019238,-0.5,0.8660254,0.2924599,2024,1,2.3001285,14.034001268018049,7.954968420069924,1
4.511515,4.9562516,0.24019238,-0.5,0.8660254,0.1955576,2024,1,2.2946043,13.531928481602293,4.511515378130591,1
13.333217,0.2600422,0.24019238,0.5,0.8660254,0.2631764,2024,1,2.2876184,10.359406180641368,13.333216867668432,1
7.9396663,1.3258476,0.24019238,-0.5,0.8660254,0.46225658,2024,1,2.3007805,12.341671480541835,7.939666080115004,1
3.948102,5.1472344,0.24019238,-0.5,0.8660254,0.2288333,2024,1,2.2969337,11.95616768170612,3.948101924081464,1
12.539951,4.442199,0.65,-0.8660254,-0.5,0.4394019,2024,3,3.4685311,5.5186881892161965,12.53995167344918,4
5.9010496,0.107246906,0.24019238,0.5,0.8660254,0.23520954,2024,1,2.2754946,10.6465642561234,5.901049565992124,0
5.485277,13.609974,0.35,-0.8660254,0.5,0.16506489,2024,1,2.5359979,14.595105245845234,5.485277006872489,3
11.457476,0.039301813,0.75980765,0.5,-0.8660254,0.20025983,2024,3,3.7279277,-14.816743208741316,11.457475399529825,4
4.8261623,0.1622342,0.2,-2.4492937e-16,1.0,0.3789541,2024,1,2.2376344,12.420860854219404,4.8261622279480285,0
4.809984,0.27677694,0.2,-2.4492937e-16,1.0,0.1744713,2024,1,2.1493022,13.368185116938754,4.809984193173939,0
4.34108,0.5750321,0.2,-2.4492937e-16,1.0,0.390528,2024,1,2.2413342,15.316549483705,4.341080228214673,0
5.450378,0.17421424,0.24019238,0.5,0.8660254,0.29312122,2024,1,2.2861402,12.121404638506524,5.450377901635469,1
4.4549704,0.35950255,0.24019238,0.5,0.8660254,0.4415885,2024,1,2.3632083,12.22869287501474,4.454970370916634,3
5.803179,0.063859664,0.24019238,0.5,0.8660254,0.1547587,2024,1,2.276625,11.36397975003568,5.803178907942381,0
5.471963,2.5051677,0.24019238,-0.5,0.8660254,0.3151583,2024,1,2.3253818,13.14961616066082,5.471962993909838,2
5.1484847,0.095977806,0.24019238,0.5,0.8660254,0.4782691,2024,1,2.3341885,11.291131717995393,5.148484650631939,2
5.0856557,0.38026896,0.24019238,0.5,0.8660254,0.3288747,2024,1,2.300219,14.169950402487293,5.085655866941433,1
4.4378357,0.17873363,0.24019238,0.5,0.8660254,0.1776373,2024,1,2.2583423,12.416544331540459,4.43783561902679,0
5.4760833,0.0,0.35,-0.8660254,0.5,0.36513206,2024,1,2.5042372,14.345442003302535,5.476083161704046,3
4.6622324,0.36442056,0.24019238,0.5,0.8660254,0.16272615,2024,1,2.2613153,15.532662764543208,4.662232232972826,0
3.8649747,0.15873395,0.24019238,0.5,0.8660254,0.20068006,2024,1,2.2551627,13.256913900503129,3.8649746958834825,0
5.9218473,0.118756354,0.24019238,0.5,0.8660254,0.3069473,2024,1,2.2968938,15.117479500115287,5.921847261956375,1
6.7412663,0.014692952,0.24019238,0.5,0.8660254,0.24573113,2024,1,2.278908,12.177193371613463,6.741266452122124,0
7.9896894,0.83335,0.24019238,-0.5,0.8660254,0.11653968,2024,1,2.2755122,12.582349405771142,7.989689277996177,0
10.696668,0.0070097023,0.5,1.0,6.123234e-17,0.19516923,2024,2,3.0039885,8.878148594521035,10.696667768984842,3
5.045212,6.8308735,0.24019238,-0.5,0.8660254,0.2167492,2024,1,2.2925067,11.559724760286905,5.045211673644862,1
6.494661,0.17351677,0.24019238,0.5,0.8660254,0.3542419,2024,1,2.3193245,10.192430123931512,6.494660949607788,2
5.538538,0.10754088,0.24019238,0.5,0.8660254,0.21414185,2024,1,2.2703302,13.864208802398654,5.53853796317528,0
13.097339,0.0916815,0.75980765,0.5,-0.8660254,0.2722086,2024,3,3.624078,-41.72176273731927,13.097338918314566,4
7.6855726,0.1820045,0.24019238,0.5,0.8660254,0.48275796,2024,1,2.3115852,13.822775664507482,7.68557248263064,2
4.2249084,4.8805766,0.24019238,-0.5,0.8660254,0.4572966,2024,1,2.3181996,11.209813225067604,4.224908146424935,2
8.848501,0.00586831,0.65,0.8660254,-0.5,0.29585996,2024,3,3.4707973,12.484193984835773,8.84850077924985,4
7.961287,1.1454484,0.24019238,-0.5,0.8660254,0.4564719,2024,1,2.304348,11.00290119779693,7.961287199735519,1
6.768778,0.05980547,0.24019238,0.5,0.8660254,0.16922337,2024,1,2.2794344,10.92262657608934,6.768777857731129,0
9.404518,0.1566196,0.65,0.8660254,-0.5,0.4957274,2024,3,3.4695868,7.877221390707487,9.404517657262613,4
3.2419212,0.07886948,0.5,1.0,6.123234e-17,0.3657379,2024,2,3.0991905,14.986068945267116,3.241921203745436,3
4.867306,1.1039392,0.2,-2.4492937e-16,1.0,0.44222108,2024,1,2.2139246,12.36672342395581,4.867306375036614,0
5.467738,10.938293,0.35,-0.8660254,0.5,0.11151656,2024,1,2.5247915,13.904571940977887,5.467738270398023,3
6.2685003,0.3024023,0.24019238,0.5,0.8660254,0.13744345,2024,1,2.2863262,12.908534999556743,6.268500174902373,1
6.49644,5.7699876,0.65,-0.8660254,-0.5,0.21374509,2024,3,3.4014776,1.6894998340533234,6.496439749597054,3
4.6936154,5.874161,0.35,-0.8660254,0.5,0.10240105,2024,1,2.5222623,13.210928486868443,4.693615348973663,3
7.950601,1.1416006,0.24019238,-0.5,0.8660254,0.15275422,2024,1,2.2913864,12.72523854322245,7.950601245958204,1
5.8632956,0.2230577,0.24019238,0.5,0.8660254,0.4995284,2024,1,2.320565,11.623632044067628,5.86329534060918,2
4.195202,0.3115534,0.24019238,0.5,0.8660254,0.29875565,2024,1,2.282238,13.314195745155764,4.195201886448651,1
9.44041,0.19568305,0.75980765,0.5,-0.8660254,0.12392221,2024,3,3.8210208,-23.535833650608254,9.440410043045636,4
10.566879,0.0,0.75980765,0.5,-0.8660254,0.14720988,2024,3,3.768049,-10.400106650922933,10.566879394471176,4
7.370737,0.53439605,0.24019238,0.5,0.8660254,0.17535205,2024,1,2.2814932,14.560429249363239,7.37073690993881,0
7.1164756,0.0,0.5,1.0,6.123234e-17,0.19368164,2024,2,3.1268537,12.187494375682826,7.116475815362996,3
7.925147,1.7707211,0.24019238,-0.5,0.8660254,0.46989977,2024,1,2.2968051,12.2982236709322,7.925147091152244,1
3.8674402,3.5604362,0.24019238,-0.5,0.8660254,0.4944218,2024,1,2.298065,11.010493912034446,3.86744017916614,1
4.913348,4.344618,0.24019238,-0.5,0.8660254,0.3511844,2024,1,2.3349195,15.747947552768377,4.91334823270121,2
7.002902,0.000244734,0.5,1.0,6.123234e-17,0.16417462,2024,2,3.1287217,12.602726016896272,7.00290203173926,3
7.957929,1.7419142,0.24019238,-0.5,0.8660254,0.3959947,2024,1,2.3444772,11.631303262726268,7.957928898671963,2
7.9600816,0.9078582,0.24019238,-0.5,0.8660254,0.40885276,2024,1,2.3451107,13.682313033373317,7.960081667824738,2
3.9960132,5.6274643,0.24019238,-0.5,0.8660254,0.49929667,2024,1,2.2950158,9.808341930253672,3.9960131099775102,1
5.4576783,9.901191,0.35,-0.8660254,0.5,0.4840308,2024,1,2.5244827,13.944003953556118,5.457678130160826,3
7.2093067,0.14174113,0.24019238,0.5,0.8660254,0.30811042,2024,1,2.306341,13.236834901503098,7.209306676482379,2
9.705472,0.22269766,0.75980765,0.5,-0.8660254,0.44758198,2024,3,3.8386219,4.373618959498251,9.705471710272594,4
10.223874,0.46358046,0.75980765,0.5,-0.8660254,0.3172706,2024,3,3.7973669,-8.101881951899097,10.223873996289289,4
5.9841814,0.9155807,0.24019238,-0.5,0.8660254,0.44518888,2024,1,2.3216534,9.93179833877379,5.984181567427682,2
4.207311,0.09174156,0.5,1.0,6.123234e-17,0.14826979,2024,2,3.2001882,14.686255113981723,4.207310925019611,3
3.8491786,0.49837494,0.2,-2.4492937e-16,1.0,0.37519124,2024,1,2.2400136,13.705948852976983,3.849178503874776,0
3.9985852,0.45117772,0.2,-2.4492937e-16,1.0,0.18211688,2024,1,2.1406758,12.009060107586963,3.998585325911973,0
1.985333,6.73492,0.24019238,-0.5,0.8660254,0.33071083,2024,1,2.3155575,13.584987200934936,1.985332916392521,2
4.53,0.3468856,0.2,-2.4492937e-16,1.0,0.13760012,2024,1,2.107761,14.001933308064796,4.530000273569729,0
7.3940644,0.031100487,0.5,1.0,6.123234e-17,0.28946888,2024,2,3.1329122,10.408829198652116,7.394064473871649,3
4.0166535,0.9977529,0.24019238,0.5,0.8660254,0.4527999,2024,1,2.358942,10.545382756044566,4.016653404125211,3
3.0757155,4.596439,0.24019238,-0.5,0.8660254,0.32504848,2024,1,2.3207846,10.414872292617149,3.075715550915691,2
5.4006753,9.43307,0.35,-0.8660254,0.5,0.12572847,2024,1,2.5305967,13.443517001909914,5.400675436459413,3
4.822448,0.6060263,0.2,-2.4492937e-16,1.0,0.21339065,2024,1,2.1700122,10.243629255347836,4.774943065747273,0
4.836075,0.20327139,0.24019238,0.5,0.8660254,0.38606986,2024,1,2.3264017,10.019517706509813,4.836074611213653,2
10.556692,0.0,0.75980765,0.5,-0.8660254,0.22571473,2024,3,3.7775044,-21.293916975885328,10.556691773640424,4
4.8360353,0.09036917,0.24019238,0.5,0.8660254,0.37678668,2024,1,2.3209593,11.358918503232216,4.836035256197253,2
5.63293,0.35636917,0.24019238,0.5,0.8660254,0.31021065,2024,1,2.2982197,12.661189252754601,5.632929695814394,1
11.080726,0.007470973,0.75980765,0.5,-0.8660254,0.23298448,2024,3,3.7546008,-7.663725837551497,11.080725760252117,4
7.3072767,0.40981427,0.24019238,0.5,0.8660254,0.4451237,2024,1,2.3489757,11.454269159472332,7.307276810651675,2
5.4097786,12.328786,0.35,-0.8660254,0.5,0.40061694,2024,1,2.511486,13.190378623791842,5.409778727790249,3
4.939126,0.23587985,0.24019238,0.5,0.8660254,0.26370746,2024,1,2.2711217,11.531547894507304,4.939126194271317,0
3.0148234,3.6061075,0.24019238,-0.5,0.8660254,0.26702225,2024,1,2.3007627,10.27745731492597,3.014823545509022,1
10.323055,0.0037979279,0.75980765,0.5,-0.8660254,0.2127351,2024,3,3.7883558,4.455683299508524,10.323055559907584,4
7.9454207,1.4310064,0.24019238,-0.5,0.8660254,0.4414181,2024,1,2.3173351,10.737307594344548,7.945420868789878,2
4.24505,0.0,0.24019238,-0.5,0.8660254,0.27367228,2024,1,2.3010623,10.574865823093365,4.245049944685101,1
10.154981,0.23108733,0.75980765,0.5,-0.8660254,0.28698593,2024,3,3.7991455,-18.193151049543552,10.1549811016777,4
4.1572556,4.892863,0.24019238,-0.5,0.8660254,0.33168566,2024,1,2.3281956,13.693727393978582,4.157255874190264,2
5.4358807,8.388438,0.24019238,-0.5,0.8660254,0.1292604,2024,1,2.2757015,15.57855409634734,5.435880652862034,0
4.342152,5.453466,0.24019238,-0.5,0.8660254,0.3807647,2024,1,2.3415408,10.091365680233,4.342152058172577,2
7.1323,0.0,0.5,1.0,6.123234e-17,0.32422632,2024,2,3.1215386,7.5232534130315365,7.1322998386502725,3
4.165341,0.81244606,0.2,-2.4492937e-16,1.0,0.35525906,2024,1,2.2399793,13.0120418144072,4.165341107093476,0
11.10429,0.2800643,0.75980765,0.5,-0.8660254,0.10930931,2024,3,3.753965,-9.130760119092825,11.104289983659712,4
8.013755,0.0,0.24019238,0.5,0.8660254,0.1329478,2024,1,2.3118277,11.884138444964533,8.013754384691367,2
8.787398,0.29769,0.75980765,0.5,-0.8660254,0.33842513,2024,3,3.8468993,-1.571270548792267,8.787398428892914,4
9.084938,0.26006082,0.75980765,0.5,-0.8660254,0.3641537,2024,3,3.8366191,-3.8491313990817613,9.084938400907197,4
7.894555,1.51366,0.24019238,-0.5,0.8660254,0.4389182,2024,1,2.3199286,12.451019493890465,7.894555143470194,2
8.842279,0.21036942,0.65,0.8660254,-0.5,0.4662265,2024,3,3.4253035,11.49872341991681,8.842279257936053,3
5.4760423,0.035502832,0.24019238,0.5,0.8660254,0.48518887,2024,1,2.3289022,14.150146712204682,5.476042276881793,2
4.249434,3.709067,0.24019238,-0.5,0.8660254,0.19957462,2024,1,2.2950058,12.557862251790441,4.24943375977411,1
6.7549305,0.27349326,0.24019238,0.5,0.8660254,0.20887552,2024,1,2.2763276,11.364326370691522,6.754930443082636,0
5.0646863,0.28431788,0.24019238,0.5,0.8660254,0.30765164,2024,1,2.2950003,12.148223658751608,5.064686425053581,1
2.8948634,9.773545,0.24019238,-0.5,0.8660254,0.3523485,2024,1,2.3246284,14.308100085470766,2.8948632944168264,2
8.153724,0.19686037,0.24019238,0.5,0.8660254,0.13998483,2024,1,2.3114493,13.307476567193266,8.153724044078876,2
5.480175,6.0570016,0.35,-0.8660254,0.5,0.15297444,2024,1,2.5404315,15.200124337977554,5.480175214237156,3
4.8544235,0.82071114,0.2,-2.4492937e-16,1.0,0.4219485,2024,1,2.2324429,14.286345904007554,4.854423395273806,0
9.083401,0.19107574,0.75980765,0.5,-0.8660254,0.28865707,2024,3,3.8369393,-15.540452904854932,9.083400983192371,4
5.378837,0.12975739,0.24019238,0.5,0.8660254,0.4666944,2024,1,2.339496,12.110197489451794,5.378836906318903,2
9.135109,0.05769657,0.24019238,0.5,0.8660254,0.30116633,2024,1,2.3153749,14.496325694404664,9.135108645368266,2
7.054068,0.00044452876,0.5,1.0,6.123234e-17,0.31917208,2024,2,3.1254892,14.395346799726582,7.054067919841241,3
7.9593363,1.5410007,0.24019238,-0.5,0.8660254,0.20407926,2024,1,2.28368,13.654475963665398,7.959336229589809,1
4.2289224,0.012242444,0.24019238,0.5,0.8660254,0.37729046,2024,1,2.3195548,12.072326199681546,4.228922487344969,2
6.327317,3.1165066,0.75980765,-0.5,-0.8660254,0.13054371,2024,3,3.8626158,10.541387779844559,6.327317023846544,4
2.8554144,1.2593474,0.2,-2.4492937e-16,1.0,0.41003826,2024,1,2.2348456,10.766924591712545,2.855414339709397,0
6.0756145,0.032159727,0.24019238,0.5,0.8660254,0.4183166,2024,1,2.3628645,12.589565510323485,6.075614320097359,3
5.2298903,0.35816124,0.24019238,0.5,0.8660254,0.47099578,2024,1,2.337541,13.026474112331078,5.229890398329192,2
8.856813,0.2933897,0.65,0.8660254,-0.5,0.17710662,2024,3,3.451,-2.563562761862496,8.856813275305878,3
4.758039,3.8792903,0.24019238,-0.5,0.8660254,0.39419723,2024,1,2.3537974,12.73839621359867,4.758038958725591,2
4.808476,0.15465152,0.2,-2.4492937e-16,1.0,0.12913252,2024,1,2.1067657,12.187364340428456,4.808475855433567,0
5.468106,9.405892,0.35,-0.8660254,0.5,0.1699326,2024,1,2.539096,13.599556244931131,5.4681056782000885,3
6.8918757,0.25468883,0.24019238,0.5,0.8660254,0.34197956,2024,1,2.314262,13.668519169370539,6.891875653480568,2
6.1123505,0.13656282,0.24019238,0.5,0.8660254,0.14327636,2024,1,2.28449,10.603470868126664,6.112350350293296,1
5.1879115,0.7417268,0.2,-2.4492937e-16,1.0,0.16044345,2024,1,2.1409457,15.117810531265459,5.18791168960105,0
8.8504,0.2435677,0.65,0.8660254,-0.5,0.27360186,2024,3,3.478034,2.4474960977118645,8.8503999768083,4
5.788335,10.941203,0.65,-0.8660254,-0.5,0.4135275,2024,3,3.389475,8.188603645473536,5.788334656699953,3
5.106605,6.9391046,0.35,-0.8660254,0.5,0.2644141,2024,1,2.5104256,12.431493653519953,5.106605020130648,3
7.937694,1.2519752,0.24019238,-0.5,0.8660254,0.25994897,2024,1,2.2886856,13.819385007090348,7.937694152327316,1
4.2153826,0.0,0.24019238,-0.5,0.8660254,0.4768617,2024,1,2.3062181,11.407557931483323,4.215382495690255,1
6.611934,0.29837623,0.24019238,0.5,0.8660254,0.3186871,2024,1,2.304698,11.669703465487688,6.611934422007259,1
7.9537582,1.8699465,0.24019238,-0.5,0.8660254,0.3949846,2024,1,2.344149,11.442639234439055,7.953758384885183,2
8.849715,0.24506281,0.65,0.8660254,-0.5,0.33720708,2024,3,3.4510107,-2.3918682607341815,8.849714877847749,3
4.814271,0.53412026,0.2,-2.4492937e-16,1.0,0.17600125,2024,1,2.1508384,14.317544698091185,4.814270999942937,0
7.9545193,1.3279854,0.24019238,-0.5,0.8660254,0.321031,2024,1,2.3051612,13.055334423217774,7.954519366141981,1
6.8080716,0.0,0.24019238,0.5,0.8660254,0.101600796,2024,1,2.2636638,12.090746334030719,6.808071666711727,0
6.909936,0.11307529,0.24019238,0.5,0.8660254,0.44384727,2024,1,2.3521829,13.440910048962786,6.909935836151884,2
7.112399,0.18917696,0.24019238,0.5,0.8660254,0.16306321,2024,1,2.2850778,12.722661065401892,7.112398892732693,1
5.5331097,5.3698716,0.35,-0.8660254,0.5,0.20164609,2024,1,2.532062,14.176454060272624,5.533109476332627,3
6.122471,0.32032362,0.24019238,0.5,0.8660254,0.4460006,2024,1,2.3527806,9.632250681336828,5.898189482395752,2
6.197991,4.50815,0.75980765,-0.5,-0.8660254,0.13688333,2024,3,3.8627262,1.2409588582463051,6.197990700958063,4
9.883919,0.78022504,0.75980765,0.5,-0.8660254,0.34403995,2024,3,3.8072793,-8.8026725005532,9.883918720851934,4
6.4901185,2.3311713,0.24019238,-0.5,0.8660254,0.26719892,2024,1,2.2924666,14.249435037515473,6.490118484413559,1
4.3234763,5.250204,0.24019238,-0.5,0.8660254,0.48674548,2024,1,2.299758,11.606242125543465,4.323476502315112,1
6.2066026,5.530112,0.75980765,-0.5,-0.8660254,0.42909205,2024,3,3.8579495,4.413996256392985,6.206602498671029,4
5.4736085,10.678523,0.35,-0.8660254,0.5,0.20560263,2024,1,2.5268316,11.523016153141942,5.473608487188108,3
6.323426,0.10564127,0.24019238,0.5,0.8660254,0.16580735,2024,1,2.2769282,11.769232901370872,6.323425698062994,0
11.727094,0.045705494,0.75980765,0.5,-0.8660254,0.48684084,2024,3,3.8112297,-26.803656152201267,11.727093781275448,4
3.127906,0.18901505,0.24019238,0.5,0.8660254,0.18562856,2024,1,2.2503061,11.501978975127882,3.127906075525884,0
7.3098984,0.12275275,0.24019238,0.5,0.8660254,0.10886583,2024,1,2.2823915,14.292022516756457,7.309898239318113,1
7.4579062,0.07340254,0.5,1.0,6.123234e-17,0.4338975,2024,2,3.0870678,11.062606523273624,7.457906038198316,3
5.012702,0.09552872,0.24019238,0.5,0.8660254,0.4882218,2024,1,2.331413,13.882541158342905,5.012702040001957,2
2.534034,6.2662253,0.24019238,-0.5,0.8660254,0.43581554,2024,1,2.347889,11.725259962489714,2.534034048005449,2
7.080628,0.0,0.5,1.0,6.123234e-17,0.4301663,2024,2,3.089667,11.575135470514793,7.080627806234905,3
5.6681213,11.082,0.35,-0.8660254,0.5,0.47453386,2024,1,2.5214558,11.126447648783694,5.668121150578919,3
7.9631195,1.7632246,0.24019238,-0.5,0.8660254,0.24816988,2024,1,2.2874155,13.861638725724871,7.963119320551774,1
4.875061,7.976677,0.24019238,-0.5,0.8660254,0.17372113,2024,1,2.2911682,12.135677043187203,4.87506082549466,1
11.519349,0.14255174,0.75980765,0.5,-0.8660254,0.18399322,2024,3,3.7243268,-3.133521506835155,11.519349345600672,4
3.1459162,0.30926523,0.24019238,0.5,0.8660254,0.2931745,2024,1,2.270166,14.983916865870077,3.1459162292434777,0
10.427559,0.78880453,0.75980765,0.5,-0.8660254,0.31159008,2024,3,3.78848,4.195101172117365,10.427558638177612,4
8.710399,0.25284687,0.65,0.8660254,-0.5,0.29745418,2024,3,3.4704428,6.331872146557768,8.710398271225102,4
5.3386583,11.605729,0.35,-0.8660254,0.5,0.32118255,2024,1,2.498862,15.016302965681117,5.338658255138793,3
8.127724,0.18554609,0.24019238,0.5,0.8660254,0.4957296,2024,1,2.2973533,13.80084955003824,8.127723608185601,1
11.235025,0.030149275,0.75980765,0.5,-0.8660254,0.27729684,2024,3,3.7530007,-12.995895444959014,11.235025038858902,4
4.8239384,0.8988356,0.2,-2.4492937e-16,1.0,0.25167054,2024,1,2.1776218,13.385886403537029,4.8239381783390085,0
7.0696864,0.050850168,0.5,1.0,6.123234e-17,0.33108798,2024,2,3.117651,12.225826505880137,7.069686383379119,3
5.032155,0.21140969,0.2,-2.4492937e-16,1.0,0.3799435,2024,1,2.237319,10.665745392487608,5.032154908111138,0
4.5163317,3.4378777,0.24019238,-0.5,0.8660254,0.21900007,2024,1,2.2953322,13.287527753090586,4.516331794108562,1
7.954858,1.6311823,0.24019238,-0.5,0.8660254,0.46221206,2024,1,2.3006098,10.879609456135375,7.954857760210419,1
5.4968977,5.4046836,0.35,-0.8660254,0.5,0.17206143,2024,1,2.5396008,12.656391861868633,5.496897488679535,3
10.788433,0.037765883,0.75980765,0.5,-0.8660254,0.13763069,2024,3,3.7600605,1.2976899252543237,10.788432729923809,4
2.8125007,6.134031,0.24019238,-0.5,0.8660254,0.23023096,2024,1,2.2972758,12.200034913563053,2.8125007410914096,1
12.172789,0.28627726,0.75980765,0.5,-0.8660254,0.11121686,2024,3,3.6850553,-13.466380494472668,12.172788181911192,4
2.714258,8.468867,0.24019238,-0.5,0.8660254,0.1996378,2024,1,2.2947843,13.6061308708485,2.714257954342046,1
13.516632,0.31082743,0.24019238,0.5,0.8660254,0.36727464,2024,1,2.3097863,11.690005730206355,13.51663245259432,2
9.673785,3.8092098,0.24019238,-0.5,0.8660254,0.38830832,2024,1,2.3335056,12.240173286524776,9.673785534850811,2
7.9181986,1.9542174,0.24019238,-0.5,0.8660254,0.46383402,2024,1,2.2998183,10.126260443393841,7.393450177030675,1
10.517561,0.3104662,0.75980765,0.5,-0.8660254,0.21097122,2024,3,3.7812734,-11.498209579147733,10.517561136575011,4
9.691614,0.45814338,0.75980765,0.5,-0.8660254,0.40164754,2024,3,3.8234189,-4.801116992189612,9.69161391615957,4
6.4586234,0.24140388,0.24019238,0.5,0.8660254,0.10830639,2024,1,2.263018,13.6918381272942,6.45862334011268,0
10.201404,0.57712865,0.75980765,0.5,-0.8660254,0.22872543,2024,3,3.7927947,-15.90409944607103,10.201403945563042,4
2.4399023,5.0848846,0.24019238,-0.5,0.8660254,0.30151796,2024,1,2.3123078,13.579868489463168,2.43990221274798,2
5.162118,0.0,0.24019238,0.5,0.8660254,0.37077937,2024,1,2.3188832,14.471223400400492,5.162117764721174,2
8.844538,0.09654518,0.65,0.8660254,-0.5,0.23029275,2024,3,3.4644704,8.933666074683458,8.844537727641615,3
5.250296,0.061409414,0.24019238,0.5,0.8660254,0.104511596,2024,1,2.23511,15.44602073296388,5.250295955729137,0
7.1537423,0.3093532,0.5,1.0,6.123234e-17,0.22195594,2024,2,3.120171,13.290008391340718,7.153742394973268,3
7.63062,0.13811333,0.24019238,0.5,0.8660254,0.1990719,2024,1,2.2786276,13.102228133650867,7.630619897254562,0
8.878564,0.45634893,0.75980765,0.5,-0.8660254,0.22086947,2024,3,3.8248186,4.905715317871881,8.878564019777338,4
3.9615874,10.955852,0.35,-0.8660254,0.5,0.27293903,2024,1,2.517984,14.26657112555654,3.9615873163189335,3
7.962259,0.939995,0.24019238,-0.5,0.8660254,0.20414922,2024,1,2.284047,14.769774591832878,7.962258815765381,1
11.170151,0.6148613,0.75980765,0.5,-0.8660254,0.22132002,2024,3,3.7497363,-6.787767796161599,11.170150464639574,4
7.9550047,0.9274146,0.24019238,-0.5,0.8660254,0.20674402,2024,1,2.283957,13.254193449467682,7.955004887051052,1
6.7146707,0.2058783,0.65,0.8660254,-0.5,0.2883042,2024,3,3.4486775,4.558734461552579,6.714670853181404,3
8.846406,0.07647745,0.65,0.8660254,-0.5,0.2921029,2024,3,3.4718945,3.7255572018622423,8.846405968098123,4
12.280947,6.0949993,0.65,-0.8660254,-0.5,0.41883054,2024,3,3.4769592,-4.155337931751729,12.280946842767952,4
3.947962,4.957126,0.24019238,-0.5,0.8660254,0.40175375,2024,1,2.3596616,10.431496627611889,3.947962051118107,3
4.82476,0.35478148,0.2,-2.4492937e-16,1.0,0.4335711,2024,1,2.2210715,11.74071201956172,4.824759733370295,0
8.14068,0.8299249,0.75980765,0.5,-0.8660254,0.14248733,2024,3,3.8467429,-1.2913868471650236,8.140680421882559,4
8.834505,0.23655944,0.65,0.8660254,-0.5,0.23512477,2024,3,3.467137,-0.4828834873246022,8.834505067396444,4
9.493989,0.64042956,0.75980765,0.5,-0.8660254,0.11608185,2024,3,3.8185523,-7.638720875080368,9.49398853006229,4
3.2886012,0.2932559,0.24019238,0.5,0.8660254,0.4287777,2024,1,2.3721945,11.32250385690705,3.288601256604053,3
4.918865,4.672638,0.24019238,-0.5,0.8660254,0.24141598,2024,1,2.2976935,9.703659176094202,4.704079825277457,1
7.639502,0.060950067,0.24019238,0.5,0.8660254,0.24504055,2024,1,2.2837012,14.160880272412964,7.639502111504968,1
8.043916,7.3924193,0.65,-0.8660254,-0.5,0.4127208,2024,3,3.426396,7.47796474338457,8.043915311532864,3
4.8191876,0.27447423,0.24019238,0.5,0.8660254,0.22296275,2024,1,2.2664526,13.538676230230589,4.819187722517318,0
10.931347,0.051160023,0.75980765,0.5,-0.8660254,0.23418748,2024,3,3.7608476,-10.71512259015805,10.931346865716842,4
5.2165565,6.4098315,0.35,-0.8660254,0.5,0.47999805,2024,1,2.524902,15.234650885788579,5.216556677985094,3
10.342384,0.8023036,0.75980765,0.5,-0.8660254,0.30440187,2024,3,3.7914293,-2.8880665366185188,10.342384608304972,4
9.041122,5.468136,0.65,-0.8660254,-0.5,0.13347782,2024,3,3.4956126,7.91167405874085,9.041122114110587,4
3.0267766,4.0478044,0.24019238,-0.5,0.8660254,0.31942007,2024,1,2.3189352,14.021586372776701,3.026776542080276,2
2.8219593,0.06013825,0.5,1.0,6.123234e-17,0.30122656,2024,2,3.1238105,14.376195377484812,2.821959295195111,3
4.825409,0.4469613,0.2,-2.4492937e-16,1.0,0.35800964,2024,1,2.2432132,14.963493810592876,4.825408810653542,0
2.7048342,7.2062607,0.24019238,-0.5,0.8660254,0.49386415,2024,1,2.2963877,11.996624955905205,2.70483433032288,1
5.4634457,0.27660713,0.24019238,0.5,0.8660254,0.42021576,2024,1,2.3656898,14.000777563258364,5.463445450876479,3
10.93958,0.28729653,0.24019238,0.5,0.8660254,0.43558854,2024,1,2.324182,11.366106186600572,10.93958034875314,2
8.531844,0.34406945,0.24019238,0.5,0.8660254,0.27232784,2024,1,2.2946362,13.601529275399768,8.531844517169883,1
6.804168,0.0,0.24019238,0.5,0.8660254,0.46923465,2024,1,2.3319936,13.408521534033708,6.804168006404643,2
15.009679,0.19848359,0.24019238,0.5,0.8660254,0.18730183,2024,1,2.2568345,10.204917454051712,15.00967854903904,0
8.188366,0.3663527,0.5,1.0,6.123234e-17,0.21158819,2024,2,3.1015103,10.923568093300666,8.188365566975417,3
8.84239,0.28818366,0.65,0.8660254,-0.5,0.23271598,2024,3,3.4655817,-5.59978078655517,8.842389791949293,4
6.0059156,0.34786773,0.24019238,0.5,0.8660254,0.424234,2024,1,2.3645487,14.72834522415454,6.005915641580901,3
4.149098,5.895884,0.24019238,-0.5,0.8660254,0.19952537,2024,1,2.2946124,14.641799050780978,4.149097780124508,1
6.332791,0.053077962,0.24019238,0.5,0.8660254,0.48398897,2024,1,2.325158,13.030554902077998,6.3327908492061615,2
5.1631775,3.1148224,0.24019238,-0.5,0.8660254,0.29435876,2024,1,2.3140585,13.047814897861816,5.163177700431811,2
5.1558323,4.431209,0.24019238,-0.5,0.8660254,0.26428103,2024,1,2.2989998,15.195745902567042,5.155832331505885,1
4.819855,0.33719125,0.2,-2.4492937e-16,1.0,0.43105358,2024,1,2.2232785,11.0484110247425,4.819855085053404,0
5.631879,0.22360785,0.24019238,0.5,0.8660254,0.35318565,2024,1,2.3127677,10.367003072305526,5.631879025216568,2
2.0790014,5.769751,0.24019238,-0.5,0.8660254,0.4051317,2024,1,2.3657875,13.389678740728364,2.07900136109714,3
7.005601,0.26945916,0.24019238,0.5,0.8660254,0.41249552,2024,1,2.3525887,9.621304285356509,7.005601116952971,2
9.075383,0.4116895,0.75980765,0.5,-0.8660254,0.4073649,2024,3,3.8446605,-12.238149735959219,9.0753834480759,4
4.568234,0.72269887,0.2,-2.4492937e-16,1.0,0.4294089,2024,1,2.2260842,10.914442654885455,4.568234191530241,0
6.204605,5.5604115,0.75980765,-0.5,-0.8660254,0.48116285,2024,3,3.8904622,11.695910157355117,6.204605019588583,4
5.43688,2.5442722,0.24019238,-0.5,0.8660254,0.20733465,2024,1,2.2943902,14.673324364900395,5.436880187481267,1
9.075437,0.256014,0.5,1.0,6.123234e-17,0.47793892,2024,2,3.0607631,10.144183053426971,9.075436659679749,3
5.29133,0.12999345,0.24019238,0.5,0.8660254,0.29636654,2024,1,2.2881052,14.26087252101782,5.291330011336534,1
3.7804916,3.5260956,0.24019238,-0.5,0.8660254,0.36236215,2024,1,2.331855,13.732460698986197,3.780491584648601,2
11.497747,13.058533,0.65,-0.8660254,-0.5,0.41153285,2024,3,3.4560213,-3.403310165498401,11.49774776398987,3
6.236924,3.0762064,0.75980765,-0.5,-0.8660254,0.11948023,2024,3,3.864572,9.897323988801267,6.236924346630329,4
4.828012,0.21619637,0.2,-2.4492937e-16,1.0,0.40743744,2024,1,2.2416263,11.542662540350408,4.8280118518803175,0
4.587834,3.7794402,0.24019238,-0.5,0.8660254,0.14398336,2024,1,2.2821763,11.9521640691282,4.587833926387966,0
7.440269,0.5115556,0.75980765,0.5,-0.8660254,0.19417042,2024,3,3.8502786,6.787105339332593,7.440268797996321,4
4.1535883,5.032255,0.24019238,-0.5,0.8660254,0.43369827,2024,1,2.342759,10.165670528062254,4.153588412758845,2
7.955624,0.0,0.24019238,-0.5,0.8660254,0.32668895,2024,1,2.3095767,12.05069432629437,7.95562422563456,2
7.9578276,0.0,0.24019238,-0.5,0.8660254,0.4155679,2024,1,2.3440285,13.6858672927136,7.957827605910031,2
10.269227,0.6158266,0.75980765,0.5,-0.8660254,0.4681382,2024,3,3.8493862,-4.407955894444463,10.26922666896156,4
5.2472982,0.32462013,0.24019238,0.5,0.8660254,0.19814743,2024,1,2.2660716,12.124604277762593,5.247298408866113,0
4.5896473,0.2721192,0.24019238,0.5,0.8660254,0.14964955,2024,1,2.2636194,14.959530122057938,4.589647070081152,0
10.249913,0.04566219,0.24019238,0.5,0.8660254,0.32884407,2024,1,2.3248506,11.549323957271046,10.24991350099905,2
10.101243,0.073433496,0.75980765,0.5,-0.8660254,0.24847834,2024,3,3.800927,-7.046710932164063,10.101243051782044,4
2.1998355,5.8937755,0.24019238,-0.5,0.8660254,0.30841458,2024,1,2.3128815,15.445273315405496,2.1998355204629783,2
4.2276335,2.2863278,0.24019238,0.5,0.8660254,0.35522306,2024,1,2.305951,10.113234680445196,4.227633266568949,1
7.905635,2.5845888,0.24019238,-0.5,0.8660254,0.21606116,2024,1,2.2815642,13.824948809478903,7.905634922068839,0
7.9589467,1.5220124,0.24019238,-0.5,0.8660254,0.34233952,2024,1,2.3149443,13.103314340149293,7.958946791554654,2
7.9605856,1.2422825,0.24019238,-0.5,0.8660254,0.44126713,2024,1,2.31767,13.163369674565743,7.960585813686777,2
3.7475457,0.0,0.5,1.0,6.123234e-17,0.44063357,2024,2,3.0655594,15.606598750508677,3.747545672280679,3
12.089631,0.66688937,0.75980765,0.5,-0.8660254,0.40531275,2024,3,3.7351289,-27.96851739896571,12.089631393875845,4
7.46575,3.4491208,0.24019238,-0.5,0.8660254,0.32031274,2024,1,2.3079214,12.276635816985134,7.465750257508963,2
7.8956084,1.314984,0.24019238,-0.5,0.8660254,0.23346418,2024,1,2.2856379,13.669435074058386,7.895608547550034,1
4.174441,0.6640027,0.2,-2.4492937e-16,1.0,0.3893126,2024,1,2.2416947,9.689337729964134,4.174441036623637,0
1.8226815,7.2495484,0.24019238,-0.5,0.8660254,0.44370523,2024,1,2.3444092,11.902095127646678,1.822681544926892,2
6.3986754,0.13903503,0.75980765,0.5,-0.8660254,0.10954309,2024,3,3.8920188,0.9407945466993972,6.39867559333075,4
5.4783587,5.936869,0.35,-0.8660254,0.5,0.13585673,2024,1,2.5364678,15.15091430117875,5.478358757345806,3
7.2375555,0.14734615,0.24019238,0.5,0.8660254,0.47577062,2024,1,2.3219416,10.474577759659464,7.237555652064287,2
8.8447275,0.0,0.65,0.8660254,-0.5,0.2519378,2024,3,3.4761057,11.722665015279706,8.844727514849662,4
4.1719623,5.0627503,0.24019238,-0.5,0.8660254,0.3646804,2024,1,2.3319511,13.157667688272545,4.171962456222737,2
5.4207335,7.1468525,0.35,-0.8660254,0.5,0.41736418,2024,1,2.517192,14.003888403749247,5.420733671685588,3
5.5343256,6.928639,0.35,-0.8660254,0.5,0.3763919,2024,1,2.5010195,14.221754701052381,5.534325634732358,3
8.821093,0.06845259,0.65,0.8660254,-0.5,0.3083577,2024,3,3.4672332,-1.6848897299649792,8.821092649010456,4
5.5138946,5.809525,0.35,-0.8660254,0.5,0.30595896,2024,1,2.4986477,14.520985540425682,5.513894643725846,3
6.2855663,4.0871816,0.24019238,-0.5,0.8660254,0.4889125,2024,1,2.293438,13.406038790213145,6.285566538428798,1
10.454015,0.0018112563,0.75980765,0.5,-0.8660254,0.15428989,2024,3,3.772331,-6.896419933134014,10.454014841339744,4
9.477029,0.3280801,0.75980765,0.5,-0.8660254,0.40110135,2024,3,3.8311257,-0.14461476527624484,9.477028959738089,4
9.964548,0.0,0.24019238,0.5,0.8660254,0.16886985,2024,1,2.3249881,11.263662838883262,9.964548042275286,2
8.885696,0.26057494,0.65,0.8660254,-0.5,0.30539167,2024,3,3.467768,7.711019782459083,8.885696022609107,4
5.356354,4.4995985,0.24019238,-0.5,0.8660254,0.27462018,2024,1,2.300307,13.544626882818285,5.356354212986043,1
9.402153,0.40149936,0.65,0.8660254,-0.5,0.44639352,2024,3,3.4020538,-21.02859326346129,9.4021527798432,3
16.63539,0.17440027,0.24019238,0.5,0.8660254,0.35325217,2024,1,2.0697818,1.9081506318231793,16.635389147961938,0
7.9621973,1.3823714,0.24019238,-0.5,0.8660254,0.31179717,2024,1,2.3029306,9.835801489648608,7.962197098160633,1
4.273654,0.21857537,0.24019238,0.5,0.8660254,0.15689531,2024,1,2.2606869,11.906867808261858,4.273654054154082,0
4.2080326,0.15165512,0.24019238,0.5,0.8660254,0.25908554,2024,1,2.2655344,15.599834512159887,4.208032484981633,0
12.054232,0.2537513,0.75980765,0.5,-0.8660254,0.30033383,2024,3,3.7110803,-3.089486044216561,12.054232049318337,4
3.9316,0.16563833,0.24019238,0.5,0.8660254,0.17102921,2024,1,2.2553449,13.083038310998388,3.93160004243226,0
7.47743,0.097141065,0.5,1.0,6.123234e-17,0.34293708,2024,2,3.1062043,14.443785330880665,7.477429932470384,3
3.9402256,2.9837277,0.24019238,-0.5,0.8660254,0.18201178,2024,1,2.2981622,12.731092743994072,3.940225659020691,1
9.582453,0.1410678,0.24019238,0.5,0.8660254,0.2691636,2024,1,2.3005667,12.072909590771731,9.582452953312412,1
9.19408,0.1093297,0.75980765,0.5,-0.8660254,0.26779607,2024,3,3.830675,-16.916050818790893,9.194080629394447,4
3.7794065,0.7048033,0.2,-2.4492937e-16,1.0,0.16939634,2024,1,2.125138,13.318249058055475,3.7794064906026295,0
4.078385,3.9671717,0.24019238,-0.5,0.8660254,0.47145414,2024,1,2.3077683,14.857813537731563,4.078384797022081,2
4.969632,0.21205628,0.24019238,0.5,0.8660254,0.42222875,2024,1,2.365581,11.255504685072946,4.969632021613423,3
6.507865,0.102220684,0.24019238,0.5,0.8660254,0.335324,2024,1,2.308001,14.506667627530852,6.507864885467703,2
9.241982,0.22914605,0.75980765,0.5,-0.8660254,0.4760533,2024,3,3.8862343,-1.360733130273644,9.24198230252259,4
11.050597,0.14595746,0.75980765,0.5,-0.8660254,0.28397906,2024,3,3.761587,-20.034119709403285,11.050597383194232,4
6.328043,0.36343506,0.5,1.0,6.123234e-17,0.35317007,2024,2,3.1123438,14.406755548772722,6.328043076177586,3
7.5457087,0.2561634,0.24019238,0.5,0.8660254,0.35912263,2024,1,2.3264058,13.692690500242117,7.545708656903421,2
2.8334014,6.5270176,0.24019238,-0.5,0.8660254,0.37465253,2024,1,2.3370886,12.486217861931918,2.8334015284296616,2
6.0585704,0.05979638,0.24019238,0.5,0.8660254,0.15908612,2024,1,2.2772348,14.027422588286315,6.058570556457573,0
7.9603934,1.1098894,0.24019238,-0.5,0.8660254,0.47907197,2024,1,2.2919965,12.503395288185173,7.960393404442646,1
6.3271747,0.20785856,0.24019238,0.5,0.8660254,0.16747479,2024,1,2.276233,14.046791258248449,6.327174524747728,0
7.798492,0.25246754,0.24019238,0.5,0.8660254,0.27008945,2024,1,2.2870283,13.296734774314135,7.798491856716604,1
2.1646051,5.389822,0.24019238,-0.5,0.8660254,0.33961028,2024,1,2.3185344,16.80924045416312,2.1646051894513905,2
4.661775,0.13674529,0.24019238,0.5,0.8660254,0.25141728,2024,1,2.268515,11.509843854003883,4.661775026686372,0
8.558732,0.23145686,0.5,1.0,6.123234e-17,0.15731093,2024,2,3.0709171,13.469509977407837,8.558732163090497,3
5.4786935,0.0,0.35,-0.8660254,0.5,0.4772827,2024,1,2.526787,13.415037620583659,5.478693340298354,3
6.2071266,4.057378,0.75980765,-0.5,-0.8660254,0.44508463,2024,3,3.8690934,5.0131886390735545,6.207126452046523,4
6.614882,0.21032722,0.24019238,0.5,0.8660254,0.23556273,2024,1,2.2780743,14.149789818405667,6.614882021483533,0
5.1663437,0.28372607,0.24019238,0.5,0.8660254,0.17727715,2024,1,2.263814,15.52488251868515,5.166343917977383,0
9.369985,0.0,0.75980765,0.5,-0.8660254,0.43923756,2024,3,3.8452165,-15.395133656282898,9.369985033832696,4
6.0033,6.599756,0.35,-0.8660254,0.5,0.39043152,2024,1,2.5058217,12.213354159392212,6.003300277499995,3
3.3476045,5.424778,0.24019238,-0.5,0.8660254,0.15848748,2024,1,2.2873404,16.36374621507495,3.347604459049554,1
6.3986754,0.13903503,0.75980765,0.5,-0.8660254,0.286965,2024,3,3.8758883,1.8176916689225964,6.39867559333075,4
7.957575,1.5110531,0.24019238,-0.5,0.8660254,0.13007286,2024,1,2.28456,14.092496306806057,7.957574787254181,1
9.727627,0.0837887,0.5,1.0,6.123234e-17,0.32391578,2024,2,3.0969172,11.504191389127067,9.72762641474635,3
10.964653,0.5497372,0.75980765,0.5,-0.8660254,0.49638477,2024,3,3.8697238,-6.167964878222799,10.964652973520009,4
8.058952,1.7883142,0.24019238,-0.5,0.8660254,0.3816314,2024,1,2.330017,13.855760252626304,8.058952475260854,2
6.1982465,4.1938367,0.75980765,-0.5,-0.8660254,0.20602746,2024,3,3.8433306,5.387584477786053,6.198246316453794,4
5.6044307,2.6399643,0.24019238,-0.5,0.8660254,0.4018741,2024,1,2.3548868,13.447981760863904,5.604430835724432,2
12.505822,0.545754,0.75980765,0.5,-0.8660254,0.47806835,2024,3,3.7377295,-13.788925460788615,12.505822348264484,4
5.5344405,0.0455303,0.24019238,0.5,0.8660254,0.11775568,2024,1,2.2551732,15.242957684651754,5.534440283562717,0
9.5394335,0.8796739,0.75980765,0.5,-0.8660254,0.16097578,2024,3,3.8025794,-11.00759640966702,9.539433870522249,4
4.684589,3.3996928,0.24019238,-0.5,0.8660254,0.139843,2024,1,2.2792253,11.075069886095095,4.684588689573332,0
4.686112,0.0070408303,0.24019238,0.5,0.8660254,0.1375883,2024,1,2.2597857,13.357637186521789,4.686111886869192,0
8.854701,0.20235316,0.65,0.8660254,-0.5,0.18238927,2024,3,3.4510024,-4.272510671270227,8.854701207531301,3
7.9451504,1.1648308,0.24019238,-0.5,0.8660254,0.1248402,2024,1,2.2824504,11.751055969090665,7.945150412996284,1
4.314231,7.0916214,0.24019238,-0.5,0.8660254,0.19187132,2024,1,2.2933934,10.096537599517488,3.291055571682425,1
8.381765,0.70404077,0.75980765,0.5,-0.8660254,0.29951116,2024,3,3.8454528,0.4664859749892951,8.381765575581637,4
4.7756934,0.0,0.24019238,-0.5,0.8660254,0.16842353,2024,1,2.2982612,11.03785559331217,4.775693426201683,1
4.3786054,0.11663998,0.24019238,0.5,0.8660254,0.12510347,2024,1,2.2467217,13.267682422273413,4.37860525141165,0
6.6310716,0.0010931067,0.24019238,0.5,0.8660254,0.32610187,2024,1,2.3059404,13.675651357046334,6.631071332908928,1
4.846666,0.0,0.24019238,-0.5,0.8660254,0.22046705,2024,1,2.297133,15.187521191243789,4.846665940185043,1
9.769276,0.2652836,0.65,0.8660254,-0.5,0.43753707,2024,3,3.4096792,10.846417921702233,9.769275997361351,3
7.86016,0.06794626,0.24019238,0.5,0.8660254,0.20113681,2024,1,2.27945,13.656221125671866,7.860159913830454,0
11.589058,0.07783232,0.75980765,0.5,-0.8660254,0.39881387,2024,3,3.7565024,-12.639869914847946,11.589057547312024,4
9.063188,0.31960714,0.75980765,0.5,-0.8660254,0.2588594,2024,3,3.8312724,-11.460189165765257,9.063187253594242,4
2.960268,0.024476066,0.24019238,0.5,0.8660254,0.2948127,2024,1,2.2698529,13.123318680396,2.9602679981555555,0
5.8729253,0.16253525,0.24019238,0.5,0.8660254,0.2822395,2024,1,2.2808049,11.528436302934733,5.872925185165997,0
2.0457325,6.393421,0.24019238,-0.5,0.8660254,0.4769928,2024,1,2.3081968,13.497493927858974,2.045732562264749,2
5.269316,0.12355,0.24019238,0.5,0.8660254,0.14535719,2024,1,2.2743306,13.364691458536576,5.269316130931775,0
4.1137743,4.037988,0.24019238,-0.5,0.8660254,0.14644271,2024,1,2.2814367,13.40189197789056,4.113774081308764,0
7.95486,1.3070539,0.24019238,-0.5,0.8660254,0.13339558,2024,1,2.2853456,13.940055048879033,7.954860004227815,1
12.23094,0.13904078,0.75980765,0.5,-0.8660254,0.4703677,2024,3,3.7561944,-6.6356170689523,12.230940260402644,4
6.07841,0.21815747,0.24019238,0.5,0.8660254,0.37535346,2024,1,2.3301525,12.501348560375716,6.078410358822312,2
3.3957763,3.937742,0.24019238,-0.5,0.8660254,0.33083135,2024,1,2.324151,12.627369367092854,3.395776283010877,2
5.8150134,0.0,0.24019238,0.5,0.8660254,0.16793707,2024,1,2.271358,9.9906202808434,5.815013340201912,0
7.9798937,1.2069818,0.24019238,-0.5,0.8660254,0.11815838,2024,1,2.2772057,13.494176983072444,7.97989347770095,0
4.1853743,0.0002455091,0.5,1.0,6.123234e-17,0.12933622,2024,2,3.2016423,14.720127881961696,4.185374227005166,3
8.0529585,0.0,0.24019238,0.5,0.8660254,0.24331848,2024,1,2.286566,13.798238351071523,8.052958935479317,1
5.3099675,0.25025412,0.24019238,0.5,0.8660254,0.25061405,2024,1,2.272737,12.781017552224855,5.309967469402221,0
9.943061,0.2730477,0.75980765,0.5,-0.8660254,0.21292576,2024,3,3.796684,-2.0293350127888057,9.94306074943276,4
7.602972,0.29845554,0.24019238,0.5,0.8660254,0.42973295,2024,1,2.353108,12.87078175459258,7.602971844758447,2
4.726573,0.0,0.24019238,-0.5,0.8660254,0.2785511,2024,1,2.3027816,13.155153972361411,4.726573142092943,1
7.9573603,1.61943,0.24019238,-0.5,0.8660254,0.31811833,2024,1,2.3039918,12.091422726830018,7.957360257471694,1
8.847759,0.27857777,0.65,0.8660254,-0.5,0.3552057,2024,3,3.4254353,-12.920226533420962,8.847759100543467,3
4.1957736,0.24670887,0.24019238,0.5,0.8660254,0.15867428,2024,1,2.259704,13.051196616591842,4.195773386909233,0
10.51348,0.7260859,0.75980765,0.5,-0.8660254,0.1129891,2024,3,3.7769623,-24.774336037489274,10.51347986962494,4
6.648956,0.26917192,0.24019238,0.5,0.8660254,0.43321568,2024,1,2.3583162,11.768334331533433,6.648955905187715,3
7.9571953,1.10476,0.24019238,-0.5,0.8660254,0.34320933,2024,1,2.3156297,13.694267007874313,7.957195298836255,2
4.416962,4.5402985,0.24019238,-0.5,0.8660254,0.33523497,2024,1,2.331862,11.660039657107715,4.41696215025256,2
9.086264,0.3577342,0.65,0.8660254,-0.5,0.21877809,2024,3,3.4529939,2.366193344371003,9.08626355770495,3
3.1147342,5.2726226,0.24019238,-0.5,0.8660254,0.17237715,2024,1,2.2954776,12.561180155612227,3.114734089904185,1
19.63923,0.27449015,0.24019238,0.5,0.8660254,0.4170006,2024,1,1.4484186,-0.36353087613086477,19.63923081241553,0
5.0094576,4.1828327,0.24019238,-0.5,0.8660254,0.44300693,2024,1,2.3288631,11.837840476878348,5.009457822121351,2
8.849201,0.25202858,0.65,0.8660254,-0.5,0.13284971,2024,3,3.4554813,9.371445834601625,8.849201156464082,3
5.336989,1.8880249,0.24019238,-0.5,0.8660254,0.23091964,2024,1,2.2963765,12.629550269506232,5.33698879564463,1
10.203064,0.026692852,0.5,1.0,6.123234e-17,0.1816637,2024,2,3.0112617,6.795094920729011,10.203064161150545,3
7.5194926,0.00074528466,0.5,1.0,6.123234e-17,0.23105597,2024,2,3.1159964,13.54330265357081,7.5194926164944835,3
3.4052474,0.19915234,0.24019238,0.5,0.8660254,0.420799,2024,1,2.3671079,10.267527812843488,3.4052474635195438,3
4.825684,0.12376488,0.2,-2.4492937e-16,1.0,0.3601927,2024,1,2.2436836,12.397566251134847,4.8256840856555545,0
4.137979,5.530056,0.24019238,-0.5,0.8660254,0.4654621,2024,1,2.3123276,13.863246798890367,4.13797902229848,2
7.9589467,1.5220124,0.24019238,-0.5,0.8660254,0.41133133,2024,1,2.3434947,13.352637727193416,7.958946791554654,2
4.1867795,0.84058523,0.2,-2.4492937e-16,1.0,0.46149182,2024,1,2.1962447,11.246713627901224,4.186779292828772,0
4.827904,1.0424848,0.2,-2.4492937e-16,1.0,0.4515072,2024,1,2.2052183,10.529271833381822,4.827904339671425,0
4.872217,1.5003576,0.2,-2.4492937e-16,1.0,0.4110067,2024,1,2.2430644,14.533094484669961,4.872217133342176,0
7.962766,1.8551964,0.24019238,-0.5,0.8660254,0.31666824,2024,1,2.3033764,13.17045303879401,7.962766332596513,1
4.8288536,0.7272928,0.2,-2.4492937e-16,1.0,0.10143664,2024,1,2.0890837,13.670844516748428,4.828853511507995,0
7.500388,0.0,0.24019238,0.5,0.8660254,0.15506436,2024,1,2.292587,9.551756350560044,7.500388185213912,1
5.027995,0.450354,0.5,1.0,6.123234e-17,0.22147961,2024,2,3.153514,14.539172506846617,5.027995185715528,3
9.287916,0.17202878,0.75980765,0.5,-0.8660254,0.14889374,2024,3,3.8158305,-2.391139011808359,9.28791614787537,4
3.2953038,7.302815,0.24019238,-0.5,0.8660254,0.39599007,2024,1,2.3550534,15.27453788857673,3.295303799941318,3
5.1830344,3.0031154,0.24019238,-0.5,0.8660254,0.12325402,2024,1,2.2664607,14.74826382767334,5.183034414951009,0
7.544013,0.17573093,0.5,1.0,6.123234e-17,0.3229432,2024,2,3.1176465,13.364714524746669,7.544013084233939,3
4.80724,0.98703456,0.2,-2.4492937e-16,1.0,0.18337348,2024,1,2.1578333,14.85878131357523,4.807239994311312,0
8.852133,0.30234262,0.65,0.8660254,-0.5,0.11377956,2024,3,3.446859,7.263431270751114,8.852132711285366,3
8.729823,0.26010135,0.24019238,0.5,0.8660254,0.20879275,2024,1,2.2867708,12.363726044337932,8.72982274289819,1
8.735059,0.7347663,0.75980765,0.5,-0.8660254,0.25029477,2024,3,3.834739,-1.6422196249439858,8.735058719807872,4
3.4962862,5.174872,0.24019238,-0.5,0.8660254,0.2160222,2024,1,2.2966928,10.670666660088633,3.4962862620411177,1
9.828136,0.2732009,0.75980765,0.5,-0.8660254,0.44210437,2024,3,3.837675,1.0609192982476103,9.828136152703475,4
4.8039994,0.15544097,0.2,-2.4492937e-16,1.0,0.16041107,2024,1,2.135126,13.49776502217827,4.803999386733543,0
6.023258,0.12332722,0.24019238,0.5,0.8660254,0.14924622,2024,1,2.2811499,12.767598278335067,6.023258135837849,0
5.1067195,6.1762185,0.24019238,-0.5,0.8660254,0.2694357,2024,1,2.2990484,15.70812923873383,5.1067196120035385,1
9.219927,0.21660584,0.65,0.8660254,-0.5,0.45619723,2024,3,3.4129715,11.247564620095163,9.219927173507704,3
9.283681,0.087561876,0.24019238,0.5,0.8660254,0.28003892,2024,1,2.3038123,9.90893461507491,9.28368111670951,1
6.3288875,0.20437856,0.24019238,0.5,0.8660254,0.17297497,2024,1,2.2742593,12.266224094838819,6.328887388508599,0
8.364353,0.2735206,0.75980765,0.5,-0.8660254,0.23669687,2024,3,3.8387117,0.7263465285927517,8.364352830698339,4
9.198582,6.252088,0.65,-0.8660254,-0.5,0.19535305,2024,3,3.476263,9.237215102941594,9.198581804377492,4
4.9893117,6.7832847,0.65,-0.8660254,-0.5,0.26846713,2024,3,3.378234,14.500140828578033,4.989311683519066,3
7.0336003,0.111081935,0.24019238,0.5,0.8660254,0.29521194,2024,1,2.2950315,12.965674195012369,7.033600406192728,1
5.578934,6.3533416,0.35,-0.8660254,0.5,0.18004231,2024,1,2.5369349,14.721954232820032,5.578934410374452,3
6.204333,5.0324636,0.75980765,-0.5,-0.8660254,0.3286308,2024,3,3.8378491,0.8542619151090833,6.204332944876394,4
3.9932337,4.4748693,0.24019238,-0.5,0.8660254,0.4422878,2024,1,2.333186,11.718528864969485,3.9932336127101657,2
5.137903,5.260817,0.24019238,-0.5,0.8660254,0.19833672,2024,1,2.2929683,11.86393096870156,5.137903375115777,1
8.849413,0.23723944,0.65,0.8660254,-0.5,0.32914156,2024,3,3.4582815,-1.398740132030814,8.849412827180513,3
4.028251,4.612231,0.24019238,-0.5,0.8660254,0.23265737,2024,1,2.297493,13.597944674860985,4.028251351467377,1
4.7983603,0.19653606,0.2,-2.4492937e-16,1.0,0.20137875,2024,1,2.168234,10.902551066190016,4.798360465690975,0
8.808982,0.0006199859,0.75980765,0.5,-0.8660254,0.23329699,2024,3,3.8301187,1.3350385615148337,8.808981531119107,4
5.3221536,2.3474324,0.24019238,-0.5,0.8660254,0.39545745,2024,1,2.3533754,13.239045569947395,5.3221537123448295,2
13.975092,0.4910438,0.75980765,0.5,-0.8660254,0.30174387,2024,3,3.5528436,-14.67696097359648,13.97509211990254,4
6.077291,4.207781,0.24019238,-0.5,0.8660254,0.13683593,2024,1,2.2801816,13.511454453870329,6.077290885882091,0
4.473999,4.166617,0.24019238,-0.5,0.8660254,0.47233737,2024,1,2.3079267,15.1712219097676,4.47399916919164,2
5.8418546,0.098449655,0.24019238,0.5,0.8660254,0.13407692,2024,1,2.2770934,11.917548104872886,5.841854677060577,0
7.958036,1.6034192,0.24019238,-0.5,0.8660254,0.39713246,2024,1,2.3447585,10.237186791709355,7.958035875574192,2
9.3265915,0.3411219,0.75980765,0.5,-0.8660254,0.22174037,2024,3,3.8149815,3.6007719852782136,9.32659163341516,4
8.644953,0.10343812,0.75980765,0.5,-0.8660254,0.45705667,2024,3,3.8759155,-13.51700459258906,8.644953166383159,4
3.8925548,4.3700576,0.24019238,-0.5,0.8660254,0.10564759,2024,1,2.2385118,14.371842447190721,3.8925547102389175,0
9.308547,0.13083261,0.24019238,0.5,0.8660254,0.2996005,2024,1,2.3152246,13.045925723224553,9.308546806939828,2
7.8555026,0.22587991,0.65,0.8660254,-0.5,0.16505769,2024,3,3.4641013,0.4198968215311156,7.855502368067224,3
4.8274508,0.25696135,0.2,-2.4492937e-16,1.0,0.12848534,2024,1,2.106686,12.620910464563357,4.827450836503486,0
7.255177,0.352681,0.5,1.0,6.123234e-17,0.42793152,2024,2,3.092112,12.647385686346272,7.255176962242308,3
13.773108,0.07290227,0.75980765,0.5,-0.8660254,0.3178309,2024,3,3.580083,-17.69860437119928,13.773107784034533,4
5.6983223,3.3398657,0.24019238,-0.5,0.8660254,0.10868784,2024,1,2.2516966,13.545422549538728,5.698322348357223,0
10.553668,0.0,0.75980765,0.5,-0.8660254,0.40284422,2024,3,3.7957928,-10.83466713300671,10.553667812947872,4
6.419465,0.9438084,0.75980765,0.5,-0.8660254,0.18609875,2024,3,3.8754725,9.655431903168509,6.4194651474469655,4
7.86602,0.24750368,0.24019238,0.5,0.8660254,0.22401366,2024,1,2.281642,13.847979628953286,7.866020251987802,0
7.959325,0.93037343,0.24019238,-0.5,0.8660254,0.36774027,2024,1,2.3266983,13.673790239703699,7.959324750288726,2
6.740965,3.5237722,0.24019238,-0.5,0.8660254,0.17080872,2024,1,2.2910104,13.719953797893844,6.740964822874594,1
11.029442,0.08477115,0.75980765,0.5,-0.8660254,0.1738191,2024,3,3.7525713,-5.606438687028568,11.02944142264179,4
9.769276,0.2652836,0.65,0.8660254,-0.5,0.19032496,2024,3,3.439242,7.68515163723523,9.769275997361351,3
7.912599,0.7431174,0.24019238,-0.5,0.8660254,0.46982327,2024,1,2.2972705,9.60377411116395,7.912599168916449,1
4.2219257,4.600455,0.24019238,-0.5,0.8660254,0.23314111,2024,1,2.297329,13.592117982439042,4.221925707915712,1
4.875537,0.6665364,0.2,-2.4492937e-16,1.0,0.49460226,2024,1,2.173304,9.433119225188303,3.3217409431823097,0
8.98216,0.17706479,0.65,0.8660254,-0.5,0.24142407,2024,3,3.4680986,11.74018898379589,8.982159645183902,4
7.883842,0.0,0.5,1.0,6.123234e-17,0.1331512,2024,2,3.089898,7.340432913372931,7.883842039115962,3
7.712451,0.9933426,0.24019238,-0.5,0.8660254,0.31045634,2024,1,2.3039796,14.56725611007065,7.712450952501272,1
4.451955,0.10813319,0.24019238,0.5,0.8660254,0.39003146,2024,1,2.32575,11.677831469532096,4.451954639388547,2
9.146212,2.515439,0.24019238,-0.5,0.8660254,0.43107447,2024,1,2.3260632,13.14071344814228,9.146211846711878,2
3.8169343,5.466625,0.24019238,-0.5,0.8660254,0.18521725,2024,1,2.2946377,14.237732305680709,3.8169342882638,1
9.058949,0.6264321,0.75980765,0.5,-0.8660254,0.232721,2024,3,3.824513,8.84220854308296,9.058949386103771,4
7.935988,1.6380659,0.24019238,-0.5,0.8660254,0.46173733,2024,1,2.300916,12.674863915440131,7.935988087466763,1
7.917647,1.7792023,0.24019238,-0.5,0.8660254,0.29408076,2024,1,2.3012216,10.1345013897627,7.917646979552287,1
10.31561,0.13582699,0.75980765,0.5,-0.8660254,0.2805264,2024,3,3.7928302,0.12700137835761227,10.315609804538903,4
8.90858,0.782249,0.75980765,0.5,-0.8660254,0.35833922,2024,3,3.842587,-18.276975911088705,8.90857947419222,4
5.583271,7.0579076,0.35,-0.8660254,0.5,0.38750947,2024,1,2.50559,15.060400361976793,5.583270980969666,3
4.7063046,0.16318752,0.5,1.0,6.123234e-17,0.42252547,2024,2,3.0813782,15.476160424683798,4.706304484002755,3
6.440423,0.2185058,0.24019238,0.5,0.8660254,0.4513229,2024,1,2.347706,15.386820246355768,6.4404228635362575,2
8.544005,0.24093015,0.24019238,0.5,0.8660254,0.15440439,2024,1,2.3097436,12.927246502377029,8.544005835853563,2
3.8263524,4.8080726,0.24019238,-0.5,0.8660254,0.2840798,2024,1,2.3059382,14.443435108905337,3.8263524139702594,1
5.6995907,0.077741794,0.24019238,0.5,0.8660254,0.23237655,2024,1,2.274319,11.96944642211242,5.69959048841763,0
