gw_level,recent_rainfall,crop_water_demand,month_sin,month_cos,extraction_rate,seed,first_action,q_predicted,realized_return,min_gw_level_in_episode,q_quintile
3.8471365,7.5163403,0.24019238,-0.5,0.8660254,0.31837046,42,1,3.2388384,14.461283943755905,3.8471364933678056,2
4.850601,0.41413537,0.2,-2.4492937e-16,1.0,0.23991652,42,1,2.964153,10.185668422203372,4.850601421121191,0
10.117999,4.8611574,0.65,-0.8660254,-0.5,0.1434944,42,3,3.5624678,5.627493856977514,10.11799876362406,3
5.5609703,6.559301,0.35,-0.8660254,0.5,0.4928355,42,1,3.3192163,13.656979680207684,5.560970294229567,3
4.2107124,2.5386384,0.24019238,-0.5,0.8660254,0.47134548,42,1,3.1866608,16.39005538220845,4.210712354467883,2
3.9474247,3.653279,0.24019238,-0.5,0.8660254,0.3627723,42,1,3.3127224,15.735086296827184,3.947424652346347,3
9.751778,0.26398656,0.75980765,0.5,-0.8660254,0.35757706,42,3,4.609769,-7.3209720972348435,9.751777383494204,4
7.970688,1.9649166,0.24019238,-0.5,0.8660254,0.12257133,42,1,3.0305312,13.81026544349636,7.970687862962063,0
6.8573837,0.13185938,0.24019238,0.5,0.8660254,0.37127894,42,1,3.148199,11.696557052762907,6.857383609003823,1
5.611104,0.010574277,0.24019238,0.5,0.8660254,0.47700042,42,1,3.1493933,15.106518602866153,5.611104131505376,1
7.6629405,2.852108,0.24019238,-0.5,0.8660254,0.37692884,42,1,3.1673958,12.876194271040456,7.662940619335084,2
7.9605227,1.7362214,0.24019238,-0.5,0.8660254,0.43517274,42,1,3.1181884,14.18071956151064,7.960522864616952,1
5.207101,3.5326111,0.24019238,-0.5,0.8660254,0.31452027,42,1,3.1980057,14.799664852883511,5.207100641144571,2
3.5099921,5.648323,0.24019238,-0.5,0.8660254,0.20457417,42,1,3.1731157,10.901572567049557,3.5099921593949404,2
4.6194196,0.39355186,0.24019238,0.5,0.8660254,0.34157586,42,1,3.186575,14.739659857007625,4.619419467990751,2
11.870656,0.46643582,0.75980765,0.5,-0.8660254,0.13011083,42,3,4.4709835,-15.377184899705583,11.870656115104138,4
4.855304,0.18773498,0.24019238,0.5,0.8660254,0.24811134,42,1,3.0725226,12.497553572474791,4.855303638784064,1
4.4348183,2.3501036,0.24019238,-0.5,0.8660254,0.36104444,42,1,3.2958162,10.017157237714393,4.434818154004557,3
9.590192,0.00760291,0.5,1.0,6.123234e-17,0.36863515,42,2,3.9101381,13.84538220608758,9.590192003129786,3
7.9142146,0.44464025,0.24019238,0.5,0.8660254,0.18459004,42,1,3.015523,13.108994244653633,7.914214532399597,0
5.825987,0.21886241,0.24019238,0.5,0.8660254,0.49586847,42,1,3.1150618,14.395357777614818,5.825986687786229,1
10.2989435,0.45457137,0.75980765,0.5,-0.8660254,0.17647524,42,3,4.533238,-6.429555294036908,10.298943181675623,4
6.9085755,0.12410454,0.24019238,0.5,0.8660254,0.1961602,42,1,3.0304575,10.973841720876644,6.908575584652093,0
5.4290867,7.7309375,0.35,-0.8660254,0.5,0.4657446,42,1,3.379139,13.527857752498605,5.42908661392149,3
6.87902,0.33501682,0.5,1.0,6.123234e-17,0.3316932,42,2,3.772941,14.372948275995315,6.879020126557913,3
4.5859237,0.3110524,0.24019238,0.5,0.8660254,0.29319087,42,1,3.118588,10.776023548113857,4.58592360258876,1
9.157073,0.00414551,0.75980765,0.5,-0.8660254,0.14814335,42,3,4.5153365,-4.205260679086178,9.157073061305487,4
8.870268,0.14828601,0.24019238,0.5,0.8660254,0.26225913,42,1,2.911518,9.648544829533366,8.870267665239025,0
9.511399,0.03899328,0.75980765,0.5,-0.8660254,0.14520273,42,3,4.526777,-20.054556493647986,9.511399119898432,4
4.6532354,4.1960783,0.24019238,-0.5,0.8660254,0.43701038,42,1,3.2372518,11.104779718863387,4.6532355398099385,2
4.990728,0.2637782,0.24019238,0.5,0.8660254,0.31222793,42,1,3.149929,12.735254604462156,4.990727670267921,1
5.5077224,6.4551086,0.35,-0.8660254,0.5,0.30913642,42,1,3.3970842,13.72415020175438,5.507722591483128,3
5.5147943,5.6889553,0.35,-0.8660254,0.5,0.18059552,42,1,3.2794914,15.116579979277615,5.514794148639203,2
1.9927073,7.717093,0.24019238,-0.5,0.8660254,0.22373164,42,1,3.2255862,10.538128632115988,1.9927072455010888,2
10.333478,0.25810012,0.75980765,0.5,-0.8660254,0.43242136,42,3,4.560113,4.667914733358814,10.333477545036413,4
9.872105,0.22412615,0.24019238,0.5,0.8660254,0.4080306,42,1,3.079637,13.669088625298855,9.872104982299517,1
4.582292,3.1111908,0.24019238,-0.5,0.8660254,0.20467626,42,1,3.149671,13.527563316888491,4.582292282312187,1
6.378763,0.16711664,0.24019238,0.5,0.8660254,0.4781477,42,1,3.0968866,13.503139207226525,6.378763160642478,1
6.257125,4.6940737,0.35,-0.8660254,0.5,0.24536613,42,1,3.338363,13.815548592007259,6.257125129225551,3
9.530687,0.32769564,0.24019238,0.5,0.8660254,0.3853971,42,1,3.0990133,13.0166257217239,9.530687763656587,1
8.850535,0.1111027,0.65,0.8660254,-0.5,0.42546394,42,3,3.9712064,3.1109510688892286,8.85053539382052,3
5.750778,0.08642254,0.24019238,0.5,0.8660254,0.11795045,42,1,3.0330029,13.201512176962122,5.75077800656566,0
8.741298,0.091204725,0.65,0.8660254,-0.5,0.2574887,42,3,4.1176925,11.816026064001639,8.74129769862405,4
4.651867,0.0,0.24019238,-0.5,0.8660254,0.29893735,42,1,3.2331138,13.233025568832659,4.65186693860857,2
7.405664,6.1434116,0.65,-0.8660254,-0.5,0.2164809,42,3,3.6029809,8.26954497176491,7.40566405379352,3
7.928191,1.4811178,0.24019238,-0.5,0.8660254,0.13052727,42,1,3.0436459,12.508529267644791,7.928191018819104,0
8.831637,0.024087498,0.65,0.8660254,-0.5,0.10435169,42,3,4.3397527,-2.9449305277102944,8.831637151412083,4
11.177542,0.21884286,0.24019238,0.5,0.8660254,0.23048766,42,1,2.8072562,11.77029021838446,11.177541371426198,0
7.937675,1.0819967,0.24019238,-0.5,0.8660254,0.4800763,42,1,3.0236235,13.527072552954928,7.937675158513764,0
5.020463,0.7164107,0.2,-2.4492937e-16,1.0,0.48310333,42,1,3.0910623,10.834350676443853,5.020463219720497,1
5.765048,0.8168295,0.2,-2.4492937e-16,1.0,0.3385648,42,1,3.1611133,11.35413917053186,5.765047862128667,2
5.5998306,7.262156,0.35,-0.8660254,0.5,0.38568604,42,1,3.314492,15.208311198001379,5.599830603447388,3
5.911346,0.027201125,0.24019238,0.5,0.8660254,0.14226118,42,1,3.0700226,10.443166896625476,5.911345916454364,0
3.3899024,0.58821136,0.2,-2.4492937e-16,1.0,0.19636115,42,1,2.8295298,9.991194803502717,3.389902263738504,0
9.628328,0.2843643,0.75980765,0.5,-0.8660254,0.4429419,42,3,4.566701,-5.917154108182556,9.628327937024295,4
5.5111995,2.9837005,0.24019238,-0.5,0.8660254,0.1930276,42,1,3.117261,12.74423873328074,5.511199277821069,1
3.5467215,5.9230156,0.35,-0.8660254,0.5,0.32825887,42,1,3.3674388,15.958714039208443,3.5467215394954814,3
5.4945903,0.33760262,0.24019238,0.5,0.8660254,0.41814768,42,1,3.1690688,15.236511638830189,5.494590047860597,2
8.851126,0.13829158,0.65,0.8660254,-0.5,0.41692024,42,3,3.9846609,4.035324891049713,8.851126102493222,3
7.9549685,1.6578306,0.24019238,-0.5,0.8660254,0.2924599,42,1,3.0444708,14.034001268018049,7.954968420069924,0
4.511515,4.9562516,0.24019238,-0.5,0.8660254,0.1955576,42,1,3.142413,13.531928481602293,4.511515378130591,1
13.333217,0.2600422,0.24019238,0.5,0.8660254,0.2631764,42,1,2.7506347,10.359406180641368,13.333216867668432,0
7.9396663,1.3258476,0.24019238,-0.5,0.8660254,0.46225658,42,1,3.0679107,12.341671480541835,7.939666080115004,0
3.948102,5.1472344,0.24019238,-0.5,0.8660254,0.2288333,42,1,3.1642106,11.73641287606852,3.948101924081464,2
12.539951,4.442199,0.65,-0.8660254,-0.5,0.4394019,42,3,3.7741082,5.437125362117516,12.53995167344918,3
5.9010496,0.107246906,0.24019238,0.5,0.8660254,0.23520954,42,1,3.0356555,10.6465642561234,5.901049565992124,0
5.485277,13.609974,0.35,-0.8660254,0.5,0.16506489,42,1,3.225904,14.51849163441603,5.485277006872489,2
11.457476,0.039301813,0.75980765,0.5,-0.8660254,0.20025983,42,3,4.462495,-17.550281212416227,11.457475399529825,4
4.8261623,0.1622342,0.2,-2.4492937e-16,1.0,0.3789541,42,1,3.2242339,12.205959007413156,4.8261622279480285,2
4.809984,0.27677694,0.2,-2.4492937e-16,1.0,0.1744713,42,1,2.8495288,13.48826830830209,4.809984193173939,0
4.34108,0.5750321,0.2,-2.4492937e-16,1.0,0.390528,42,1,3.234988,15.270150825998677,4.341080228214673,2
5.450378,0.17421424,0.24019238,0.5,0.8660254,0.29312122,42,1,3.0891874,12.121404638506524,5.450377901635469,1
4.4549704,0.35950255,0.24019238,0.5,0.8660254,0.4415885,42,1,3.2056613,12.015283635235756,4.454970370916634,2
5.803179,0.063859664,0.24019238,0.5,0.8660254,0.1547587,42,1,3.0891554,11.141947088114138,5.803178907942381,1
5.471963,2.5051677,0.24019238,-0.5,0.8660254,0.3151583,42,1,3.1905806,13.14961616066082,5.471962993909838,2
5.1484847,0.095977806,0.24019238,0.5,0.8660254,0.4782691,42,1,3.1756835,11.291131717995393,5.148484650631939,2
5.0856557,0.38026896,0.24019238,0.5,0.8660254,0.3288747,42,1,3.1673074,14.059518173655977,5.085655866941433,2
4.4378357,0.17873363,0.24019238,0.5,0.8660254,0.1776373,42,1,3.1203117,12.416544331540459,4.43783561902679,1
5.4760833,0.0,0.35,-0.8660254,0.5,0.36513206,42,1,3.3518696,14.345442003302535,5.476083161704046,3
4.6622324,0.36442056,0.24019238,0.5,0.8660254,0.16272615,42,1,3.130122,15.500143158457783,4.662232232972826,1
3.8649747,0.15873395,0.24019238,0.5,0.8660254,0.20068006,42,1,3.1027384,13.256913900503129,3.8649746958834825,1
5.9218473,0.118756354,0.24019238,0.5,0.8660254,0.3069473,42,1,3.1032677,14.96347202283511,5.921847261956375,1
6.7412663,0.014692952,0.24019238,0.5,0.8660254,0.24573113,42,1,3.0093498,12.07526611849406,6.741266452122124,0
7.9896894,0.83335,0.24019238,-0.5,0.8660254,0.11653968,42,1,3.0206907,12.582349405771142,7.989689277996177,0
10.696668,0.0070097023,0.5,1.0,6.123234e-17,0.19516923,42,2,3.5700471,7.9151310218862125,10.696667768984842,3
5.045212,6.8308735,0.24019238,-0.5,0.8660254,0.2167492,42,1,3.1060483,11.559724760286905,5.045211673644862,1
6.494661,0.17351677,0.24019238,0.5,0.8660254,0.3542419,42,1,3.1542833,10.192430123931512,6.494660949607788,2
5.538538,0.10754088,0.24019238,0.5,0.8660254,0.21414185,42,1,3.0550885,13.864208802398654,5.53853796317528,0
13.097339,0.0916815,0.75980765,0.5,-0.8660254,0.2722086,42,3,4.287443,-41.72176273731927,13.097338918314566,4
7.6855726,0.1820045,0.24019238,0.5,0.8660254,0.48275796,42,1,3.0081375,13.824894565691404,7.68557248263064,0
4.2249084,4.8805766,0.24019238,-0.5,0.8660254,0.4572966,42,1,3.2105863,11.209813225067604,4.224908146424935,2
8.848501,0.00586831,0.65,0.8660254,-0.5,0.29585996,42,3,4.131093,12.484193984835773,8.84850077924985,4
7.961287,1.1454484,0.24019238,-0.5,0.8660254,0.4564719,42,1,3.0814865,11.00290119779693,7.961287199735519,1
6.768778,0.05980547,0.24019238,0.5,0.8660254,0.16922337,42,1,3.0633056,10.92262657608934,6.768777857731129,0
9.404518,0.1566196,0.65,0.8660254,-0.5,0.4957274,42,3,3.922312,9.587409428130702,9.404517657262613,3
3.2419212,0.07886948,0.5,1.0,6.123234e-17,0.3657379,42,2,3.8349104,15.005929800100878,3.241921203745436,3
4.867306,1.1039392,0.2,-2.4492937e-16,1.0,0.44222108,42,1,3.1707518,12.166272726270197,4.867306375036614,2
5.467738,10.938293,0.35,-0.8660254,0.5,0.11151656,42,4,3.4147496,14.185325636383073,5.467738270398023,3
6.2685003,0.3024023,0.24019238,0.5,0.8660254,0.13744345,42,1,3.0509577,12.78638017372976,6.268500174902373,0
6.49644,5.7699876,0.65,-0.8660254,-0.5,0.21374509,42,3,3.6410153,1.6894998340533234,6.496439749597054,3
4.6936154,5.874161,0.35,-0.8660254,0.5,0.10240105,42,4,3.6143618,13.308596089642066,4.693615348973663,3
7.950601,1.1416006,0.24019238,-0.5,0.8660254,0.15275422,42,1,3.0761328,12.72523854322245,7.950601245958204,1
5.8632956,0.2230577,0.24019238,0.5,0.8660254,0.4995284,42,1,3.1083493,11.623632044067628,5.86329534060918,1
4.195202,0.3115534,0.24019238,0.5,0.8660254,0.29875565,42,1,3.1463132,13.314195745155764,4.195201886448651,1
9.44041,0.19568305,0.75980765,0.5,-0.8660254,0.12392221,42,3,4.562576,-23.535833650608254,9.440410043045636,4
10.566879,0.0,0.75980765,0.5,-0.8660254,0.14720988,42,3,4.5191283,-10.400106650922933,10.566879394471176,4
7.370737,0.53439605,0.24019238,0.5,0.8660254,0.17535205,42,1,3.0399997,14.65072773537826,7.37073690993881,0
7.1164756,0.0,0.5,1.0,6.123234e-17,0.19368164,42,2,3.75716,12.830811958038494,7.116475815362996,3
7.925147,1.7707211,0.24019238,-0.5,0.8660254,0.46989977,42,1,3.0490656,12.209450459244673,7.925147091152244,0
3.8674402,3.5604362,0.24019238,-0.5,0.8660254,0.4944218,42,1,3.1317136,10.904259314258884,3.86744017916614,1
4.913348,4.344618,0.24019238,-0.5,0.8660254,0.3511844,42,1,3.250239,15.747947552768377,4.91334823270121,2
7.002902,0.000244734,0.5,1.0,6.123234e-17,0.16417462,42,2,3.8206913,12.602726016896272,7.00290203173926,3
7.957929,1.7419142,0.24019238,-0.5,0.8660254,0.3959947,42,1,3.1725497,11.747932234625713,7.957928898671963,2
7.9600816,0.9078582,0.24019238,-0.5,0.8660254,0.40885276,42,1,3.1660738,13.682313033373317,7.960081667824738,2
3.9960132,5.6274643,0.24019238,-0.5,0.8660254,0.49929667,42,1,3.1125011,9.808341930253672,3.9960131099775102,1
5.4576783,9.901191,0.35,-0.8660254,0.5,0.4840308,42,1,3.335551,13.944003953556118,5.457678130160826,3
7.2093067,0.14174113,0.24019238,0.5,0.8660254,0.30811042,42,1,3.0563188,13.236834901503098,7.209306676482379,0
9.705472,0.22269766,0.75980765,0.5,-0.8660254,0.44758198,42,3,4.568001,4.373618959498251,9.705471710272594,4
10.223874,0.46358046,0.75980765,0.5,-0.8660254,0.3172706,42,3,4.5769963,-8.101881951899097,10.223873996289289,4
5.9841814,0.9155807,0.24019238,-0.5,0.8660254,0.44518888,42,1,3.1824026,10.039807462393917,5.984181567427682,2
4.207311,0.09174156,0.5,1.0,6.123234e-17,0.14826979,42,2,3.943496,14.686255113981723,4.207310925019611,3
3.8491786,0.49837494,0.2,-2.4492937e-16,1.0,0.37519124,42,1,3.2411752,13.705948852976983,3.849178503874776,2
3.9985852,0.45117772,0.2,-2.4492937e-16,1.0,0.18211688,42,1,2.8268695,12.009060107586963,3.998585325911973,0
1.985333,6.73492,0.24019238,-0.5,0.8660254,0.33071083,42,1,3.3386865,13.584987200934936,1.985332916392521,3
4.53,0.3468856,0.2,-2.4492937e-16,1.0,0.13760012,42,1,2.820076,14.001933308064796,4.530000273569729,0
7.3940644,0.031100487,0.5,1.0,6.123234e-17,0.28946888,42,2,3.7167408,10.408829198652116,7.394064473871649,3
4.0166535,0.9977529,0.24019238,0.5,0.8660254,0.4527999,42,1,3.228981,10.431881476451833,4.016653404125211,2
3.0757155,4.596439,0.24019238,-0.5,0.8660254,0.32504848,42,1,3.2860336,10.414872292617149,3.075715550915691,3
5.4006753,9.43307,0.35,-0.8660254,0.5,0.12572847,42,4,3.358227,13.134091110306992,5.400675436459413,3
4.822448,0.6060263,0.2,-2.4492937e-16,1.0,0.21339065,42,1,2.9021354,10.243629255347836,4.774943065747273,0
4.836075,0.20327139,0.24019238,0.5,0.8660254,0.38606986,42,1,3.2011626,10.019517706509813,4.836074611213653,2
10.556692,0.0,0.75980765,0.5,-0.8660254,0.22571473,42,3,4.5460052,-25.696420324832797,10.556691773640424,4
4.8360353,0.09036917,0.24019238,0.5,0.8660254,0.37678668,42,1,3.197146,11.358918503232216,4.836035256197253,2
5.63293,0.35636917,0.24019238,0.5,0.8660254,0.31021065,42,1,3.1235576,12.661189252754601,5.632929695814394,1
11.080726,0.007470973,0.75980765,0.5,-0.8660254,0.23298448,42,3,4.5096135,-8.235310550265915,11.080725760252117,4
7.3072767,0.40981427,0.24019238,0.5,0.8660254,0.4451237,42,1,3.0853097,11.454269159472332,7.307276810651675,1
5.4097786,12.328786,0.35,-0.8660254,0.5,0.40061694,42,1,3.350202,13.218854287560935,5.409778727790249,3
4.939126,0.23587985,0.24019238,0.5,0.8660254,0.26370746,42,1,3.0756662,11.531547894507304,4.939126194271317,1
3.0148234,3.6061075,0.24019238,-0.5,0.8660254,0.26702225,42,1,3.2525284,10.167546993210287,3.014823545509022,2
10.323055,0.0037979279,0.75980765,0.5,-0.8660254,0.2127351,42,3,4.552615,3.2708786449094296,10.323055559907584,4
7.9454207,1.4310064,0.24019238,-0.5,0.8660254,0.4414181,42,1,3.1098301,10.737307594344548,7.945420868789878,1
4.24505,0.0,0.24019238,-0.5,0.8660254,0.27367228,42,1,3.218431,10.574865823093365,4.245049944685101,2
10.154981,0.23108733,0.75980765,0.5,-0.8660254,0.28698593,42,3,4.550863,-18.193151049543552,10.1549811016777,4
4.1572556,4.892863,0.24019238,-0.5,0.8660254,0.33168566,42,1,3.2488616,13.81318424497397,4.157255874190264,2
5.4358807,8.388438,0.24019238,-0.5,0.8660254,0.1292604,42,1,3.0702972,15.557008222905184,5.435880652862034,1
4.342152,5.453466,0.24019238,-0.5,0.8660254,0.3807647,42,1,3.3052278,10.091365680233,4.342152058172577,3
7.1323,0.0,0.5,1.0,6.123234e-17,0.32422632,42,2,3.7633936,7.5232534130315365,7.1322998386502725,3
4.165341,0.81244606,0.2,-2.4492937e-16,1.0,0.35525906,42,1,3.2054381,13.0120418144072,4.165341107093476,2
11.10429,0.2800643,0.75980765,0.5,-0.8660254,0.10930931,42,3,4.5834513,-9.130760119092825,11.104289983659712,4
8.013755,0.0,0.24019238,0.5,0.8660254,0.1329478,42,1,2.9941947,11.649481703428846,8.013754384691367,0
8.787398,0.29769,0.75980765,0.5,-0.8660254,0.33842513,42,3,4.635161,-1.571270548792267,8.787398428892914,4
9.084938,0.26006082,0.75980765,0.5,-0.8660254,0.3641537,42,3,4.620455,-3.8491313990817613,9.084938400907197,4
7.894555,1.51366,0.24019238,-0.5,0.8660254,0.4389182,42,1,3.1159234,12.451019493890465,7.894555143470194,1
8.842279,0.21036942,0.65,0.8660254,-0.5,0.4662265,42,3,3.988166,10.493642682001607,8.842279257936053,3
5.4760423,0.035502832,0.24019238,0.5,0.8660254,0.48518887,42,1,3.1497416,14.155938287532141,5.476042276881793,1
4.249434,3.709067,0.24019238,-0.5,0.8660254,0.19957462,42,1,3.1596985,12.557862251790441,4.24943375977411,2
6.7549305,0.27349326,0.24019238,0.5,0.8660254,0.20887552,42,1,3.0183141,11.364326370691522,6.754930443082636,0
5.0646863,0.28431788,0.24019238,0.5,0.8660254,0.30765164,42,1,3.1366322,11.80719780626375,5.064686425053581,1
2.8948634,9.773545,0.24019238,-0.5,0.8660254,0.3523485,42,1,3.3269546,14.308100085470766,2.8948632944168264,3
8.153724,0.19686037,0.24019238,0.5,0.8660254,0.13998483,42,1,2.9935656,13.360669729564727,8.153724044078876,0
5.480175,6.0570016,0.35,-0.8660254,0.5,0.15297444,42,1,3.242869,15.200124337977554,5.480175214237156,2
4.8544235,0.82071114,0.2,-2.4492937e-16,1.0,0.4219485,42,1,3.1968215,14.286345904007554,4.854423395273806,2
9.083401,0.19107574,0.75980765,0.5,-0.8660254,0.28865707,42,3,4.5935016,-15.540452904854932,9.083400983192371,4
5.378837,0.12975739,0.24019238,0.5,0.8660254,0.4666944,42,1,3.1639328,12.002925141374623,5.378836906318903,2
9.135109,0.05769657,0.24019238,0.5,0.8660254,0.30116633,42,1,2.9869354,14.412201950775385,9.135108645368266,0
7.054068,0.00044452876,0.5,1.0,6.123234e-17,0.31917208,42,2,3.7502234,14.395346799726582,7.054067919841241,3
7.9593363,1.5410007,0.24019238,-0.5,0.8660254,0.20407926,42,1,3.0487528,13.654475963665398,7.959336229589809,0
4.2289224,0.012242444,0.24019238,0.5,0.8660254,0.37729046,42,1,3.2168732,11.787834472774255,4.228922487344969,2
6.327317,3.1165066,0.75980765,-0.5,-0.8660254,0.13054371,42,3,4.434138,11.365357204660837,6.327317023846544,4
2.8554144,1.2593474,0.2,-2.4492937e-16,1.0,0.41003826,42,1,3.2391007,10.766924591712545,2.855414339709397,2
6.0756145,0.032159727,0.24019238,0.5,0.8660254,0.4183166,42,1,3.150824,12.485415745340127,6.075614320097359,1
5.2298903,0.35816124,0.24019238,0.5,0.8660254,0.47099578,42,1,3.1714222,13.026474112331078,5.229890398329192,2
8.856813,0.2933897,0.65,0.8660254,-0.5,0.17710662,42,3,4.178628,-2.563562761862496,8.856813275305878,4
4.758039,3.8792903,0.24019238,-0.5,0.8660254,0.39419723,42,1,3.2995586,12.614929367118837,4.758038958725591,3
4.808476,0.15465152,0.2,-2.4492937e-16,1.0,0.12913252,42,1,2.8088536,11.991492587412463,4.808475855433567,0
5.468106,9.405892,0.35,-0.8660254,0.5,0.1699326,42,1,3.2475998,13.599556244931131,5.4681056782000885,2
6.8918757,0.25468883,0.24019238,0.5,0.8660254,0.34197956,42,1,3.1318817,13.668519169370539,6.891875653480568,1
6.1123505,0.13656282,0.24019238,0.5,0.8660254,0.14327636,42,1,3.063084,10.603470868126664,6.112350350293296,0
5.1879115,0.7417268,0.2,-2.4492937e-16,1.0,0.16044345,42,1,2.8681242,15.117810531265459,5.18791168960105,0
8.8504,0.2435677,0.65,0.8660254,-0.5,0.27360186,42,3,4.1193957,2.4474960977118645,8.8503999768083,4
5.788335,10.941203,0.65,-0.8660254,-0.5,0.4135275,42,3,3.646424,9.967444739671762,5.788334656699953,3
5.106605,6.9391046,0.35,-0.8660254,0.5,0.2644141,42,1,3.362093,12.431493653519953,5.106605020130648,3
7.937694,1.2519752,0.24019238,-0.5,0.8660254,0.25994897,42,1,3.0118124,13.673830099642467,7.937694152327316,0
4.2153826,0.0,0.24019238,-0.5,0.8660254,0.4768617,42,1,3.177524,11.407557931483323,4.215382495690255,2
6.611934,0.29837623,0.24019238,0.5,0.8660254,0.3186871,42,1,3.1033115,11.669703465487688,6.611934422007259,1
7.9537582,1.8699465,0.24019238,-0.5,0.8660254,0.3949846,42,1,3.1717825,11.442639234439055,7.953758384885183,2
8.849715,0.24506281,0.65,0.8660254,-0.5,0.33720708,42,3,4.0625443,-0.9578296616729802,8.849714877847749,3
4.814271,0.53412026,0.2,-2.4492937e-16,1.0,0.17600125,42,1,2.8520963,14.317544698091185,4.814270999942937,0
7.9545193,1.3279854,0.24019238,-0.5,0.8660254,0.321031,42,1,3.1302469,13.055334423217774,7.954519366141981,1
6.8080716,0.0,0.24019238,0.5,0.8660254,0.101600796,42,1,2.9677856,11.686047997260482,6.808071666711727,0
6.909936,0.11307529,0.24019238,0.5,0.8660254,0.44384727,42,1,3.101479,13.534175530250138,6.909935836151884,1
7.112399,0.18917696,0.24019238,0.5,0.8660254,0.16306321,42,1,3.0482304,12.722661065401892,7.112398892732693,0
5.5331097,5.3698716,0.35,-0.8660254,0.5,0.20164609,42,1,3.2997625,14.176454060272624,5.533109476332627,3
6.122471,0.32032362,0.24019238,0.5,0.8660254,0.4460006,42,1,3.1326683,9.632250681336828,5.898189482395752,1
6.197991,4.50815,0.75980765,-0.5,-0.8660254,0.13688333,42,3,4.424914,1.2409588582463051,6.197990700958063,4
9.883919,0.78022504,0.75980765,0.5,-0.8660254,0.34403995,42,3,4.6210823,-8.8026725005532,9.883918720851934,4
6.4901185,2.3311713,0.24019238,-0.5,0.8660254,0.26719892,42,1,3.079436,14.249435037515473,6.490118484413559,1
4.3234763,5.250204,0.24019238,-0.5,0.8660254,0.48674548,42,1,3.1314683,11.718890687530884,4.323476502315112,1
6.2066026,5.530112,0.75980765,-0.5,-0.8660254,0.42909205,42,3,4.3956876,4.977310650662739,6.206602498671029,4
5.4736085,10.678523,0.35,-0.8660254,0.5,0.20560263,42,1,3.2893763,11.325343608771231,5.473608487188108,3
6.323426,0.10564127,0.24019238,0.5,0.8660254,0.16580735,42,1,3.0771353,11.769232901370872,6.323425698062994,1
11.727094,0.045705494,0.75980765,0.5,-0.8660254,0.48684084,42,3,4.547187,-26.803656152201267,11.727093781275448,4
3.127906,0.18901505,0.24019238,0.5,0.8660254,0.18562856,42,1,3.1072564,11.410166955106002,3.127906075525884,1
7.3098984,0.12275275,0.24019238,0.5,0.8660254,0.10886583,42,1,2.9754405,14.276442536733871,7.309898239318113,0
7.4579062,0.07340254,0.5,1.0,6.123234e-17,0.4338975,42,2,3.9300768,9.779953321761845,7.457906038198316,3
5.012702,0.09552872,0.24019238,0.5,0.8660254,0.4882218,42,1,3.1751742,13.882541158342905,5.012702040001957,2
2.534034,6.2662253,0.24019238,-0.5,0.8660254,0.43581554,42,1,3.3232703,11.725259962489714,2.534034048005449,3
7.080628,0.0,0.5,1.0,6.123234e-17,0.4301663,42,2,3.9170086,11.575135470514793,7.080627806234905,3
5.6681213,11.082,0.35,-0.8660254,0.5,0.47453386,42,1,3.3534372,11.126447648783694,5.668121150578919,3
7.9631195,1.7632246,0.24019238,-0.5,0.8660254,0.24816988,42,1,2.9989526,13.861638725724871,7.963119320551774,0
4.875061,7.976677,0.24019238,-0.5,0.8660254,0.17372113,42,1,3.1035273,12.135677043187203,4.87506082549466,1
11.519349,0.14255174,0.75980765,0.5,-0.8660254,0.18399322,42,3,4.43991,-6.0115720118000535,11.519349345600672,4
3.1459162,0.30926523,0.24019238,0.5,0.8660254,0.2931745,42,1,3.1687975,14.983916865870077,3.1459162292434777,2
10.427559,0.78880453,0.75980765,0.5,-0.8660254,0.31159008,42,3,4.558208,2.9225076527750673,10.427558638177612,4
8.710399,0.25284687,0.65,0.8660254,-0.5,0.29745418,42,3,4.132008,6.331872146557768,8.710398271225102,4
5.3386583,11.605729,0.35,-0.8660254,0.5,0.32118255,42,1,3.3762383,15.016302965681117,5.338658255138793,3
8.127724,0.18554609,0.24019238,0.5,0.8660254,0.4957296,42,1,2.964272,13.80084955003824,8.127723608185601,0
11.235025,0.030149275,0.75980765,0.5,-0.8660254,0.27729684,42,3,4.5134287,-13.611464890450463,11.235025038858902,4
4.8239384,0.8988356,0.2,-2.4492937e-16,1.0,0.25167054,42,1,3.0012255,13.385886403537029,4.8239381783390085,0
7.0696864,0.050850168,0.5,1.0,6.123234e-17,0.33108798,42,2,3.7778895,12.225826505880137,7.069686383379119,3
5.032155,0.21140969,0.2,-2.4492937e-16,1.0,0.3799435,42,1,3.219532,10.768505069379664,5.032154908111138,2
4.5163317,3.4378777,0.24019238,-0.5,0.8660254,0.21900007,42,1,3.1524215,13.287527753090586,4.516331794108562,1
7.954858,1.6311823,0.24019238,-0.5,0.8660254,0.46221206,42,1,3.0655003,10.879609456135375,7.954857760210419,0
5.4968977,5.4046836,0.35,-0.8660254,0.5,0.17206143,42,1,3.2677157,12.656391861868633,5.496897488679535,2
10.788433,0.037765883,0.75980765,0.5,-0.8660254,0.13763069,42,3,4.5237284,-1.6289902559073322,10.788432729923809,4
2.8125007,6.134031,0.24019238,-0.5,0.8660254,0.23023096,42,1,3.2043304,12.200034913563053,2.8125007410914096,2
12.172789,0.28627726,0.75980765,0.5,-0.8660254,0.11121686,42,3,4.513422,-14.138867563656103,12.172788181911192,4
2.714258,8.468867,0.24019238,-0.5,0.8660254,0.1996378,42,1,3.1734567,13.6061308708485,2.714257954342046,2
13.516632,0.31082743,0.24019238,0.5,0.8660254,0.36727464,42,1,3.0068598,11.690005730206355,13.51663245259432,0
9.673785,3.8092098,0.24019238,-0.5,0.8660254,0.38830832,42,1,3.0901155,12.240173286524776,9.673785534850811,1
7.9181986,1.9542174,0.24019238,-0.5,0.8660254,0.46383402,42,1,3.0611336,10.126260443393841,7.393450177030675,0
10.517561,0.3104662,0.75980765,0.5,-0.8660254,0.21097122,42,3,4.5450134,-11.498209579147733,10.517561136575011,4
9.691614,0.45814338,0.75980765,0.5,-0.8660254,0.40164754,42,3,4.56623,-5.801414689451637,9.69161391615957,4
6.4586234,0.24140388,0.24019238,0.5,0.8660254,0.10830639,42,1,2.9870353,13.6918381272942,6.45862334011268,0
10.201404,0.57712865,0.75980765,0.5,-0.8660254,0.22872543,42,3,4.555944,-12.623504302618574,10.201403945563042,4
2.4399023,5.0848846,0.24019238,-0.5,0.8660254,0.30151796,42,1,3.299502,13.579868489463168,2.43990221274798,3
5.162118,0.0,0.24019238,0.5,0.8660254,0.37077937,42,1,3.1855285,14.471223400400492,5.162117764721174,2
8.844538,0.09654518,0.65,0.8660254,-0.5,0.23029275,42,3,4.1592984,8.933666074683458,8.844537727641615,4
5.250296,0.061409414,0.24019238,0.5,0.8660254,0.104511596,42,1,3.0097198,15.44602073296388,5.250295955729137,0
7.1537423,0.3093532,0.5,1.0,6.123234e-17,0.22195594,42,2,3.7473047,13.290008391340718,7.153742394973268,3
7.63062,0.13811333,0.24019238,0.5,0.8660254,0.1990719,42,1,3.008737,13.141341446046482,7.630619897254562,0
8.878564,0.45634893,0.75980765,0.5,-0.8660254,0.22086947,42,3,4.5406075,2.488397731183829,8.878564019777338,4
3.9615874,10.955852,0.35,-0.8660254,0.5,0.27293903,42,1,3.3668416,14.26657112555654,3.9615873163189335,3
7.962259,0.939995,0.24019238,-0.5,0.8660254,0.20414922,42,1,3.0523586,14.871282387307598,7.962258815765381,0
11.170151,0.6148613,0.75980765,0.5,-0.8660254,0.22132002,42,3,4.502011,-6.787767796161599,11.170150464639574,4
7.9550047,0.9274146,0.24019238,-0.5,0.8660254,0.20674402,42,1,3.050181,13.254193449467682,7.955004887051052,0
6.7146707,0.2058783,0.65,0.8660254,-0.5,0.2883042,42,3,4.1062646,4.558734461552579,6.714670853181404,3
8.846406,0.07647745,0.65,0.8660254,-0.5,0.2921029,42,3,4.1350846,1.3297720484875306,8.846405968098123,4
12.280947,6.0949993,0.65,-0.8660254,-0.5,0.41883054,42,3,3.809592,-5.243315270453419,12.280946842767952,3
3.947962,4.957126,0.24019238,-0.5,0.8660254,0.40175375,42,1,3.3165057,10.550044380597802,3.947962051118107,3
4.82476,0.35478148,0.2,-2.4492937e-16,1.0,0.4335711,42,1,3.184003,11.74071201956172,4.824759733370295,2
8.14068,0.8299249,0.75980765,0.5,-0.8660254,0.14248733,42,3,4.5009656,1.2996007117544406,8.140680421882559,4
8.834505,0.23655944,0.65,0.8660254,-0.5,0.23512477,42,3,4.1477103,-0.4828834873246022,8.834505067396444,4
9.493989,0.64042956,0.75980765,0.5,-0.8660254,0.11608185,42,3,4.5816154,-9.169093565881617,9.49398853006229,4
3.2886012,0.2932559,0.24019238,0.5,0.8660254,0.4287777,42,1,3.269535,11.32250385690705,3.288601256604053,2
4.918865,4.672638,0.24019238,-0.5,0.8660254,0.24141598,42,1,3.128749,9.703659176094202,4.704079825277457,1
7.639502,0.060950067,0.24019238,0.5,0.8660254,0.24504055,42,1,2.9785752,14.160880272412964,7.639502111504968,0
8.043916,7.3924193,0.65,-0.8660254,-0.5,0.4127208,42,3,3.6771238,8.456648728930652,8.043915311532864,3
4.8191876,0.27447423,0.24019238,0.5,0.8660254,0.22296275,42,1,3.067186,13.538676230230589,4.819187722517318,0
10.931347,0.051160023,0.75980765,0.5,-0.8660254,0.23418748,42,3,4.5207934,-10.71512259015805,10.931346865716842,4
5.2165565,6.4098315,0.35,-0.8660254,0.5,0.47999805,42,1,3.3555756,15.234650885788579,5.216556677985094,3
10.342384,0.8023036,0.75980765,0.5,-0.8660254,0.30440187,42,3,4.554515,-0.39503063859784726,10.342384608304972,4
9.041122,5.468136,0.65,-0.8660254,-0.5,0.13347782,42,3,3.6242156,7.192690908824486,9.041122114110587,3
3.0267766,4.0478044,0.24019238,-0.5,0.8660254,0.31942007,42,1,3.284207,14.021586372776701,3.026776542080276,3
2.8219593,0.06013825,0.5,1.0,6.123234e-17,0.30122656,42,2,3.5985136,13.87483276276723,2.821959295195111,3
4.825409,0.4469613,0.2,-2.4492937e-16,1.0,0.35800964,42,1,3.1982822,14.916104876214282,4.825408810653542,2
2.7048342,7.2062607,0.24019238,-0.5,0.8660254,0.49386415,42,1,3.1731691,11.996624955905205,2.70483433032288,2
5.4634457,0.27660713,0.24019238,0.5,0.8660254,0.42021576,42,1,3.1692226,14.190587958166413,5.463445450876479,2
10.93958,0.28729653,0.24019238,0.5,0.8660254,0.43558854,42,1,2.9929857,11.366106186600572,10.93958034875314,0
8.531844,0.34406945,0.24019238,0.5,0.8660254,0.27232784,42,1,2.9324737,13.601529275399768,8.531844517169883,0
6.804168,0.0,0.24019238,0.5,0.8660254,0.46923465,42,1,3.0823786,13.408521534033708,6.804168006404643,1
15.009679,0.19848359,0.24019238,0.5,0.8660254,0.18730183,42,1,2.742134,10.204917454051712,15.00967854903904,0
8.188366,0.3663527,0.5,1.0,6.123234e-17,0.21158819,42,2,3.7210338,10.923568093300666,8.188365566975417,3
8.84239,0.28818366,0.65,0.8660254,-0.5,0.23271598,42,3,4.1536784,-5.59978078655517,8.842389791949293,4
6.0059156,0.34786773,0.24019238,0.5,0.8660254,0.424234,42,1,3.1498346,14.820248992880677,6.005915641580901,1
4.149098,5.895884,0.24019238,-0.5,0.8660254,0.19952537,42,1,3.1468105,14.67862014087546,4.149097780124508,1
6.332791,0.053077962,0.24019238,0.5,0.8660254,0.48398897,42,1,3.0923634,12.853468643185735,6.3327908492061615,1
5.1631775,3.1148224,0.24019238,-0.5,0.8660254,0.29435876,42,1,3.1770513,13.047814897861816,5.163177700431811,2
5.1558323,4.431209,0.24019238,-0.5,0.8660254,0.26428103,42,1,3.1253088,15.188247866285987,5.155832331505885,1
4.819855,0.33719125,0.2,-2.4492937e-16,1.0,0.43105358,42,1,3.1877947,10.937300332305131,4.819855085053404,2
5.631879,0.22360785,0.24019238,0.5,0.8660254,0.35318565,42,1,3.1682022,10.247259949525413,5.631879025216568,2
2.0790014,5.769751,0.24019238,-0.5,0.8660254,0.4051317,42,1,3.3973317,13.389678740728364,2.07900136109714,3
7.005601,0.26945916,0.24019238,0.5,0.8660254,0.41249552,42,1,3.1305707,9.518577469957261,7.005601116952971,1
9.075383,0.4116895,0.75980765,0.5,-0.8660254,0.4073649,42,3,4.572412,-12.238149735959219,9.0753834480759,4
4.568234,0.72269887,0.2,-2.4492937e-16,1.0,0.4294089,42,1,3.19427,10.914442654885455,4.568234191530241,2
6.204605,5.5604115,0.75980765,-0.5,-0.8660254,0.48116285,42,3,4.359139,9.90184537209332,6.204605019588583,4
5.43688,2.5442722,0.24019238,-0.5,0.8660254,0.20733465,42,1,3.1216424,14.673324364900395,5.436880187481267,1
9.075437,0.256014,0.5,1.0,6.123234e-17,0.47793892,42,2,3.8635638,10.144183053426971,9.075436659679749,3
5.29133,0.12999345,0.24019238,0.5,0.8660254,0.29636654,42,1,3.1031065,14.26087252101782,5.291330011336534,1
3.7804916,3.5260956,0.24019238,-0.5,0.8660254,0.36236215,42,1,3.3207774,13.732460698986197,3.780491584648601,3
11.497747,13.058533,0.65,-0.8660254,-0.5,0.41153285,42,3,3.8300521,-6.074377858698012,11.49774776398987,3
6.236924,3.0762064,0.75980765,-0.5,-0.8660254,0.11948023,42,3,4.4316936,9.591753979636575,6.236924346630329,4
4.828012,0.21619637,0.2,-2.4492937e-16,1.0,0.40743744,42,1,3.2159314,11.542662540350408,4.8280118518803175,2
4.587834,3.7794402,0.24019238,-0.5,0.8660254,0.14398336,42,1,3.1141407,12.065365171624482,4.587833926387966,1
7.440269,0.5115556,0.75980765,0.5,-0.8660254,0.19417042,42,3,4.4641914,5.726775835447359,7.440268797996321,4
4.1535883,5.032255,0.24019238,-0.5,0.8660254,0.43369827,42,1,3.262323,10.165670528062254,4.153588412758845,2
7.955624,0.0,0.24019238,-0.5,0.8660254,0.32668895,42,1,3.1406384,12.05069432629437,7.95562422563456,1
7.9578276,0.0,0.24019238,-0.5,0.8660254,0.4155679,42,1,3.1579685,13.6858672927136,7.957827605910031,2
10.269227,0.6158266,0.75980765,0.5,-0.8660254,0.4681382,42,3,4.5778275,-4.793009908416874,10.26922666896156,4
5.2472982,0.32462013,0.24019238,0.5,0.8660254,0.19814743,42,1,3.0698495,12.124604277762593,5.247298408866113,0
4.5896473,0.2721192,0.24019238,0.5,0.8660254,0.14964955,42,1,3.1228704,14.959530122057938,4.589647070081152,1
10.249913,0.04566219,0.24019238,0.5,0.8660254,0.32884407,42,1,3.032478,11.518810515996428,10.24991350099905,0
10.101243,0.073433496,0.75980765,0.5,-0.8660254,0.24847834,42,3,4.556832,-7.046710932164063,10.101243051782044,4
2.1998355,5.8937755,0.24019238,-0.5,0.8660254,0.30841458,42,1,3.2995043,15.798118370670775,2.1998355204629783,3
4.2276335,2.2863278,0.24019238,0.5,0.8660254,0.35522306,42,1,3.2124648,10.113234680445196,4.227633266568949,2
7.905635,2.5845888,0.24019238,-0.5,0.8660254,0.21606116,42,1,3.0206342,13.60603874585398,7.905634922068839,0
7.9589467,1.5220124,0.24019238,-0.5,0.8660254,0.34233952,42,1,3.1456099,13.013831839152084,7.958946791554654,1
7.9605856,1.2422825,0.24019238,-0.5,0.8660254,0.44126713,42,1,3.1102445,13.163369674565743,7.960585813686777,1
3.7475457,0.0,0.5,1.0,6.123234e-17,0.44063357,42,2,3.640346,15.763517309845911,3.747545672280679,3
12.089631,0.66688937,0.75980765,0.5,-0.8660254,0.40531275,42,3,4.4872384,-27.96851739896571,12.089631393875845,4
7.46575,3.4491208,0.24019238,-0.5,0.8660254,0.32031274,42,1,3.1336977,12.276635816985134,7.465750257508963,1
7.8956084,1.314984,0.24019238,-0.5,0.8660254,0.23346418,42,1,3.0106277,13.47558346459663,7.895608547550034,0
4.174441,0.6640027,0.2,-2.4492937e-16,1.0,0.3893126,42,1,3.2378645,9.458079602819826,4.1395631929713606,2
1.8226815,7.2495484,0.24019238,-0.5,0.8660254,0.44370523,42,1,3.3250418,11.799115428946688,1.822681544926892,3
6.3986754,0.13903503,0.75980765,0.5,-0.8660254,0.10954309,42,3,4.4774737,-0.4420344615186038,6.39867559333075,4
5.4783587,5.936869,0.35,-0.8660254,0.5,0.13585673,42,4,3.3118584,14.418005098228834,5.478358757345806,3
7.2375555,0.14734615,0.24019238,0.5,0.8660254,0.47577062,42,1,3.0452857,10.364445222273288,7.237555652064287,0
8.8447275,0.0,0.65,0.8660254,-0.5,0.2519378,42,3,4.1108403,11.722665015279706,8.844727514849662,3
4.1719623,5.0627503,0.24019238,-0.5,0.8660254,0.3646804,42,1,3.298078,13.157667688272545,4.171962456222737,3
5.4207335,7.1468525,0.35,-0.8660254,0.5,0.41736418,42,1,3.4017348,14.003888403749247,5.420733671685588,3
5.5343256,6.928639,0.35,-0.8660254,0.5,0.3763919,42,1,3.3194532,14.34577219891445,5.534325634732358,3
8.821093,0.06845259,0.65,0.8660254,-0.5,0.3083577,42,3,4.1109967,-1.6848897299649792,8.821092649010456,3
5.5138946,5.809525,0.35,-0.8660254,0.5,0.30595896,42,1,3.4005046,14.478692479212361,5.513894643725846,3
6.2855663,4.0871816,0.24019238,-0.5,0.8660254,0.4889125,42,1,3.0369165,13.702479649091606,6.285566538428798,0
10.454015,0.0018112563,0.75980765,0.5,-0.8660254,0.15428989,42,3,4.5232067,-6.896419933134014,10.454014841339744,4
9.477029,0.3280801,0.75980765,0.5,-0.8660254,0.40110135,42,3,4.5714574,-0.14461476527624484,9.477028959738089,4
9.964548,0.0,0.24019238,0.5,0.8660254,0.16886985,42,1,2.935032,11.263662838883262,9.964548042275286,0
8.885696,0.26057494,0.65,0.8660254,-0.5,0.30539167,42,3,4.115571,7.611685984755628,8.885696022609107,3
5.356354,4.4995985,0.24019238,-0.5,0.8660254,0.27462018,42,1,3.1258936,13.544626882818285,5.356354212986043,1
9.402153,0.40149936,0.65,0.8660254,-0.5,0.44639352,42,3,3.969706,-19.03726325338077,9.4021527798432,3
16.63539,0.17440027,0.24019238,0.5,0.8660254,0.35325217,42,1,2.756454,2.9120683599522654,16.635389147961938,0
7.9621973,1.3823714,0.24019238,-0.5,0.8660254,0.31179717,42,1,3.099016,9.835801489648608,7.962197098160633,1
4.273654,0.21857537,0.24019238,0.5,0.8660254,0.15689531,42,1,3.1382935,11.906867808261858,4.273654054154082,1
4.2080326,0.15165512,0.24019238,0.5,0.8660254,0.25908554,42,1,3.1034222,15.599834512159887,4.208032484981633,1
12.054232,0.2537513,0.75980765,0.5,-0.8660254,0.30033383,42,3,4.454021,-3.089486044216561,12.054232049318337,4
3.9316,0.16563833,0.24019238,0.5,0.8660254,0.17102921,42,1,3.1332712,13.189227150233231,3.93160004243226,1
7.47743,0.097141065,0.5,1.0,6.123234e-17,0.34293708,42,2,3.8283997,14.75847323770004,7.477429932470384,3
3.9402256,2.9837277,0.24019238,-0.5,0.8660254,0.18201178,42,1,3.165503,12.731092743994072,3.940225659020691,2
9.582453,0.1410678,0.24019238,0.5,0.8660254,0.2691636,42,1,2.8856447,11.863400723617001,9.582452953312412,0
9.19408,0.1093297,0.75980765,0.5,-0.8660254,0.26779607,42,3,4.5785637,-18.874078192634332,9.194080629394447,4
3.7794065,0.7048033,0.2,-2.4492937e-16,1.0,0.16939634,42,1,2.818931,13.302495105861736,3.7794064906026295,0
4.078385,3.9671717,0.24019238,-0.5,0.8660254,0.47145414,42,1,3.1862187,14.95634758863699,4.078384797022081,2
4.969632,0.21205628,0.24019238,0.5,0.8660254,0.42222875,42,1,3.1889606,11.056959964498812,4.969632021613423,2
6.507865,0.102220684,0.24019238,0.5,0.8660254,0.335324,42,1,3.136776,14.459145669408985,6.507864885467703,1
9.241982,0.22914605,0.75980765,0.5,-0.8660254,0.4760533,42,3,4.5913024,-1.360733130273644,9.24198230252259,4
11.050597,0.14595746,0.75980765,0.5,-0.8660254,0.28397906,42,3,4.530029,-24.351959665458995,11.050597383194232,4
6.328043,0.36343506,0.5,1.0,6.123234e-17,0.35317007,42,2,3.8231938,14.209056472176751,6.328043076177586,3
7.5457087,0.2561634,0.24019238,0.5,0.8660254,0.35912263,42,1,3.1345873,13.692690500242117,7.545708656903421,1
2.8334014,6.5270176,0.24019238,-0.5,0.8660254,0.37465253,42,1,3.365631,12.486217861931918,2.8334015284296616,3
6.0585704,0.05979638,0.24019238,0.5,0.8660254,0.15908612,42,1,3.0842705,14.027422588286315,6.058570556457573,1
7.9603934,1.1098894,0.24019238,-0.5,0.8660254,0.47907197,42,1,3.0257323,12.503395288185173,7.960393404442646,0
6.3271747,0.20785856,0.24019238,0.5,0.8660254,0.16747479,42,1,3.077191,14.046791258248449,6.327174524747728,1
7.798492,0.25246754,0.24019238,0.5,0.8660254,0.27008945,42,1,2.967596,13.296734774314135,7.798491856716604,0
2.1646051,5.389822,0.24019238,-0.5,0.8660254,0.33961028,42,1,3.3495107,16.904375765196956,2.1646051894513905,3
4.661775,0.13674529,0.24019238,0.5,0.8660254,0.25141728,42,1,3.0832305,11.509843854003883,4.661775026686372,1
8.558732,0.23145686,0.5,1.0,6.123234e-17,0.15731093,42,2,3.7870426,13.670496726406274,8.558732163090497,3
5.4786935,0.0,0.35,-0.8660254,0.5,0.4772827,42,1,3.3662004,13.415037620583659,5.478693340298354,3
6.2071266,4.057378,0.75980765,-0.5,-0.8660254,0.44508463,42,3,4.3847194,10.58727220547612,6.207126452046523,4
6.614882,0.21032722,0.24019238,0.5,0.8660254,0.23556273,42,1,3.0162382,14.236121926145069,6.614882021483533,0
5.1663437,0.28372607,0.24019238,0.5,0.8660254,0.17727715,42,1,3.1127906,15.52488251868515,5.166343917977383,1
9.369985,0.0,0.75980765,0.5,-0.8660254,0.43923756,42,3,4.5644965,-15.395133656282898,9.369985033832696,4
6.0033,6.599756,0.35,-0.8660254,0.5,0.39043152,42,1,3.3108256,12.12771790679871,6.003300277499995,3
3.3476045,5.424778,0.24019238,-0.5,0.8660254,0.15848748,42,1,3.1509228,16.36374621507495,3.347604459049554,1
6.3986754,0.13903503,0.75980765,0.5,-0.8660254,0.286965,42,3,4.4108453,3.018390619519502,6.39867559333075,4
7.957575,1.5110531,0.24019238,-0.5,0.8660254,0.13007286,42,1,3.0425825,14.092496306806057,7.957574787254181,0
9.727627,0.0837887,0.5,1.0,6.123234e-17,0.32391578,42,2,3.7636964,11.299454780921376,9.72762641474635,3
10.964653,0.5497372,0.75980765,0.5,-0.8660254,0.49638477,42,3,4.5957127,-7.485766791616248,10.964652973520009,4
8.058952,1.7883142,0.24019238,-0.5,0.8660254,0.3816314,42,1,3.1625123,13.855760252626304,8.058952475260854,2
6.1982465,4.1938367,0.75980765,-0.5,-0.8660254,0.20602746,42,3,4.394136,5.387584477786053,6.198246316453794,4
5.6044307,2.6399643,0.24019238,-0.5,0.8660254,0.4018741,42,1,3.2621784,13.556334415259547,5.604430835724432,2
12.505822,0.545754,0.75980765,0.5,-0.8660254,0.47806835,42,3,4.475435,-13.788925460788615,12.505822348264484,4
5.5344405,0.0455303,0.24019238,0.5,0.8660254,0.11775568,42,1,3.038331,15.242957684651754,5.534440283562717,0
9.5394335,0.8796739,0.75980765,0.5,-0.8660254,0.16097578,42,3,4.52146,-11.00759640966702,9.539433870522249,4
4.684589,3.3996928,0.24019238,-0.5,0.8660254,0.139843,42,1,3.111829,11.075069886095095,4.684588689573332,1
4.686112,0.0070408303,0.24019238,0.5,0.8660254,0.1375883,42,1,3.0982845,13.241474466963734,4.686111886869192,1
8.854701,0.20235316,0.65,0.8660254,-0.5,0.18238927,42,3,4.17903,-5.774993893865762,8.854701207531301,4
7.9451504,1.1648308,0.24019238,-0.5,0.8660254,0.1248402,42,1,3.034316,11.751055969090665,7.945150412996284,0
4.314231,7.0916214,0.24019238,-0.5,0.8660254,0.19187132,42,1,3.1314657,10.096537599517488,3.291055571682425,1
8.381765,0.70404077,0.75980765,0.5,-0.8660254,0.29951116,42,3,4.5988336,0.4664859749892951,8.381765575581637,4
4.7756934,0.0,0.24019238,-0.5,0.8660254,0.16842353,42,1,3.155507,10.936743502735288,4.775693426201683,2
4.3786054,0.11663998,0.24019238,0.5,0.8660254,0.12510347,42,1,3.0756037,13.267682422273413,4.37860525141165,1
6.6310716,0.0010931067,0.24019238,0.5,0.8660254,0.32610187,42,1,3.1166952,13.63374611113365,6.631071332908928,1
4.846666,0.0,0.24019238,-0.5,0.8660254,0.22046705,42,1,3.165873,15.23879482330425,4.846665940185043,2
9.769276,0.2652836,0.65,0.8660254,-0.5,0.43753707,42,3,3.964156,10.846417921702233,9.769275997361351,3
7.86016,0.06794626,0.24019238,0.5,0.8660254,0.20113681,42,1,2.9971895,13.547555739680375,7.860159913830454,0
11.589058,0.07783232,0.75980765,0.5,-0.8660254,0.39881387,42,3,4.5233526,-12.639869914847946,11.589057547312024,4
9.063188,0.31960714,0.75980765,0.5,-0.8660254,0.2588594,42,3,4.5611844,-9.730452130735404,9.063187253594242,4
2.960268,0.024476066,0.24019238,0.5,0.8660254,0.2948127,42,1,3.176516,12.99712180728528,2.9602679981555555,2
5.8729253,0.16253525,0.24019238,0.5,0.8660254,0.2822395,42,1,3.0500371,11.426536934663723,5.872925185165997,0
2.0457325,6.393421,0.24019238,-0.5,0.8660254,0.4769928,42,1,3.2341175,13.497493927858974,2.045732562264749,2
5.269316,0.12355,0.24019238,0.5,0.8660254,0.14535719,42,1,3.0969172,13.364691458536576,5.269316130931775,1
4.1137743,4.037988,0.24019238,-0.5,0.8660254,0.14644271,42,1,3.1263807,13.40189197789056,4.113774081308764,1
7.95486,1.3070539,0.24019238,-0.5,0.8660254,0.13339558,42,1,3.0479164,13.940055048879033,7.954860004227815,0
12.23094,0.13904078,0.75980765,0.5,-0.8660254,0.4703677,42,3,4.4820166,-8.270486645188699,12.230940260402644,4
6.07841,0.21815747,0.24019238,0.5,0.8660254,0.37535346,42,1,3.166176,12.501348560375716,6.078410358822312,2
3.3957763,3.937742,0.24019238,-0.5,0.8660254,0.33083135,42,1,3.2813869,12.331484973054877,3.395776283010877,2
5.8150134,0.0,0.24019238,0.5,0.8660254,0.16793707,42,1,3.0979333,9.9906202808434,5.815013340201912,1
7.9798937,1.2069818,0.24019238,-0.5,0.8660254,0.11815838,42,1,3.023395,13.494176983072444,7.97989347770095,0
4.1853743,0.0002455091,0.5,1.0,6.123234e-17,0.12933622,42,2,4.00744,14.720127881961696,4.185374227005166,3
8.0529585,0.0,0.24019238,0.5,0.8660254,0.24331848,42,1,2.960562,13.833641565875679,8.052958935479317,0
5.3099675,0.25025412,0.24019238,0.5,0.8660254,0.25061405,42,1,3.0581799,12.436110509487966,5.309967469402221,0
9.943061,0.2730477,0.75980765,0.5,-0.8660254,0.21292576,42,3,4.560754,-2.9499739439019765,9.94306074943276,4
7.602972,0.29845554,0.24019238,0.5,0.8660254,0.42973295,42,1,3.0892568,12.87078175459258,7.602971844758447,1
4.726573,0.0,0.24019238,-0.5,0.8660254,0.2785511,42,1,3.200903,13.155153972361411,4.726573142092943,2
7.9573603,1.61943,0.24019238,-0.5,0.8660254,0.31811833,42,1,3.1229796,12.091422726830018,7.957360257471694,1
8.847759,0.27857777,0.65,0.8660254,-0.5,0.3552057,42,3,4.075291,-13.941629983491175,8.847759100543467,3
4.1957736,0.24670887,0.24019238,0.5,0.8660254,0.15867428,42,1,3.1381502,13.051196616591842,4.195773386909233,1
10.51348,0.7260859,0.75980765,0.5,-0.8660254,0.1129891,42,3,4.6086984,-24.66219820340865,10.51347986962494,4
6.648956,0.26917192,0.24019238,0.5,0.8660254,0.43321568,42,1,3.118794,11.768334331533433,6.648955905187715,1
7.9571953,1.10476,0.24019238,-0.5,0.8660254,0.34320933,42,1,3.1476173,13.980401170948445,7.957195298836255,1
4.416962,4.5402985,0.24019238,-0.5,0.8660254,0.33523497,42,1,3.2458363,11.660039657107715,4.41696215025256,2
9.086264,0.3577342,0.65,0.8660254,-0.5,0.21877809,42,3,4.185736,2.1901879675595297,9.08626355770495,4
3.1147342,5.2726226,0.24019238,-0.5,0.8660254,0.17237715,42,1,3.1579232,12.561180155612227,3.114734089904185,2
19.63923,0.27449015,0.24019238,0.5,0.8660254,0.4170006,42,1,2.0268147,-0.7348867609202965,19.63923081241553,0
5.0094576,4.1828327,0.24019238,-0.5,0.8660254,0.44300693,42,1,3.2096958,11.736996198213596,5.009457822121351,2
8.849201,0.25202858,0.65,0.8660254,-0.5,0.13284971,42,3,4.2556753,9.371445834601625,8.849201156464082,4
5.336989,1.8880249,0.24019238,-0.5,0.8660254,0.23091964,42,1,3.137341,12.515238956405915,5.33698879564463,1
10.203064,0.026692852,0.5,1.0,6.123234e-17,0.1816637,42,2,3.630144,6.795094920729011,10.203064161150545,3
7.5194926,0.00074528466,0.5,1.0,6.123234e-17,0.23105597,42,2,3.736057,13.87041902598754,7.5194926164944835,3
3.4052474,0.19915234,0.24019238,0.5,0.8660254,0.420799,42,1,3.2621584,10.267527812843488,3.4052474635195438,2
4.825684,0.12376488,0.2,-2.4492937e-16,1.0,0.3601927,42,1,3.2036219,12.397566251134847,4.8256840856555545,2
4.137979,5.530056,0.24019238,-0.5,0.8660254,0.4654621,42,1,3.1911974,13.972882243743971,4.13797902229848,2
7.9589467,1.5220124,0.24019238,-0.5,0.8660254,0.41133133,42,1,3.1590874,13.3153926756905,7.958946791554654,2
4.1867795,0.84058523,0.2,-2.4492937e-16,1.0,0.46149182,42,1,3.1608758,11.246713627901224,4.186779292828772,2
4.827904,1.0424848,0.2,-2.4492937e-16,1.0,0.4515072,42,1,3.1582317,10.529271833381822,4.827904339671425,2
4.872217,1.5003576,0.2,-2.4492937e-16,1.0,0.4110067,42,1,3.2077315,14.533094484669961,4.872217133342176,2
7.962766,1.8551964,0.24019238,-0.5,0.8660254,0.31666824,42,1,3.1160283,13.17045303879401,7.962766332596513,1
4.8288536,0.7272928,0.2,-2.4492937e-16,1.0,0.10143664,42,1,2.7451422,13.787396076286766,4.828853511507995,0
7.500388,0.0,0.24019238,0.5,0.8660254,0.15506436,42,1,3.0284863,9.551756350560044,7.500388185213912,0
5.027995,0.450354,0.5,1.0,6.123234e-17,0.22147961,42,2,3.7437835,14.442557730498155,5.027995185715528,3
9.287916,0.17202878,0.75980765,0.5,-0.8660254,0.14889374,42,3,4.5154653,-2.391139011808359,9.28791614787537,4
3.2953038,7.302815,0.24019238,-0.5,0.8660254,0.39599007,42,1,3.345312,15.27453788857673,3.295303799941318,3
5.1830344,3.0031154,0.24019238,-0.5,0.8660254,0.12325402,42,1,3.068737,14.74826382767334,5.183034414951009,0
7.544013,0.17573093,0.5,1.0,6.123234e-17,0.3229432,42,2,3.767113,13.3607342447356,7.544013084233939,3
4.80724,0.98703456,0.2,-2.4492937e-16,1.0,0.18337348,42,1,2.8568478,15.004709255962005,4.807239994311312,0
8.852133,0.30234262,0.65,0.8660254,-0.5,0.11377956,42,3,4.3113856,7.263431270751114,8.852132711285366,4
8.729823,0.26010135,0.24019238,0.5,0.8660254,0.20879275,42,1,2.9444697,12.363726044337932,8.72982274289819,0
8.735059,0.7347663,0.75980765,0.5,-0.8660254,0.25029477,42,3,4.537341,-1.6638793777549385,8.735058719807872,4
3.4962862,5.174872,0.24019238,-0.5,0.8660254,0.2160222,42,1,3.1794777,10.670666660088633,3.4962862620411177,2
9.828136,0.2732009,0.75980765,0.5,-0.8660254,0.44210437,42,3,4.5663686,0.3223401486400488,9.828136152703475,4
4.8039994,0.15544097,0.2,-2.4492937e-16,1.0,0.16041107,42,1,2.8503995,13.60769036603313,4.803999386733543,0
6.023258,0.12332722,0.24019238,0.5,0.8660254,0.14924622,42,1,3.07336,12.767598278335067,6.023258135837849,1
5.1067195,6.1762185,0.24019238,-0.5,0.8660254,0.2694357,42,1,3.1189337,15.57931708741406,5.1067196120035385,1
9.219927,0.21660584,0.65,0.8660254,-0.5,0.45619723,42,3,3.9750707,10.662983043241386,9.219927173507704,3
9.283681,0.087561876,0.24019238,0.5,0.8660254,0.28003892,42,1,2.914428,9.90893461507491,9.28368111670951,0
6.3288875,0.20437856,0.24019238,0.5,0.8660254,0.17297497,42,1,3.079518,11.879400109203308,6.328887388508599,1
8.364353,0.2735206,0.75980765,0.5,-0.8660254,0.23669687,42,3,4.510756,0.7263465285927517,8.364352830698339,4
9.198582,6.252088,0.65,-0.8660254,-0.5,0.19535305,42,3,3.5103922,9.240020059040962,9.198581804377492,3
4.9893117,6.7832847,0.65,-0.8660254,-0.5,0.26846713,42,3,3.7274764,15.40731149281877,4.989311683519066,3
7.0336003,0.111081935,0.24019238,0.5,0.8660254,0.29521194,42,1,3.0360203,13.039674313569952,7.033600406192728,0
5.578934,6.3533416,0.35,-0.8660254,0.5,0.18004231,42,1,3.2748609,14.71627136144439,5.578934410374452,2
6.204333,5.0324636,0.75980765,-0.5,-0.8660254,0.3286308,42,3,4.592297,-0.32252315916340546,6.204332944876394,4
3.9932337,4.4748693,0.24019238,-0.5,0.8660254,0.4422878,42,1,3.2526376,11.824952412237947,3.9932336127101657,2
5.137903,5.260817,0.24019238,-0.5,0.8660254,0.19833672,42,1,3.119711,11.767043510909716,5.137903375115777,1
8.849413,0.23723944,0.65,0.8660254,-0.5,0.32914156,42,3,4.0744634,-1.398740132030814,8.849412827180513,3
4.028251,4.612231,0.24019238,-0.5,0.8660254,0.23265737,42,1,3.1673508,13.597944674860985,4.028251351467377,2
4.7983603,0.19653606,0.2,-2.4492937e-16,1.0,0.20137875,42,1,2.8688664,10.902551066190016,4.798360465690975,0
8.808982,0.0006199859,0.75980765,0.5,-0.8660254,0.23329699,42,3,4.544452,1.3350385615148337,8.808981531119107,4
5.3221536,2.3474324,0.24019238,-0.5,0.8660254,0.39545745,42,1,3.2835975,13.148325076001251,5.3221537123448295,2
13.975092,0.4910438,0.75980765,0.5,-0.8660254,0.30174387,42,3,4.1834383,-14.67696097359648,13.97509211990254,4
6.077291,4.207781,0.24019238,-0.5,0.8660254,0.13683593,42,1,3.081759,13.511454453870329,6.077290885882091,1
4.473999,4.166617,0.24019238,-0.5,0.8660254,0.47233737,42,1,3.1649075,15.1712219097676,4.47399916919164,2
5.8418546,0.098449655,0.24019238,0.5,0.8660254,0.13407692,42,1,3.06107,11.793990710433226,5.841854677060577,0
7.958036,1.6034192,0.24019238,-0.5,0.8660254,0.39713246,42,1,3.1736264,10.342627675493597,7.958035875574192,2
9.3265915,0.3411219,0.75980765,0.5,-0.8660254,0.22174037,42,3,4.5544543,0.8924942647740841,9.32659163341516,4
8.644953,0.10343812,0.75980765,0.5,-0.8660254,0.45705667,42,3,4.5841556,-13.51700459258906,8.644953166383159,4
3.8925548,4.3700576,0.24019238,-0.5,0.8660254,0.10564759,42,1,3.0503874,14.462822203951436,3.8925547102389175,0
9.308547,0.13083261,0.24019238,0.5,0.8660254,0.2996005,42,1,2.9801724,13.094086628870954,9.308546806939828,0
7.8555026,0.22587991,0.65,0.8660254,-0.5,0.16505769,42,3,4.182251,0.4198968215311156,7.855502368067224,4
4.8274508,0.25696135,0.2,-2.4492937e-16,1.0,0.12848534,42,1,2.8094678,12.620910464563357,4.827450836503486,0
7.255177,0.352681,0.5,1.0,6.123234e-17,0.42793152,42,2,3.9376738,12.647385686346272,7.255176962242308,3
13.773108,0.07290227,0.75980765,0.5,-0.8660254,0.3178309,42,3,4.2649264,-19.757590356996054,13.773107784034533,4
5.6983223,3.3398657,0.24019238,-0.5,0.8660254,0.10868784,42,1,3.0383034,13.545422549538728,5.698322348357223,0
10.553668,0.0,0.75980765,0.5,-0.8660254,0.40284422,42,3,4.5447764,-11.76378661501969,10.553667812947872,4
6.419465,0.9438084,0.75980765,0.5,-0.8660254,0.18609875,42,3,4.4042687,10.486468929953597,6.4194651474469655,4
7.86602,0.24750368,0.24019238,0.5,0.8660254,0.22401366,42,1,2.9762137,13.847979628953286,7.866020251987802,0
7.959325,0.93037343,0.24019238,-0.5,0.8660254,0.36774027,42,1,3.1634111,13.673790239703699,7.959324750288726,2
6.740965,3.5237722,0.24019238,-0.5,0.8660254,0.17080872,42,1,3.0875583,13.719953797893844,6.740964822874594,1
11.029442,0.08477115,0.75980765,0.5,-0.8660254,0.1738191,42,3,4.4695225,-5.606438687028568,11.02944142264179,4
9.769276,0.2652836,0.65,0.8660254,-0.5,0.19032496,42,3,4.1799035,6.710035556514923,9.769275997361351,4
7.912599,0.7431174,0.24019238,-0.5,0.8660254,0.46982327,42,1,3.05685,9.511266257969254,7.912599168916449,0
4.2219257,4.600455,0.24019238,-0.5,0.8660254,0.23314111,42,1,3.1610365,13.592117982439042,4.221925707915712,2
4.875537,0.6665364,0.2,-2.4492937e-16,1.0,0.49460226,42,1,3.0733807,9.528287134120907,3.821740943182308,1
8.98216,0.17706479,0.65,0.8660254,-0.5,0.24142407,42,3,4.1323624,11.389812675196154,8.982159645183902,4
7.883842,0.0,0.5,1.0,6.123234e-17,0.1331512,42,2,3.8866467,6.970808654110001,7.883842039115962,3
7.712451,0.9933426,0.24019238,-0.5,0.8660254,0.31045634,42,1,3.1071434,14.55973646109044,7.712450952501272,1
4.451955,0.10813319,0.24019238,0.5,0.8660254,0.39003146,42,1,3.2147915,11.677831469532096,4.451954639388547,2
9.146212,2.515439,0.24019238,-0.5,0.8660254,0.43107447,42,1,3.0787401,13.14071344814228,9.146211846711878,1
3.8169343,5.466625,0.24019238,-0.5,0.8660254,0.18521725,42,1,3.153995,14.237732305680709,3.8169342882638,2
9.058949,0.6264321,0.75980765,0.5,-0.8660254,0.232721,42,3,4.5549393,8.425489695579133,9.058949386103771,4
7.935988,1.6380659,0.24019238,-0.5,0.8660254,0.46173733,42,1,3.067246,12.674863915440131,7.935988087466763,0
7.917647,1.7792023,0.24019238,-0.5,0.8660254,0.29408076,42,1,3.04951,10.1345013897627,7.917646979552287,0
10.31561,0.13582699,0.75980765,0.5,-0.8660254,0.2805264,42,3,4.546616,0.12700137835761227,10.315609804538903,4
8.90858,0.782249,0.75980765,0.5,-0.8660254,0.35833922,42,3,4.6315293,-18.276975911088705,8.90857947419222,4
5.583271,7.0579076,0.35,-0.8660254,0.5,0.38750947,42,1,3.3162146,15.060400361976793,5.583270980969666,3
4.7063046,0.16318752,0.5,1.0,6.123234e-17,0.42252547,42,2,3.8061335,15.196195552497825,4.706304484002755,3
6.440423,0.2185058,0.24019238,0.5,0.8660254,0.4513229,42,1,3.115519,15.386820246355768,6.4404228635362575,1
8.544005,0.24093015,0.24019238,0.5,0.8660254,0.15440439,42,1,2.9877458,12.927246502377029,8.544005835853563,0
3.8263524,4.8080726,0.24019238,-0.5,0.8660254,0.2840798,42,1,3.2225022,14.439214578568107,3.8263524139702594,2
5.6995907,0.077741794,0.24019238,0.5,0.8660254,0.23237655,42,1,3.042543,11.757139111927794,5.69959048841763,0
3.8471365,7.5163403,0.24019238,-0.5,0.8660254,0.31837046,123,1,3.1270525,14.461283943755905,3.8471364933678056,2
4.850601,0.41413537,0.2,-2.4492937e-16,1.0,0.23991652,123,1,2.7741652,9.799247300220413,4.850601421121191,0
10.117999,4.8611574,0.65,-0.8660254,-0.5,0.1434944,123,3,3.975702,4.3992547225956,10.11799876362406,4
5.5609703,6.559301,0.35,-0.8660254,0.5,0.4928355,123,1,3.1499457,13.775055847313691,5.560970294229567,3
4.2107124,2.5386384,0.24019238,-0.5,0.8660254,0.47134548,123,1,3.0695739,16.55824847916597,4.210712354467883,2
3.9474247,3.653279,0.24019238,-0.5,0.8660254,0.3627723,123,1,3.180177,15.735086296827184,3.947424652346347,3
9.751778,0.26398656,0.75980765,0.5,-0.8660254,0.35757706,123,3,4.4031644,-9.048460798534997,9.751777383494204,4
7.970688,1.9649166,0.24019238,-0.5,0.8660254,0.12257133,123,1,2.888214,13.81026544349636,7.970687862962063,0
6.8573837,0.13185938,0.24019238,0.5,0.8660254,0.37127894,123,1,3.076006,11.696557052762907,6.857383609003823,2
5.611104,0.010574277,0.24019238,0.5,0.8660254,0.47700042,123,1,3.0476258,15.106518602866153,5.611104131505376,2
7.6629405,2.852108,0.24019238,-0.5,0.8660254,0.37692884,123,1,3.0562365,12.876194271040456,7.662940619335084,2
7.9605227,1.7362214,0.24019238,-0.5,0.8660254,0.43517274,123,1,3.0175838,14.18071956151064,7.960522864616952,2
5.207101,3.5326111,0.24019238,-0.5,0.8660254,0.31452027,123,1,3.0490973,14.799664852883511,5.207100641144571,2
3.5099921,5.648323,0.24019238,-0.5,0.8660254,0.20457417,123,1,3.0006194,10.884745927132766,3.5099921593949404,1
4.6194196,0.39355186,0.24019238,0.5,0.8660254,0.34157586,123,1,3.0468826,14.739659857007625,4.619419467990751,2
11.870656,0.46643582,0.75980765,0.5,-0.8660254,0.13011083,123,3,4.194961,-14.90529292969548,11.870656115104138,4
4.855304,0.18773498,0.24019238,0.5,0.8660254,0.24811134,123,1,2.8893151,12.497553572474791,4.855303638784064,0
4.4348183,2.3501036,0.24019238,-0.5,0.8660254,0.36104444,123,1,3.1696615,10.017157237714393,4.434818154004557,3
9.590192,0.00760291,0.5,1.0,6.123234e-17,0.36863515,123,2,3.7919414,13.84538220608758,9.590192003129786,3
7.9142146,0.44464025,0.24019238,0.5,0.8660254,0.18459004,123,1,2.815299,13.260680215045472,7.914214532399597,0
5.825987,0.21886241,0.24019238,0.5,0.8660254,0.49586847,123,1,3.0000432,14.395357777614818,5.825986687786229,1
10.2989435,0.45457137,0.75980765,0.5,-0.8660254,0.17647524,123,3,4.40567,-6.196890910905725,10.298943181675623,4
6.9085755,0.12410454,0.24019238,0.5,0.8660254,0.1961602,123,1,2.8015819,10.973841720876644,6.908575584652093,0
5.4290867,7.7309375,0.35,-0.8660254,0.5,0.4657446,123,1,3.1816022,13.527857752498605,5.42908661392149,3
6.87902,0.33501682,0.5,1.0,6.123234e-17,0.3316932,123,2,3.6929412,14.052417289659758,6.879020126557913,3
4.5859237,0.3110524,0.24019238,0.5,0.8660254,0.29319087,123,1,2.9515803,10.776023548113857,4.58592360258876,1
9.157073,0.00414551,0.75980765,0.5,-0.8660254,0.14814335,123,3,4.410608,-4.205260679086178,9.157073061305487,4
8.870268,0.14828601,0.24019238,0.5,0.8660254,0.26225913,123,1,2.808134,9.648544829533366,8.870267665239025,0
9.511399,0.03899328,0.75980765,0.5,-0.8660254,0.14520273,123,3,4.390768,-24.256448215909515,9.511399119898432,4
4.6532354,4.1960783,0.24019238,-0.5,0.8660254,0.43701038,123,1,3.0937152,11.104779718863387,4.6532355398099385,2
4.990728,0.2637782,0.24019238,0.5,0.8660254,0.31222793,123,1,2.9765446,12.735254604462156,4.990727670267921,1
5.5077224,6.4551086,0.35,-0.8660254,0.5,0.30913642,123,1,3.182582,13.72415020175438,5.507722591483128,3
5.5147943,5.6889553,0.35,-0.8660254,0.5,0.18059552,123,1,3.038355,15.1170805664531,5.514794148639203,2
1.9927073,7.717093,0.24019238,-0.5,0.8660254,0.22373164,123,1,3.03976,10.538128632115988,1.9927072455010888,2
10.333478,0.25810012,0.75980765,0.5,-0.8660254,0.43242136,123,3,4.3307505,3.1280420583215314,10.333477545036413,4
9.872105,0.22412615,0.24019238,0.5,0.8660254,0.4080306,123,1,3.0440865,13.626112448215238,9.872104982299517,2
4.582292,3.1111908,0.24019238,-0.5,0.8660254,0.20467626,123,1,2.9853306,13.527563316888491,4.582292282312187,1
6.378763,0.16711664,0.24019238,0.5,0.8660254,0.4781477,123,1,3.0362802,13.503139207226525,6.378763160642478,2
6.257125,4.6940737,0.35,-0.8660254,0.5,0.24536613,123,1,3.0969496,13.815548592007259,6.257125129225551,2
9.530687,0.32769564,0.24019238,0.5,0.8660254,0.3853971,123,1,3.0449214,12.916551268838166,9.530687763656587,2
8.850535,0.1111027,0.65,0.8660254,-0.5,0.42546394,123,3,3.797656,2.7736299091661145,8.85053539382052,3
5.750778,0.08642254,0.24019238,0.5,0.8660254,0.11795045,123,1,2.9064958,13.201512176962122,5.75077800656566,0
8.741298,0.091204725,0.65,0.8660254,-0.5,0.2574887,123,3,3.9847126,11.444880760990552,8.74129769862405,4
4.651867,0.0,0.24019238,-0.5,0.8660254,0.29893735,123,1,3.077325,13.233025568832659,4.65186693860857,2
7.405664,6.1434116,0.65,-0.8660254,-0.5,0.2164809,123,3,3.89328,9.411148946138733,7.40566405379352,3
7.928191,1.4811178,0.24019238,-0.5,0.8660254,0.13052727,123,1,2.884356,12.41816230406432,7.928191018819104,0
8.831637,0.024087498,0.65,0.8660254,-0.5,0.10435169,123,3,4.1068926,-2.9449305277102944,8.831637151412083,4
11.177542,0.21884286,0.24019238,0.5,0.8660254,0.23048766,123,1,2.7839563,11.809439452597552,11.177541371426198,0
7.937675,1.0819967,0.24019238,-0.5,0.8660254,0.4800763,123,1,2.927421,13.527072552954928,7.937675158513764,1
5.020463,0.7164107,0.2,-2.4492937e-16,1.0,0.48310333,123,1,2.9600224,10.725320354634652,5.020463219720497,1
5.765048,0.8168295,0.2,-2.4492937e-16,1.0,0.3385648,123,1,2.9269094,11.35413917053186,5.765047862128667,1
5.5998306,7.262156,0.35,-0.8660254,0.5,0.38568604,123,1,3.1517045,15.208311198001379,5.599830603447388,3
5.911346,0.027201125,0.24019238,0.5,0.8660254,0.14226118,123,1,2.8992565,10.443166896625476,5.911345916454364,0
3.3899024,0.58821136,0.2,-2.4492937e-16,1.0,0.19636115,123,1,2.724938,10.099008570746774,3.389902263738504,0
9.628328,0.2843643,0.75980765,0.5,-0.8660254,0.4429419,123,3,4.341228,-5.917154108182556,9.628327937024295,4
5.5111995,2.9837005,0.24019238,-0.5,0.8660254,0.1930276,123,1,2.9540443,12.74423873328074,5.511199277821069,1
3.5467215,5.9230156,0.35,-0.8660254,0.5,0.32825887,123,1,3.1909678,15.970270182365452,3.5467215394954814,3
5.4945903,0.33760262,0.24019238,0.5,0.8660254,0.41814768,123,1,3.1528382,15.236511638830189,5.494590047860597,3
8.851126,0.13829158,0.65,0.8660254,-0.5,0.41692024,123,3,3.8166766,4.035324891049713,8.851126102493222,3
7.9549685,1.6578306,0.24019238,-0.5,0.8660254,0.2924599,123,1,2.9105673,14.034001268018049,7.954968420069924,0
4.511515,4.9562516,0.24019238,-0.5,0.8660254,0.1955576,123,1,2.981868,13.531928481602293,4.511515378130591,1
13.333217,0.2600422,0.24019238,0.5,0.8660254,0.2631764,123,1,2.7621694,10.389054062871685,13.333216867668432,0
7.9396663,1.3258476,0.24019238,-0.5,0.8660254,0.46225658,123,1,2.9669273,12.341671480541835,7.939666080115004,1
3.948102,5.1472344,0.24019238,-0.5,0.8660254,0.2288333,123,1,2.9928722,11.622361195266201,3.948101924081464,1
12.539951,4.442199,0.65,-0.8660254,-0.5,0.4394019,123,3,3.815923,6.22202207566182,12.53995167344918,3
5.9010496,0.107246906,0.24019238,0.5,0.8660254,0.23520954,123,1,2.845704,10.6465642561234,5.901049565992124,0
5.485277,13.609974,0.35,-0.8660254,0.5,0.16506489,123,1,3.006751,14.653099793537946,5.485277006872489,1
11.457476,0.039301813,0.75980765,0.5,-0.8660254,0.20025983,123,3,4.405353,-18.392723256223338,11.457475399529825,4
4.8261623,0.1622342,0.2,-2.4492937e-16,1.0,0.3789541,123,1,3.0098774,12.320017580465027,4.8261622279480285,2
4.809984,0.27677694,0.2,-2.4492937e-16,1.0,0.1744713,123,1,2.6678634,13.368185116938754,4.809984193173939,0
4.34108,0.5750321,0.2,-2.4492937e-16,1.0,0.390528,123,1,3.0219922,15.336133970078484,4.341080228214673,2
5.450378,0.17421424,0.24019238,0.5,0.8660254,0.29312122,123,1,2.9172544,12.121404638506524,5.450377901635469,1
4.4549704,0.35950255,0.24019238,0.5,0.8660254,0.4415885,123,1,3.1263452,11.903127184837142,4.454970370916634,2
5.803179,0.063859664,0.24019238,0.5,0.8660254,0.1547587,123,1,2.883243,11.141947088114138,5.803178907942381,0
5.471963,2.5051677,0.24019238,-0.5,0.8660254,0.3151583,123,1,3.0364804,13.049719997990579,5.471962993909838,2
5.1484847,0.095977806,0.24019238,0.5,0.8660254,0.4782691,123,1,3.0507932,11.291131717995393,5.148484650631939,2
5.0856557,0.38026896,0.24019238,0.5,0.8660254,0.3288747,123,1,3.0013614,14.059518173655977,5.085655866941433,1
4.4378357,0.17873363,0.24019238,0.5,0.8660254,0.1776373,123,1,2.8691325,12.416544331540459,4.43783561902679,0
5.4760833,0.0,0.35,-0.8660254,0.5,0.36513206,123,1,3.1780329,14.345442003302535,5.476083161704046,3
4.6622324,0.36442056,0.24019238,0.5,0.8660254,0.16272615,123,1,2.857702,15.474032231331798,4.662232232972826,0
3.8649747,0.15873395,0.24019238,0.5,0.8660254,0.20068006,123,4,2.991484,13.256913900503129,3.8649746958834825,1
5.9218473,0.118756354,0.24019238,0.5,0.8660254,0.3069473,123,1,2.9269772,15.117479500115287,5.921847261956375,1
6.7412663,0.014692952,0.24019238,0.5,0.8660254,0.24573113,123,1,2.8244965,11.962695334868032,6.741266452122124,0
7.9896894,0.83335,0.24019238,-0.5,0.8660254,0.11653968,123,1,2.9027576,12.582349405771142,7.989689277996177,0
10.696668,0.0070097023,0.5,1.0,6.123234e-17,0.19516923,123,2,3.7268026,6.9475747523387215,10.696667768984842,3
5.045212,6.8308735,0.24019238,-0.5,0.8660254,0.2167492,123,1,2.9654412,11.559724760286905,5.045211673644862,1
6.494661,0.17351677,0.24019238,0.5,0.8660254,0.3542419,123,1,3.0395997,10.192430123931512,6.494660949607788,2
5.538538,0.10754088,0.24019238,0.5,0.8660254,0.21414185,123,1,2.8444047,13.864208802398654,5.53853796317528,0
13.097339,0.0916815,0.75980765,0.5,-0.8660254,0.2722086,123,3,4.2812767,-41.831380782647805,13.097338918314566,4
7.6855726,0.1820045,0.24019238,0.5,0.8660254,0.48275796,123,1,3.0118732,13.822775664507482,7.68557248263064,2
4.2249084,4.8805766,0.24019238,-0.5,0.8660254,0.4572966,123,1,3.0776894,11.209813225067604,4.224908146424935,2
8.848501,0.00586831,0.65,0.8660254,-0.5,0.29585996,123,3,3.9499383,11.005977468568673,8.84850077924985,3
7.961287,1.1454484,0.24019238,-0.5,0.8660254,0.4564719,123,1,2.9786081,11.00290119779693,7.961287199735519,1
6.768778,0.05980547,0.24019238,0.5,0.8660254,0.16922337,123,1,2.8557923,10.92262657608934,6.768777857731129,0
9.404518,0.1566196,0.65,0.8660254,-0.5,0.4957274,123,3,3.8543553,9.705214888053096,9.404517657262613,3
3.2419212,0.07886948,0.5,1.0,6.123234e-17,0.3657379,123,2,3.6029944,15.05736107008454,3.241921203745436,3
4.867306,1.1039392,0.2,-2.4492937e-16,1.0,0.44222108,123,1,2.9781885,12.059636350649912,4.867306375036614,1
5.467738,10.938293,0.35,-0.8660254,0.5,0.11151656,123,4,3.2365644,14.257495767433225,5.467738270398023,3
6.2685003,0.3024023,0.24019238,0.5,0.8660254,0.13744345,123,1,2.897479,12.663893330909504,6.268500174902373,0
6.49644,5.7699876,0.65,-0.8660254,-0.5,0.21374509,123,3,3.829935,1.6894998340533234,6.496439749597054,3
4.6936154,5.874161,0.35,-0.8660254,0.5,0.10240105,123,4,3.4723885,13.198895493638538,4.693615348973663,3
7.950601,1.1416006,0.24019238,-0.5,0.8660254,0.15275422,123,1,2.8762097,12.72523854322245,7.950601245958204,0
5.8632956,0.2230577,0.24019238,0.5,0.8660254,0.4995284,123,1,2.9919631,11.505755057110898,5.86329534060918,1
4.195202,0.3115534,0.24019238,0.5,0.8660254,0.29875565,123,1,2.9826303,13.314195745155764,4.195201886448651,1
9.44041,0.19568305,0.75980765,0.5,-0.8660254,0.12392221,123,3,4.378647,-23.535833650608254,9.440410043045636,4
10.566879,0.0,0.75980765,0.5,-0.8660254,0.14720988,123,3,4.3381557,-10.400106650922933,10.566879394471176,4
7.370737,0.53439605,0.24019238,0.5,0.8660254,0.17535205,123,1,2.8385286,14.560429249363239,7.37073690993881,0
7.1164756,0.0,0.5,1.0,6.123234e-17,0.19368164,123,2,3.9580562,12.664487407550643,7.116475815362996,3
7.925147,1.7707211,0.24019238,-0.5,0.8660254,0.46989977,123,1,2.951428,12.209450459244673,7.925147091152244,1
3.8674402,3.5604362,0.24019238,-0.5,0.8660254,0.4944218,123,1,3.0278552,10.78633219493297,3.86744017916614,2
4.913348,4.344618,0.24019238,-0.5,0.8660254,0.3511844,123,1,3.1527686,15.747947552768377,4.91334823270121,3
7.002902,0.000244734,0.5,1.0,6.123234e-17,0.16417462,123,2,4.014554,12.602726016896272,7.00290203173926,4
7.957929,1.7419142,0.24019238,-0.5,0.8660254,0.3959947,123,1,3.0435011,11.644339217617572,7.957928898671963,2
7.9600816,0.9078582,0.24019238,-0.5,0.8660254,0.40885276,123,1,3.0393558,13.682313033373317,7.960081667824738,2
3.9960132,5.6274643,0.24019238,-0.5,0.8660254,0.49929667,123,1,3.0063167,9.69138951314402,3.9960131099775102,1
5.4576783,9.901191,0.35,-0.8660254,0.5,0.4840308,123,1,3.1609507,13.944003953556118,5.457678130160826,3
7.2093067,0.14174113,0.24019238,0.5,0.8660254,0.30811042,123,1,2.8957286,13.236834901503098,7.209306676482379,0
9.705472,0.22269766,0.75980765,0.5,-0.8660254,0.44758198,123,3,4.340562,6.5598884469516845,9.705471710272594,4
10.223874,0.46358046,0.75980765,0.5,-0.8660254,0.3172706,123,3,4.4149933,-8.101881951899097,10.223873996289289,4
5.9841814,0.9155807,0.24019238,-0.5,0.8660254,0.44518888,123,1,3.0697465,9.816566138248373,5.984181567427682,2
4.207311,0.09174156,0.5,1.0,6.123234e-17,0.14826979,123,2,3.9910848,14.686255113981723,4.207310925019611,4
3.8491786,0.49837494,0.2,-2.4492937e-16,1.0,0.37519124,123,1,3.0427842,13.705948852976983,3.849178503874776,2
3.9985852,0.45117772,0.2,-2.4492937e-16,1.0,0.18211688,123,1,2.6910834,12.009060107586963,3.998585325911973,0
1.985333,6.73492,0.24019238,-0.5,0.8660254,0.33071083,123,1,3.229229,13.584987200934936,1.985332916392521,3
4.53,0.3468856,0.2,-2.4492937e-16,1.0,0.13760012,123,1,2.676886,14.001933308064796,4.530000273569729,0
7.3940644,0.031100487,0.5,1.0,6.123234e-17,0.28946888,123,2,3.773678,10.408829198652116,7.394064473871649,3
4.0166535,0.9977529,0.24019238,0.5,0.8660254,0.4527999,123,1,3.1113467,10.54388498503791,4.016653404125211,2
3.0757155,4.596439,0.24019238,-0.5,0.8660254,0.32504848,123,1,3.2076857,10.414872292617149,3.075715550915691,3
5.4006753,9.43307,0.35,-0.8660254,0.5,0.12572847,123,4,3.1351602,13.167968900680265,5.400675436459413,2
4.822448,0.6060263,0.2,-2.4492937e-16,1.0,0.21339065,123,1,2.719165,9.936152888425395,4.774943065747273,0
4.836075,0.20327139,0.24019238,0.5,0.8660254,0.38606986,123,1,3.140176,9.617200947776732,4.836074611213653,2
10.556692,0.0,0.75980765,0.5,-0.8660254,0.22571473,123,3,4.517205,-23.473819739300694,10.556691773640424,4
4.8360353,0.09036917,0.24019238,0.5,0.8660254,0.37678668,123,1,3.1227343,11.358918503232216,4.836035256197253,2
5.63293,0.35636917,0.24019238,0.5,0.8660254,0.31021065,123,1,2.9412494,12.661189252754601,5.632929695814394,1
11.080726,0.007470973,0.75980765,0.5,-0.8660254,0.23298448,123,3,4.4944625,-8.235310550265915,11.080725760252117,4
7.3072767,0.40981427,0.24019238,0.5,0.8660254,0.4451237,123,1,3.0867848,11.34287466385359,7.307276810651675,2
5.4097786,12.328786,0.35,-0.8660254,0.5,0.40061694,123,1,3.1185617,13.218854287560935,5.409778727790249,2
4.939126,0.23587985,0.24019238,0.5,0.8660254,0.26370746,123,1,2.8899853,11.422704203623217,4.939126194271317,0
3.0148234,3.6061075,0.24019238,-0.5,0.8660254,0.26702225,123,1,3.0948834,10.04322931272957,3.014823545509022,2
10.323055,0.0037979279,0.75980765,0.5,-0.8660254,0.2127351,123,3,4.5050387,3.2708786449094296,10.323055559907584,4
7.9454207,1.4310064,0.24019238,-0.5,0.8660254,0.4414181,123,1,3.0087028,10.630205125110491,7.945420868789878,2
4.24505,0.0,0.24019238,-0.5,0.8660254,0.27367228,123,1,3.0436482,10.44916996709001,4.245049944685101,2
10.154981,0.23108733,0.75980765,0.5,-0.8660254,0.28698593,123,3,4.4561954,-20.08544154194563,10.1549811016777,4
4.1572556,4.892863,0.24019238,-0.5,0.8660254,0.33168566,123,1,3.1553752,13.81318424497397,4.157255874190264,3
5.4358807,8.388438,0.24019238,-0.5,0.8660254,0.1292604,123,1,2.978728,15.557008222905184,5.435880652862034,1
4.342152,5.453466,0.24019238,-0.5,0.8660254,0.3807647,123,1,3.145511,10.091365680233,4.342152058172577,3
7.1323,0.0,0.5,1.0,6.123234e-17,0.32422632,123,2,3.708959,8.401636621970038,7.1322998386502725,3
4.165341,0.81244606,0.2,-2.4492937e-16,1.0,0.35525906,123,1,3.033871,13.0120418144072,4.165341107093476,2
11.10429,0.2800643,0.75980765,0.5,-0.8660254,0.10930931,123,3,4.228243,-10.878857775982985,11.104289983659712,4
8.013755,0.0,0.24019238,0.5,0.8660254,0.1329478,123,1,2.8899963,11.76993205152698,8.013754384691367,0
8.787398,0.29769,0.75980765,0.5,-0.8660254,0.33842513,123,3,4.4934535,-1.571270548792267,8.787398428892914,4
9.084938,0.26006082,0.75980765,0.5,-0.8660254,0.3641537,123,3,4.4271717,-3.8491313990817613,9.084938400907197,4
7.894555,1.51366,0.24019238,-0.5,0.8660254,0.4389182,123,1,3.0154624,12.353930395908588,7.894555143470194,2
8.842279,0.21036942,0.65,0.8660254,-0.5,0.4662265,123,3,3.8010752,11.49872341991681,8.842279257936053,3
5.4760423,0.035502832,0.24019238,0.5,0.8660254,0.48518887,123,1,3.029685,14.155938287532141,5.476042276881793,2
4.249434,3.709067,0.24019238,-0.5,0.8660254,0.19957462,123,1,2.9908757,12.557862251790441,4.24943375977411,1
6.7549305,0.27349326,0.24019238,0.5,0.8660254,0.20887552,123,1,2.7927704,11.249610183276928,6.754930443082636,0
5.0646863,0.28431788,0.24019238,0.5,0.8660254,0.30765164,123,1,2.9640937,11.92711280297404,5.064686425053581,1
2.8948634,9.773545,0.24019238,-0.5,0.8660254,0.3523485,123,1,3.193751,14.308100085470766,2.8948632944168264,3
8.153724,0.19686037,0.24019238,0.5,0.8660254,0.13998483,123,1,2.886675,13.360669729564727,8.153724044078876,0
5.480175,6.0570016,0.35,-0.8660254,0.5,0.15297444,123,1,3.038721,15.200124337977554,5.480175214237156,2
4.8544235,0.82071114,0.2,-2.4492937e-16,1.0,0.4219485,123,1,2.978869,14.286345904007554,4.854423395273806,1
9.083401,0.19107574,0.75980765,0.5,-0.8660254,0.28865707,123,3,4.508445,-15.540452904854932,9.083400983192371,4
5.378837,0.12975739,0.24019238,0.5,0.8660254,0.4666944,123,1,3.073924,12.002925141374623,5.378836906318903,2
9.135109,0.05769657,0.24019238,0.5,0.8660254,0.30116633,123,1,2.868609,14.412201950775385,9.135108645368266,0
7.054068,0.00044452876,0.5,1.0,6.123234e-17,0.31917208,123,2,3.7132537,14.395346799726582,7.054067919841241,3
7.9593363,1.5410007,0.24019238,-0.5,0.8660254,0.20407926,123,1,2.884709,13.654475963665398,7.959336229589809,0
4.2289224,0.012242444,0.24019238,0.5,0.8660254,0.37729046,123,1,3.1326249,11.787834472774255,4.228922487344969,2
6.327317,3.1165066,0.75980765,-0.5,-0.8660254,0.13054371,123,3,4.5296717,11.18902790938534,6.327317023846544,4
2.8554144,1.2593474,0.2,-2.4492937e-16,1.0,0.41003826,123,1,3.0756364,10.766924591712545,2.855414339709397,2
6.0756145,0.032159727,0.24019238,0.5,0.8660254,0.4183166,123,1,3.1518445,12.485415745340127,6.075614320097359,3
5.2298903,0.35816124,0.24019238,0.5,0.8660254,0.47099578,123,1,3.0635543,13.026474112331078,5.229890398329192,2
8.856813,0.2933897,0.65,0.8660254,-0.5,0.17710662,123,3,3.9724996,-3.122373544054718,8.856813275305878,3
4.758039,3.8792903,0.24019238,-0.5,0.8660254,0.39419723,123,1,3.1289964,12.614929367118837,4.758038958725591,2
4.808476,0.15465152,0.2,-2.4492937e-16,1.0,0.12913252,123,1,2.6876516,11.991492587412463,4.808475855433567,0
5.468106,9.405892,0.35,-0.8660254,0.5,0.1699326,123,1,3.0234046,13.599556244931131,5.4681056782000885,2
6.8918757,0.25468883,0.24019238,0.5,0.8660254,0.34197956,123,1,2.9925656,13.668519169370539,6.891875653480568,1
6.1123505,0.13656282,0.24019238,0.5,0.8660254,0.14327636,123,1,2.898078,10.603470868126664,6.112350350293296,0
5.1879115,0.7417268,0.2,-2.4492937e-16,1.0,0.16044345,123,1,2.6667092,15.117810531265459,5.18791168960105,0
8.8504,0.2435677,0.65,0.8660254,-0.5,0.27360186,123,3,3.9654627,2.4474960977118645,8.8503999768083,3
5.788335,10.941203,0.65,-0.8660254,-0.5,0.4135275,123,3,3.4242651,8.306485173130888,5.788334656699953,3
5.106605,6.9391046,0.35,-0.8660254,0.5,0.2644141,123,1,3.1388726,12.431493653519953,5.106605020130648,2
7.937694,1.2519752,0.24019238,-0.5,0.8660254,0.25994897,123,1,2.8863971,13.007157404104573,7.937694152327316,0
4.2153826,0.0,0.24019238,-0.5,0.8660254,0.4768617,123,1,3.0635822,11.407557931483323,4.215382495690255,2
6.611934,0.29837623,0.24019238,0.5,0.8660254,0.3186871,123,1,2.9274316,11.669703465487688,6.611934422007259,1
7.9537582,1.8699465,0.24019238,-0.5,0.8660254,0.3949846,123,1,3.044375,11.33948625723473,7.953758384885183,2
8.849715,0.24506281,0.65,0.8660254,-0.5,0.33720708,123,3,3.9361248,-2.4822047432509295,8.849714877847749,3
4.814271,0.53412026,0.2,-2.4492937e-16,1.0,0.17600125,123,1,2.6663232,14.214302482822935,4.814270999942937,0
7.9545193,1.3279854,0.24019238,-0.5,0.8660254,0.321031,123,1,2.97878,13.055334423217774,7.954519366141981,1
6.8080716,0.0,0.24019238,0.5,0.8660254,0.101600796,123,1,2.9133246,11.686047997260482,6.808071666711727,0
6.909936,0.11307529,0.24019238,0.5,0.8660254,0.44384727,123,1,3.1020873,13.534175530250138,6.909935836151884,2
7.112399,0.18917696,0.24019238,0.5,0.8660254,0.16306321,123,1,2.8673267,12.642631613890133,7.112398892732693,0
5.5331097,5.3698716,0.35,-0.8660254,0.5,0.20164609,123,1,3.0546885,14.176454060272624,5.533109476332627,2
6.122471,0.32032362,0.24019238,0.5,0.8660254,0.4460006,123,1,3.105276,9.632250681336828,5.898189482395752,2
6.197991,4.50815,0.75980765,-0.5,-0.8660254,0.13688333,123,3,4.550538,1.2409588582463051,6.197990700958063,4
9.883919,0.78022504,0.75980765,0.5,-0.8660254,0.34403995,123,3,4.4057903,-8.878966123164094,9.883918720851934,4
6.4901185,2.3311713,0.24019238,-0.5,0.8660254,0.26719892,123,1,2.9183762,14.249435037515473,6.490118484413559,1
4.3234763,5.250204,0.24019238,-0.5,0.8660254,0.48674548,123,1,3.040368,11.718890687530884,4.323476502315112,2
6.2066026,5.530112,0.75980765,-0.5,-0.8660254,0.42909205,123,3,4.2058864,3.2626315739058294,6.206602498671029,4
5.4736085,10.678523,0.35,-0.8660254,0.5,0.20560263,123,1,3.0284667,11.22155096271045,5.473608487188108,2
6.323426,0.10564127,0.24019238,0.5,0.8660254,0.16580735,123,1,2.8647423,11.769232901370872,6.323425698062994,0
11.727094,0.045705494,0.75980765,0.5,-0.8660254,0.48684084,123,3,4.303152,-26.803656152201267,11.727093781275448,4
3.127906,0.18901505,0.24019238,0.5,0.8660254,0.18562856,123,4,3.248708,11.410166955106002,3.127906075525884,3
7.3098984,0.12275275,0.24019238,0.5,0.8660254,0.10886583,123,1,2.898685,14.276442536733871,7.309898239318113,0
7.4579062,0.07340254,0.5,1.0,6.123234e-17,0.4338975,123,2,3.8807075,10.4040410701505,7.457906038198316,3
5.012702,0.09552872,0.24019238,0.5,0.8660254,0.4882218,123,1,3.0334294,13.882541158342905,5.012702040001957,2
2.534034,6.2662253,0.24019238,-0.5,0.8660254,0.43581554,123,1,3.1342893,11.725259962489714,2.534034048005449,2
7.080628,0.0,0.5,1.0,6.123234e-17,0.4301663,123,2,3.8689792,11.575135470514793,7.080627806234905,3
5.6681213,11.082,0.35,-0.8660254,0.5,0.47453386,123,1,3.175611,11.126447648783694,5.668121150578919,3
7.9631195,1.7632246,0.24019238,-0.5,0.8660254,0.24816988,123,1,2.8885283,13.861638725724871,7.963119320551774,0
4.875061,7.976677,0.24019238,-0.5,0.8660254,0.17372113,123,1,2.9698944,11.816710634947478,4.87506082549466,1
11.519349,0.14255174,0.75980765,0.5,-0.8660254,0.18399322,123,3,4.3545146,-5.397436048725094,11.519349345600672,4
3.1459162,0.30926523,0.24019238,0.5,0.8660254,0.2931745,123,1,3.017116,14.983916865870077,3.1459162292434777,2
10.427559,0.78880453,0.75980765,0.5,-0.8660254,0.31159008,123,3,4.41144,4.082353225289624,10.427558638177612,4
8.710399,0.25284687,0.65,0.8660254,-0.5,0.29745418,123,3,3.9532526,6.331872146557768,8.710398271225102,3
5.3386583,11.605729,0.35,-0.8660254,0.5,0.32118255,123,1,3.16837,15.016302965681117,5.338658255138793,3
8.127724,0.18554609,0.24019238,0.5,0.8660254,0.4957296,123,1,2.9854522,13.80084955003824,8.127723608185601,1
11.235025,0.030149275,0.75980765,0.5,-0.8660254,0.27729684,123,3,4.4360604,-13.688973425140896,11.235025038858902,4
4.8239384,0.8988356,0.2,-2.4492937e-16,1.0,0.25167054,123,1,2.796043,13.385886403537029,4.8239381783390085,0
7.0696864,0.050850168,0.5,1.0,6.123234e-17,0.33108798,123,2,3.6991096,12.225826505880137,7.069686383379119,3
5.032155,0.21140969,0.2,-2.4492937e-16,1.0,0.3799435,123,1,3.0004585,10.665745392487608,5.032154908111138,1
4.5163317,3.4378777,0.24019238,-0.5,0.8660254,0.21900007,123,1,2.987772,13.287527753090586,4.516331794108562,1
7.954858,1.6311823,0.24019238,-0.5,0.8660254,0.46221206,123,1,2.966792,10.879609456135375,7.954857760210419,1
5.4968977,5.4046836,0.35,-0.8660254,0.5,0.17206143,123,1,3.0365171,12.535888520640158,5.496897488679535,2
10.788433,0.037765883,0.75980765,0.5,-0.8660254,0.13763069,123,3,4.298848,-3.313883106472746,10.788432729923809,4
2.8125007,6.134031,0.24019238,-0.5,0.8660254,0.23023096,123,1,3.0216873,12.200034913563053,2.8125007410914096,2
12.172789,0.28627726,0.75980765,0.5,-0.8660254,0.11121686,123,3,4.1152997,-13.698583605108976,12.172788181911192,4
2.714258,8.468867,0.24019238,-0.5,0.8660254,0.1996378,123,1,2.9974742,13.6061308708485,2.714257954342046,1
13.516632,0.31082743,0.24019238,0.5,0.8660254,0.36727464,123,1,2.9904199,11.690005730206355,13.51663245259432,1
9.673785,3.8092098,0.24019238,-0.5,0.8660254,0.38830832,123,1,3.006445,12.240173286524776,9.673785534850811,1
7.9181986,1.9542174,0.24019238,-0.5,0.8660254,0.46383402,123,1,2.9647534,10.242111701676569,7.665622824887765,1
10.517561,0.3104662,0.75980765,0.5,-0.8660254,0.21097122,123,3,4.492653,-11.498209579147733,10.517561136575011,4
9.691614,0.45814338,0.75980765,0.5,-0.8660254,0.40164754,123,3,4.3488445,-7.029025545362397,9.69161391615957,4
6.4586234,0.24140388,0.24019238,0.5,0.8660254,0.10830639,123,1,2.9092193,13.6918381272942,6.45862334011268,0
10.201404,0.57712865,0.75980765,0.5,-0.8660254,0.22872543,123,3,4.519742,-15.90409944607103,10.201403945563042,4
2.4399023,5.0848846,0.24019238,-0.5,0.8660254,0.30151796,123,1,3.1874442,13.684379841587228,2.43990221274798,3
5.162118,0.0,0.24019238,0.5,0.8660254,0.37077937,123,1,3.1056087,14.471223400400492,5.162117764721174,2
8.844538,0.09654518,0.65,0.8660254,-0.5,0.23029275,123,3,3.976749,9.739800176380886,8.844537727641615,4
5.250296,0.061409414,0.24019238,0.5,0.8660254,0.104511596,123,1,2.9163907,15.44602073296388,5.250295955729137,1
7.1537423,0.3093532,0.5,1.0,6.123234e-17,0.22195594,123,2,3.9173667,13.290008391340718,7.153742394973268,3
7.63062,0.13811333,0.24019238,0.5,0.8660254,0.1990719,123,1,2.7888174,13.037574559317378,7.630619897254562,0
8.878564,0.45634893,0.75980765,0.5,-0.8660254,0.22086947,123,3,4.5239806,2.488397731183829,8.878564019777338,4
3.9615874,10.955852,0.35,-0.8660254,0.5,0.27293903,123,1,3.1786156,14.26657112555654,3.9615873163189335,3
7.962259,0.939995,0.24019238,-0.5,0.8660254,0.20414922,123,1,2.8882473,14.769774591832878,7.962258815765381,0
11.170151,0.6148613,0.75980765,0.5,-0.8660254,0.22132002,123,3,4.477261,-6.787767796161599,11.170150464639574,4
7.9550047,0.9274146,0.24019238,-0.5,0.8660254,0.20674402,123,1,2.8890097,13.254193449467682,7.955004887051052,0
6.7146707,0.2058783,0.65,0.8660254,-0.5,0.2883042,123,3,3.978554,4.558734461552579,6.714670853181404,4
8.846406,0.07647745,0.65,0.8660254,-0.5,0.2921029,123,3,3.9496288,1.3297720484875306,8.846405968098123,3
12.280947,6.0949993,0.65,-0.8660254,-0.5,0.41883054,123,3,3.8413782,-4.734206454388739,12.280946842767952,3
3.947962,4.957126,0.24019238,-0.5,0.8660254,0.40175375,123,1,3.142447,10.431496627611889,3.947962051118107,2
4.82476,0.35478148,0.2,-2.4492937e-16,1.0,0.4335711,123,1,2.9828699,11.74071201956172,4.824759733370295,1
8.14068,0.8299249,0.75980765,0.5,-0.8660254,0.14248733,123,3,4.45568,-1.2913868471650236,8.140680421882559,4
8.834505,0.23655944,0.65,0.8660254,-0.5,0.23512477,123,3,3.9793541,-0.4828834873246022,8.834505067396444,4
9.493989,0.64042956,0.75980765,0.5,-0.8660254,0.11608185,123,3,4.3759756,-9.169093565881617,9.49398853006229,4
3.2886012,0.2932559,0.24019238,0.5,0.8660254,0.4287777,123,1,3.1436799,11.32250385690705,3.288601256604053,2
4.918865,4.672638,0.24019238,-0.5,0.8660254,0.24141598,123,1,2.9722729,9.703659176094202,4.704079825277457,1
7.639502,0.060950067,0.24019238,0.5,0.8660254,0.24504055,123,1,2.8019567,14.160880272412964,7.639502111504968,0
8.043916,7.3924193,0.65,-0.8660254,-0.5,0.4127208,123,3,3.556966,8.456648728930652,8.043915311532864,3
4.8191876,0.27447423,0.24019238,0.5,0.8660254,0.22296275,123,1,2.876968,13.538676230230589,4.819187722517318,0
10.931347,0.051160023,0.75980765,0.5,-0.8660254,0.23418748,123,3,4.5016613,-10.71512259015805,10.931346865716842,4
5.2165565,6.4098315,0.35,-0.8660254,0.5,0.47999805,123,1,3.161745,15.234650885788579,5.216556677985094,3
10.342384,0.8023036,0.75980765,0.5,-0.8660254,0.30440187,123,3,4.4249554,-4.784338052486033,10.342384608304972,4
9.041122,5.468136,0.65,-0.8660254,-0.5,0.13347782,123,3,3.9824905,6.369656229522875,9.041122114110587,4
3.0267766,4.0478044,0.24019238,-0.5,0.8660254,0.31942007,123,1,3.205586,14.021586372776701,3.026776542080276,3
2.8219593,0.06013825,0.5,1.0,6.123234e-17,0.30122656,123,2,3.6146636,13.87483276276723,2.821959295195111,3
4.825409,0.4469613,0.2,-2.4492937e-16,1.0,0.35800964,123,1,3.0038176,14.916104876214282,4.825408810653542,1
2.7048342,7.2062607,0.24019238,-0.5,0.8660254,0.49386415,123,1,3.0289688,11.996624955905205,2.70483433032288,2
5.4634457,0.27660713,0.24019238,0.5,0.8660254,0.42021576,123,1,3.151245,14.190587958166413,5.463445450876479,3
10.93958,0.28729653,0.24019238,0.5,0.8660254,0.43558854,123,1,3.0141876,11.366106186600572,10.93958034875314,2
8.531844,0.34406945,0.24019238,0.5,0.8660254,0.27232784,123,1,2.8253875,13.601529275399768,8.531844517169883,0
6.804168,0.0,0.24019238,0.5,0.8660254,0.46923465,123,1,3.0483599,13.408521534033708,6.804168006404643,2
15.009679,0.19848359,0.24019238,0.5,0.8660254,0.18730183,123,1,2.8758993,10.204917454051712,15.00967854903904,0
8.188366,0.3663527,0.5,1.0,6.123234e-17,0.21158819,123,2,3.890185,10.923568093300666,8.188365566975417,3
8.84239,0.28818366,0.65,0.8660254,-0.5,0.23271598,123,3,3.9788918,-5.59978078655517,8.842389791949293,4
6.0059156,0.34786773,0.24019238,0.5,0.8660254,0.424234,123,1,3.145527,14.820248992880677,6.005915641580901,3
4.149098,5.895884,0.24019238,-0.5,0.8660254,0.19952537,123,1,2.9884639,14.74075513835958,4.149097780124508,1
6.332791,0.053077962,0.24019238,0.5,0.8660254,0.48398897,123,1,3.0236888,12.747114870647613,6.3327908492061615,2
5.1631775,3.1148224,0.24019238,-0.5,0.8660254,0.29435876,123,1,3.0121522,12.964445852246559,5.163177700431811,2
5.1558323,4.431209,0.24019238,-0.5,0.8660254,0.26428103,123,1,2.9740946,15.188247866285987,5.155832331505885,1
4.819855,0.33719125,0.2,-2.4492937e-16,1.0,0.43105358,123,1,2.9824753,11.0484110247425,4.819855085053404,1
5.631879,0.22360785,0.24019238,0.5,0.8660254,0.35318565,123,1,3.049234,10.136611614535411,5.631879025216568,2
2.0790014,5.769751,0.24019238,-0.5,0.8660254,0.4051317,123,1,3.195351,13.389678740728364,2.07900136109714,3
7.005601,0.26945916,0.24019238,0.5,0.8660254,0.41249552,123,1,3.1288006,9.518577469957261,7.005601116952971,2
9.075383,0.4116895,0.75980765,0.5,-0.8660254,0.4073649,123,3,4.3595047,-12.238149735959219,9.0753834480759,4
4.568234,0.72269887,0.2,-2.4492937e-16,1.0,0.4294089,123,1,2.988791,10.914442654885455,4.568234191530241,1
6.204605,5.5604115,0.75980765,-0.5,-0.8660254,0.48116285,123,3,4.204832,8.288105447460055,6.204605019588583,4
5.43688,2.5442722,0.24019238,-0.5,0.8660254,0.20733465,123,1,2.963838,14.75104441960651,5.436880187481267,1
9.075437,0.256014,0.5,1.0,6.123234e-17,0.47793892,123,2,3.8769536,10.144183053426971,9.075436659679749,3
5.29133,0.12999345,0.24019238,0.5,0.8660254,0.29636654,123,1,2.933587,14.26087252101782,5.291330011336534,1
3.7804916,3.5260956,0.24019238,-0.5,0.8660254,0.36236215,123,1,3.186446,13.732460698986197,3.780491584648601,3
11.497747,13.058533,0.65,-0.8660254,-0.5,0.41153285,123,3,3.84023,-5.1402855825208755,11.49774776398987,3
6.236924,3.0762064,0.75980765,-0.5,-0.8660254,0.11948023,123,3,4.525896,6.15632700015834,6.236924346630329,4
4.828012,0.21619637,0.2,-2.4492937e-16,1.0,0.40743744,123,1,2.9877646,11.542662540350408,4.8280118518803175,1
4.587834,3.7794402,0.24019238,-0.5,0.8660254,0.14398336,123,1,2.9954357,11.9521640691282,4.587833926387966,1
7.440269,0.5115556,0.75980765,0.5,-0.8660254,0.19417042,123,3,4.544089,7.725041751318374,7.440268797996321,4
4.1535883,5.032255,0.24019238,-0.5,0.8660254,0.43369827,123,1,3.1010456,10.165670528062254,4.153588412758845,2
7.955624,0.0,0.24019238,-0.5,0.8660254,0.32668895,123,1,2.9861617,12.05069432629437,7.95562422563456,1
7.9578276,0.0,0.24019238,-0.5,0.8660254,0.4155679,123,1,3.0398073,13.6858672927136,7.957827605910031,2
10.269227,0.6158266,0.75980765,0.5,-0.8660254,0.4681382,123,3,4.337041,-4.407955894444463,10.26922666896156,4
5.2472982,0.32462013,0.24019238,0.5,0.8660254,0.19814743,123,1,2.8538117,12.124604277762593,5.247298408866113,0
4.5896473,0.2721192,0.24019238,0.5,0.8660254,0.14964955,123,1,2.8777747,14.959530122057938,4.589647070081152,0
10.249913,0.04566219,0.24019238,0.5,0.8660254,0.32884407,123,1,2.9362898,11.454132458809827,10.24991350099905,1
10.101243,0.073433496,0.75980765,0.5,-0.8660254,0.24847834,123,3,4.506041,-7.046710932164063,10.101243051782044,4
2.1998355,5.8937755,0.24019238,-0.5,0.8660254,0.30841458,123,1,3.2055166,15.744427245196297,2.1998355204629783,3
4.2276335,2.2863278,0.24019238,0.5,0.8660254,0.35522306,123,1,3.0881758,10.113234680445196,4.227633266568949,2
7.905635,2.5845888,0.24019238,-0.5,0.8660254,0.21606116,123,1,2.8850577,13.60603874585398,7.905634922068839,0
7.9589467,1.5220124,0.24019238,-0.5,0.8660254,0.34233952,123,1,3.0073004,13.103314340149293,7.958946791554654,1
7.9605856,1.2422825,0.24019238,-0.5,0.8660254,0.44126713,123,1,3.0076094,13.163369674565743,7.960585813686777,1
3.7475457,0.0,0.5,1.0,6.123234e-17,0.44063357,123,2,3.6376295,15.633685735063942,3.747545672280679,3
12.089631,0.66688937,0.75980765,0.5,-0.8660254,0.40531275,123,3,4.261426,-28.3236836432773,12.089631393875845,4
7.46575,3.4491208,0.24019238,-0.5,0.8660254,0.32031274,123,1,2.9877167,12.276635816985134,7.465750257508963,1
7.8956084,1.314984,0.24019238,-0.5,0.8660254,0.23346418,123,1,2.8829136,13.47558346459663,7.895608547550034,0
4.174441,0.6640027,0.2,-2.4492937e-16,1.0,0.3893126,123,1,3.0298636,9.570142629770961,4.174441036623637,2
1.8226815,7.2495484,0.24019238,-0.5,0.8660254,0.44370523,123,1,3.1420236,11.560344773340862,1.822681544926892,2
6.3986754,0.13903503,0.75980765,0.5,-0.8660254,0.10954309,123,3,4.5769196,-0.9681084377599078,6.39867559333075,4
5.4783587,5.936869,0.35,-0.8660254,0.5,0.13585673,123,4,3.1040711,14.313351412520841,5.478358757345806,2
7.2375555,0.14734615,0.24019238,0.5,0.8660254,0.47577062,123,1,3.0280824,10.364445222273288,7.237555652064287,2
8.8447275,0.0,0.65,0.8660254,-0.5,0.2519378,123,3,3.980472,11.718270121265677,8.844727514849662,4
4.1719623,5.0627503,0.24019238,-0.5,0.8660254,0.3646804,123,1,3.1675358,13.157667688272545,4.171962456222737,3
5.4207335,7.1468525,0.35,-0.8660254,0.5,0.41736418,123,1,3.154638,14.098724074725743,5.420733671685588,3
5.5343256,6.928639,0.35,-0.8660254,0.5,0.3763919,123,1,3.147848,14.34577219891445,5.534325634732358,3
8.821093,0.06845259,0.65,0.8660254,-0.5,0.3083577,123,3,3.9626365,-1.6848897299649792,8.821092649010456,3
5.5138946,5.809525,0.35,-0.8660254,0.5,0.30595896,123,1,3.1808085,14.478692479212361,5.513894643725846,3
6.2855663,4.0871816,0.24019238,-0.5,0.8660254,0.4889125,123,1,2.9819043,13.702479649091606,6.285566538428798,1
10.454015,0.0018112563,0.75980765,0.5,-0.8660254,0.15428989,123,3,4.363645,-9.09472777072057,10.454014841339744,4
9.477029,0.3280801,0.75980765,0.5,-0.8660254,0.40110135,123,3,4.3527975,-0.14461476527624484,9.477028959738089,4
9.964548,0.0,0.24019238,0.5,0.8660254,0.16886985,123,1,2.8404098,11.263662838883262,9.964548042275286,0
8.885696,0.26057494,0.65,0.8660254,-0.5,0.30539167,123,3,3.9620733,8.13239248928552,8.885696022609107,3
5.356354,4.4995985,0.24019238,-0.5,0.8660254,0.27462018,123,1,2.966618,13.544626882818285,5.356354212986043,1
9.402153,0.40149936,0.65,0.8660254,-0.5,0.44639352,123,3,3.7639127,-21.790045586493115,9.4021527798432,3
16.63539,0.17440027,0.24019238,0.5,0.8660254,0.35325217,123,1,2.91436,0.9747273724652248,16.635389147961938,0
7.9621973,1.3823714,0.24019238,-0.5,0.8660254,0.31179717,123,1,2.9539714,9.835801489648608,7.962197098160633,1
4.273654,0.21857537,0.24019238,0.5,0.8660254,0.15689531,123,1,2.8682733,11.906867808261858,4.273654054154082,0
4.2080326,0.15165512,0.24019238,0.5,0.8660254,0.25908554,123,1,2.9208226,15.667090538088013,4.208032484981633,1
12.054232,0.2537513,0.75980765,0.5,-0.8660254,0.30033383,123,3,4.368988,-4.492215825573026,12.054232049318337,4
3.9316,0.16563833,0.24019238,0.5,0.8660254,0.17102921,123,4,2.9165256,13.14922923343175,3.93160004243226,1
7.47743,0.097141065,0.5,1.0,6.123234e-17,0.34293708,123,2,3.7021463,14.259740676231383,7.477429932470384,3
3.9402256,2.9837277,0.24019238,-0.5,0.8660254,0.18201178,123,1,2.9974513,12.731092743994072,3.940225659020691,1
9.582453,0.1410678,0.24019238,0.5,0.8660254,0.2691636,123,1,2.8087463,11.956962402090921,9.582452953312412,0
9.19408,0.1093297,0.75980765,0.5,-0.8660254,0.26779607,123,3,4.5109606,-16.916050818790893,9.194080629394447,4
3.7794065,0.7048033,0.2,-2.4492937e-16,1.0,0.16939634,123,1,2.679939,13.302495105861736,3.7794064906026295,0
4.078385,3.9671717,0.24019238,-0.5,0.8660254,0.47145414,123,1,3.068584,14.968748335114533,4.078384797022081,2
4.969632,0.21205628,0.24019238,0.5,0.8660254,0.42222875,123,1,3.1514444,10.938504998605294,4.969632021613423,3
6.507865,0.102220684,0.24019238,0.5,0.8660254,0.335324,123,1,2.9754176,14.494200102762603,6.507864885467703,1
9.241982,0.22914605,0.75980765,0.5,-0.8660254,0.4760533,123,3,4.399788,-1.360733130273644,9.24198230252259,4
11.050597,0.14595746,0.75980765,0.5,-0.8660254,0.28397906,123,3,4.4316645,-27.783461850323917,11.050597383194232,4
6.328043,0.36343506,0.5,1.0,6.123234e-17,0.35317007,123,2,3.6707845,14.406755548772722,6.328043076177586,3
7.5457087,0.2561634,0.24019238,0.5,0.8660254,0.35912263,123,1,3.0333345,13.70756545141763,7.545708656903421,2
2.8334014,6.5270176,0.24019238,-0.5,0.8660254,0.37465253,123,1,3.2015982,12.486217861931918,2.8334015284296616,3
6.0585704,0.05979638,0.24019238,0.5,0.8660254,0.15908612,123,1,2.876224,14.027422588286315,6.058570556457573,0
7.9603934,1.1098894,0.24019238,-0.5,0.8660254,0.47907197,123,1,2.9289722,12.503395288185173,7.960393404442646,1
6.3271747,0.20785856,0.24019238,0.5,0.8660254,0.16747479,123,1,2.8606567,14.046791258248449,6.327174524747728,0
7.798492,0.25246754,0.24019238,0.5,0.8660254,0.27008945,123,1,2.8227315,13.296734774314135,7.798491856716604,0
2.1646051,5.389822,0.24019238,-0.5,0.8660254,0.33961028,123,1,3.243585,16.904375765196956,2.1646051894513905,3
4.661775,0.13674529,0.24019238,0.5,0.8660254,0.25141728,123,1,2.8987951,11.374130617554119,4.661775026686372,0
8.558732,0.23145686,0.5,1.0,6.123234e-17,0.15731093,123,2,3.9580326,13.17007012656373,8.558732163090497,3
5.4786935,0.0,0.35,-0.8660254,0.5,0.4772827,123,1,3.173979,13.415037620583659,5.478693340298354,3
6.2071266,4.057378,0.75980765,-0.5,-0.8660254,0.44508463,123,3,4.168486,-5.052320185617093,6.207126452046523,4
6.614882,0.21032722,0.24019238,0.5,0.8660254,0.23556273,123,1,2.820037,14.2860811388587,6.614882021483533,0
5.1663437,0.28372607,0.24019238,0.5,0.8660254,0.17727715,123,1,2.8454945,15.52488251868515,5.166343917977383,0
9.369985,0.0,0.75980765,0.5,-0.8660254,0.43923756,123,3,4.349649,-14.092394193191385,9.369985033832696,4
6.0033,6.599756,0.35,-0.8660254,0.5,0.39043152,123,1,3.1660383,12.12771790679871,6.003300277499995,3
3.3476045,5.424778,0.24019238,-0.5,0.8660254,0.15848748,123,1,2.9963477,16.36374621507495,3.347604459049554,1
6.3986754,0.13903503,0.75980765,0.5,-0.8660254,0.286965,123,3,4.668618,1.8176916689225964,6.39867559333075,4
7.957575,1.5110531,0.24019238,-0.5,0.8660254,0.13007286,123,1,2.8835385,14.092496306806057,7.957574787254181,0
9.727627,0.0837887,0.5,1.0,6.123234e-17,0.32391578,123,2,3.7773902,11.504191389127067,9.72762641474635,3
10.964653,0.5497372,0.75980765,0.5,-0.8660254,0.49638477,123,3,4.355718,-6.031849978466018,10.964652973520009,4
8.058952,1.7883142,0.24019238,-0.5,0.8660254,0.3816314,123,1,3.0427132,13.855760252626304,8.058952475260854,2
6.1982465,4.1938367,0.75980765,-0.5,-0.8660254,0.20602746,123,3,4.6287675,5.387584477786053,6.198246316453794,4
5.6044307,2.6399643,0.24019238,-0.5,0.8660254,0.4018741,123,1,3.1056504,13.747376611430244,5.604430835724432,2
12.505822,0.545754,0.75980765,0.5,-0.8660254,0.47806835,123,3,4.2777824,-13.788925460788615,12.505822348264484,4
5.5344405,0.0455303,0.24019238,0.5,0.8660254,0.11775568,123,1,2.9082437,15.242957684651754,5.534440283562717,0
9.5394335,0.8796739,0.75980765,0.5,-0.8660254,0.16097578,123,3,4.412819,-11.00759640966702,9.539433870522249,4
4.684589,3.3996928,0.24019238,-0.5,0.8660254,0.139843,123,1,2.994391,11.075069886095095,4.684588689573332,1
4.686112,0.0070408303,0.24019238,0.5,0.8660254,0.1375883,123,1,2.9098668,13.241474466963734,4.686111886869192,0
8.854701,0.20235316,0.65,0.8660254,-0.5,0.18238927,123,3,3.9690998,-4.2292840750846725,8.854701207531301,3
7.9451504,1.1648308,0.24019238,-0.5,0.8660254,0.1248402,123,1,2.891394,11.6213872942455,7.945150412996284,0
4.314231,7.0916214,0.24019238,-0.5,0.8660254,0.19187132,123,1,2.9818425,10.096537599517488,3.291055571682425,1
8.381765,0.70404077,0.75980765,0.5,-0.8660254,0.29951116,123,3,4.549658,1.7401344211460796,8.381765575581637,4
4.7756934,0.0,0.24019238,-0.5,0.8660254,0.16842353,123,1,2.9770827,10.936743502735288,4.775693426201683,1
4.3786054,0.11663998,0.24019238,0.5,0.8660254,0.12510347,123,4,2.927976,13.265124490039709,4.37860525141165,1
6.6310716,0.0010931067,0.24019238,0.5,0.8660254,0.32610187,123,1,2.9462452,13.63374611113365,6.631071332908928,1
4.846666,0.0,0.24019238,-0.5,0.8660254,0.22046705,123,1,2.9844236,15.187521191243789,4.846665940185043,1
9.769276,0.2652836,0.65,0.8660254,-0.5,0.43753707,123,3,3.771161,10.846417921702233,9.769275997361351,3
7.86016,0.06794626,0.24019238,0.5,0.8660254,0.20113681,123,1,2.7851882,13.611396884931272,7.860159913830454,0
11.589058,0.07783232,0.75980765,0.5,-0.8660254,0.39881387,123,3,4.2768793,-12.639869914847946,11.589057547312024,4
9.063188,0.31960714,0.75980765,0.5,-0.8660254,0.2588594,123,3,4.5191884,-9.730452130735404,9.063187253594242,4
2.960268,0.024476066,0.24019238,0.5,0.8660254,0.2948127,123,1,3.029318,12.871390763924412,2.9602679981555555,2
5.8729253,0.16253525,0.24019238,0.5,0.8660254,0.2822395,123,1,2.8756773,11.426536934663723,5.872925185165997,0
2.0457325,6.393421,0.24019238,-0.5,0.8660254,0.4769928,123,1,3.0835552,13.497493927858974,2.045732562264749,2
5.269316,0.12355,0.24019238,0.5,0.8660254,0.14535719,123,1,2.8979783,13.364691458536576,5.269316130931775,0
4.1137743,4.037988,0.24019238,-0.5,0.8660254,0.14644271,123,1,2.9975328,13.40189197789056,4.113774081308764,1
7.95486,1.3070539,0.24019238,-0.5,0.8660254,0.13339558,123,1,2.8819788,13.940055048879033,7.954860004227815,0
12.23094,0.13904078,0.75980765,0.5,-0.8660254,0.4703677,123,3,4.288288,-7.6847458204595736,12.230940260402644,4
6.07841,0.21815747,0.24019238,0.5,0.8660254,0.37535346,123,1,3.0971882,12.293777900923848,6.078410358822312,2
3.3957763,3.937742,0.24019238,-0.5,0.8660254,0.33083135,123,1,3.2059116,12.322792872295638,3.395776283010877,3
5.8150134,0.0,0.24019238,0.5,0.8660254,0.16793707,123,1,2.8557184,10.104078724850863,5.815013340201912,0
7.9798937,1.2069818,0.24019238,-0.5,0.8660254,0.11815838,123,1,2.898553,13.494176983072444,7.97989347770095,0
4.1853743,0.0002455091,0.5,1.0,6.123234e-17,0.12933622,123,2,4.0750356,14.720127881961696,4.185374227005166,4
8.0529585,0.0,0.24019238,0.5,0.8660254,0.24331848,123,1,2.7918987,13.833641565875679,8.052958935479317,0
5.3099675,0.25025412,0.24019238,0.5,0.8660254,0.25061405,123,1,2.8726864,12.420324904373048,5.309967469402221,0
9.943061,0.2730477,0.75980765,0.5,-0.8660254,0.21292576,123,3,4.511678,-5.159171282058685,9.94306074943276,4
7.602972,0.29845554,0.24019238,0.5,0.8660254,0.42973295,123,1,3.0981126,12.755090970855107,7.602971844758447,2
4.726573,0.0,0.24019238,-0.5,0.8660254,0.2785511,123,1,3.016313,13.155153972361411,4.726573142092943,2
7.9573603,1.61943,0.24019238,-0.5,0.8660254,0.31811833,123,1,2.9709105,12.091422726830018,7.957360257471694,1
8.847759,0.27857777,0.65,0.8660254,-0.5,0.3552057,123,3,3.930457,-15.152927129032992,8.847759100543467,3
4.1957736,0.24670887,0.24019238,0.5,0.8660254,0.15867428,123,1,2.870453,13.051196616591842,4.195773386909233,0
10.51348,0.7260859,0.75980765,0.5,-0.8660254,0.1129891,123,3,4.290072,-24.774336037489274,10.51347986962494,4
6.648956,0.26917192,0.24019238,0.5,0.8660254,0.43321568,123,1,3.1261168,11.768334331533433,6.648955905187715,2
7.9571953,1.10476,0.24019238,-0.5,0.8660254,0.34320933,123,1,3.0079494,13.694267007874313,7.957195298836255,1
4.416962,4.5402985,0.24019238,-0.5,0.8660254,0.33523497,123,1,3.1482468,11.660039657107715,4.41696215025256,3
9.086264,0.3577342,0.65,0.8660254,-0.5,0.21877809,123,3,3.9600527,2.366193344371003,9.08626355770495,3
3.1147342,5.2726226,0.24019238,-0.5,0.8660254,0.17237715,123,1,3.004031,12.561180155612227,3.114734089904185,1
19.63923,0.27449015,0.24019238,0.5,0.8660254,0.4170006,123,1,2.0995564,-0.5871493844214792,19.63923081241553,0
5.0094576,4.1828327,0.24019238,-0.5,0.8660254,0.44300693,123,1,3.0858333,11.617050071504092,5.009457822121351,2
8.849201,0.25202858,0.65,0.8660254,-0.5,0.13284971,123,3,4.0394454,8.457963251940757,8.849201156464082,4
5.336989,1.8880249,0.24019238,-0.5,0.8660254,0.23091964,123,1,2.9698544,12.515238956405915,5.33698879564463,1
10.203064,0.026692852,0.5,1.0,6.123234e-17,0.1816637,123,2,3.783377,6.795094920729011,10.203064161150545,3
7.5194926,0.00074528466,0.5,1.0,6.123234e-17,0.23105597,123,2,3.892563,13.87041902598754,7.5194926164944835,3
3.4052474,0.19915234,0.24019238,0.5,0.8660254,0.420799,123,1,3.1492448,10.267527812843488,3.4052474635195438,3
4.825684,0.12376488,0.2,-2.4492937e-16,1.0,0.3601927,123,1,3.0064445,12.285524749207836,4.8256840856555545,1
4.137979,5.530056,0.24019238,-0.5,0.8660254,0.4654621,123,1,3.068759,13.863246798890367,4.13797902229848,2
7.9589467,1.5220124,0.24019238,-0.5,0.8660254,0.41133133,123,1,3.0384994,13.3153926756905,7.958946791554654,2
4.1867795,0.84058523,0.2,-2.4492937e-16,1.0,0.46149182,123,1,2.9908605,11.226058249228293,4.186779292828772,1
4.827904,1.0424848,0.2,-2.4492937e-16,1.0,0.4515072,123,1,2.9791043,10.40710410439963,4.827904339671425,1
4.872217,1.5003576,0.2,-2.4492937e-16,1.0,0.4110067,123,1,2.9803095,14.533094484669961,4.872217133342176,1
7.962766,1.8551964,0.24019238,-0.5,0.8660254,0.31666824,123,1,2.9667847,13.17045303879401,7.962766332596513,1
4.8288536,0.7272928,0.2,-2.4492937e-16,1.0,0.10143664,123,1,2.7001143,13.787396076286766,4.828853511507995,0
7.500388,0.0,0.24019238,0.5,0.8660254,0.15506436,123,1,2.8883023,9.551756350560044,7.500388185213912,0
5.027995,0.450354,0.5,1.0,6.123234e-17,0.22147961,123,2,3.830005,14.442557730498155,5.027995185715528,3
9.287916,0.17202878,0.75980765,0.5,-0.8660254,0.14889374,123,3,4.4058156,-2.391139011808359,9.28791614787537,4
3.2953038,7.302815,0.24019238,-0.5,0.8660254,0.39599007,123,1,3.15766,15.27453788857673,3.295303799941318,3
5.1830344,3.0031154,0.24019238,-0.5,0.8660254,0.12325402,123,1,3.0002182,14.74826382767334,5.183034414951009,1
7.544013,0.17573093,0.5,1.0,6.123234e-17,0.3229432,123,2,3.7275155,12.816370853183372,7.544013084233939,3
4.80724,0.98703456,0.2,-2.4492937e-16,1.0,0.18337348,123,1,2.6692908,15.004709255962005,4.807239994311312,0
8.852133,0.30234262,0.65,0.8660254,-0.5,0.11377956,123,3,4.103546,7.263431270751114,8.852132711285366,4
8.729823,0.26010135,0.24019238,0.5,0.8660254,0.20879275,123,1,2.7730832,12.363726044337932,8.72982274289819,0
8.735059,0.7347663,0.75980765,0.5,-0.8660254,0.25029477,123,3,4.5274763,-1.6638793777549385,8.735058719807872,4
3.4962862,5.174872,0.24019238,-0.5,0.8660254,0.2160222,123,1,3.0007076,10.670666660088633,3.4962862620411177,1
9.828136,0.2732009,0.75980765,0.5,-0.8660254,0.44210437,123,3,4.3360357,0.24788062139831935,9.828136152703475,4
4.8039994,0.15544097,0.2,-2.4492937e-16,1.0,0.16041107,123,1,2.6730351,13.49776502217827,4.803999386733543,0
6.023258,0.12332722,0.24019238,0.5,0.8660254,0.14924622,123,1,2.8941417,12.767598278335067,6.023258135837849,0
5.1067195,6.1762185,0.24019238,-0.5,0.8660254,0.2694357,123,1,2.9681768,15.579984429173567,5.1067196120035385,1
9.219927,0.21660584,0.65,0.8660254,-0.5,0.45619723,123,3,3.7693362,10.662983043241386,9.219927173507704,3
9.283681,0.087561876,0.24019238,0.5,0.8660254,0.28003892,123,1,2.8437452,9.90893461507491,9.28368111670951,0
6.3288875,0.20437856,0.24019238,0.5,0.8660254,0.17297497,123,1,2.848691,11.768502822746159,6.328887388508599,0
8.364353,0.2735206,0.75980765,0.5,-0.8660254,0.23669687,123,3,4.547819,0.45574404028625803,8.364352830698339,4
9.198582,6.252088,0.65,-0.8660254,-0.5,0.19535305,123,3,3.955738,10.065964686544387,9.198581804377492,3
4.9893117,6.7832847,0.65,-0.8660254,-0.5,0.26846713,123,3,3.6466465,14.690061022395824,4.989311683519066,3
7.0336003,0.111081935,0.24019238,0.5,0.8660254,0.29521194,123,1,2.8645263,12.965674195012369,7.033600406192728,0
5.578934,6.3533416,0.35,-0.8660254,0.5,0.18004231,123,1,3.0329914,14.721954232820032,5.578934410374452,2
6.204333,5.0324636,0.75980765,-0.5,-0.8660254,0.3286308,123,3,4.546187,-1.297341935655559,6.204332944876394,4
3.9932337,4.4748693,0.24019238,-0.5,0.8660254,0.4422878,123,1,3.0947676,11.718528864969485,3.9932336127101657,2
5.137903,5.260817,0.24019238,-0.5,0.8660254,0.19833672,123,1,2.9653945,11.767043510909716,5.137903375115777,1
8.849413,0.23723944,0.65,0.8660254,-0.5,0.32914156,123,3,3.949716,-1.398740132030814,8.849412827180513,3
4.028251,4.612231,0.24019238,-0.5,0.8660254,0.23265737,123,1,2.993084,13.597944674860985,4.028251351467377,1
4.7983603,0.19653606,0.2,-2.4492937e-16,1.0,0.20137875,123,1,2.6949117,10.902551066190016,4.798360465690975,0
8.808982,0.0006199859,0.75980765,0.5,-0.8660254,0.23329699,123,3,4.525514,0.2018463843971987,8.808981531119107,4
5.3221536,2.3474324,0.24019238,-0.5,0.8660254,0.39545745,123,1,3.117,13.045716246484961,5.3221537123448295,2
13.975092,0.4910438,0.75980765,0.5,-0.8660254,0.30174387,123,3,4.1683216,-15.048206542807714,13.97509211990254,4
6.077291,4.207781,0.24019238,-0.5,0.8660254,0.13683593,123,1,2.9704201,13.511454453870329,6.077290885882091,1
4.473999,4.166617,0.24019238,-0.5,0.8660254,0.47233737,123,1,3.0605047,15.1712219097676,4.47399916919164,2
5.8418546,0.098449655,0.24019238,0.5,0.8660254,0.13407692,123,1,2.8987505,11.683375078932157,5.841854677060577,0
7.958036,1.6034192,0.24019238,-0.5,0.8660254,0.39713246,123,1,3.0427518,10.116936817026499,7.958035875574192,2
9.3265915,0.3411219,0.75980765,0.5,-0.8660254,0.22174037,123,3,4.5204425,3.4800507253719024,9.32659163341516,4
8.644953,0.10343812,0.75980765,0.5,-0.8660254,0.45705667,123,3,4.383025,-17.0159094629891,8.644953166383159,4
3.8925548,4.3700576,0.24019238,-0.5,0.8660254,0.10564759,123,1,3.0083046,14.462822203951436,3.8925547102389175,1
9.308547,0.13083261,0.24019238,0.5,0.8660254,0.2996005,123,1,2.8662097,13.045925723224553,9.308546806939828,0
7.8555026,0.22587991,0.65,0.8660254,-0.5,0.16505769,123,3,4.040221,1.741145536058971,7.855502368067224,4
4.8274508,0.25696135,0.2,-2.4492937e-16,1.0,0.12848534,123,1,2.6894937,12.503291024110395,4.827450836503486,0
7.255177,0.352681,0.5,1.0,6.123234e-17,0.42793152,123,2,3.8732588,12.647385686346272,7.255176962242308,3
13.773108,0.07290227,0.75980765,0.5,-0.8660254,0.3178309,123,3,4.1891556,-19.757590356996054,13.773107784034533,4
5.6983223,3.3398657,0.24019238,-0.5,0.8660254,0.10868784,123,1,2.9856799,13.545422549538728,5.698322348357223,1
10.553668,0.0,0.75980765,0.5,-0.8660254,0.40284422,123,3,4.3222632,-12.582543569016286,10.553667812947872,4
6.419465,0.9438084,0.75980765,0.5,-0.8660254,0.18609875,123,3,4.596607,10.486468929953597,6.4194651474469655,4
7.86602,0.24750368,0.24019238,0.5,0.8660254,0.22401366,123,1,2.7742562,13.847979628953286,7.866020251987802,0
7.959325,0.93037343,0.24019238,-0.5,0.8660254,0.36774027,123,1,3.0351112,13.673790239703699,7.959324750288726,2
6.740965,3.5237722,0.24019238,-0.5,0.8660254,0.17080872,123,1,2.9461348,13.719953797893844,6.740964822874594,1
11.029442,0.08477115,0.75980765,0.5,-0.8660254,0.1738191,123,3,4.3694444,-6.516187651082209,11.02944142264179,4
9.769276,0.2652836,0.65,0.8660254,-0.5,0.19032496,123,3,3.8846679,7.254759834080391,9.769275997361351,3
7.912599,0.7431174,0.24019238,-0.5,0.8660254,0.46982327,123,1,2.951296,9.511266257969254,7.912599168916449,1
4.2219257,4.600455,0.24019238,-0.5,0.8660254,0.23314111,123,1,2.9892642,13.485309571534115,4.221925707915712,1
4.875537,0.6665364,0.2,-2.4492937e-16,1.0,0.49460226,123,1,2.9420133,9.528287134120907,3.821740943182308,1
8.98216,0.17706479,0.65,0.8660254,-0.5,0.24142407,123,3,3.9730527,11.389812675196154,8.982159645183902,4
7.883842,0.0,0.5,1.0,6.123234e-17,0.1331512,123,2,4.0190215,6.970808654110001,7.883842039115962,4
7.712451,0.9933426,0.24019238,-0.5,0.8660254,0.31045634,123,1,2.957013,14.56725611007065,7.712450952501272,1
4.451955,0.10813319,0.24019238,0.5,0.8660254,0.39003146,123,1,3.143854,11.677831469532096,4.451954639388547,2
9.146212,2.515439,0.24019238,-0.5,0.8660254,0.43107447,123,1,2.9705396,13.14071344814228,9.146211846711878,1
3.8169343,5.466625,0.24019238,-0.5,0.8660254,0.18521725,123,1,2.9939554,14.237732305680709,3.8169342882638,1
9.058949,0.6264321,0.75980765,0.5,-0.8660254,0.232721,123,3,4.5199084,9.322886575728555,9.058949386103771,4
7.935988,1.6380659,0.24019238,-0.5,0.8660254,0.46173733,123,1,2.9684477,12.674863915440131,7.935988087466763,1
7.917647,1.7792023,0.24019238,-0.5,0.8660254,0.29408076,123,1,2.9136071,10.1345013897627,7.917646979552287,0
10.31561,0.13582699,0.75980765,0.5,-0.8660254,0.2805264,123,3,4.459987,0.12700137835761227,10.315609804538903,4
8.90858,0.782249,0.75980765,0.5,-0.8660254,0.35833922,123,3,4.443326,-22.32334855678682,8.90857947419222,4
5.583271,7.0579076,0.35,-0.8660254,0.5,0.38750947,123,1,3.1524396,15.060400361976793,5.583270980969666,3
4.7063046,0.16318752,0.5,1.0,6.123234e-17,0.42252547,123,2,3.7391727,11.58860974593991,4.706304484002755,3
6.440423,0.2185058,0.24019238,0.5,0.8660254,0.4513229,123,1,3.09097,15.386820246355768,6.4404228635362575,2
8.544005,0.24093015,0.24019238,0.5,0.8660254,0.15440439,123,1,2.878392,12.75169653285391,8.544005835853563,0
3.8263524,4.8080726,0.24019238,-0.5,0.8660254,0.2840798,123,1,3.0709684,14.53614714536289,3.8263524139702594,2
5.6995907,0.077741794,0.24019238,0.5,0.8660254,0.23237655,123,1,2.849463,11.652843898687443,5.69959048841763,0
3.8471365,7.5163403,0.24019238,-0.5,0.8660254,0.31837046,2024,1,3.3744988,14.461283943755905,3.8471364933678056,2
4.850601,0.41413537,0.2,-2.4492937e-16,1.0,0.23991652,2024,1,3.1305861,10.185668422203372,4.850601421121191,0
10.117999,4.8611574,0.65,-0.8660254,-0.5,0.1434944,2024,3,3.7147996,5.627493856977514,10.11799876362406,3
5.5609703,6.559301,0.35,-0.8660254,0.5,0.4928355,2024,1,3.4493768,13.656979680207684,5.560970294229567,3
4.2107124,2.5386384,0.24019238,-0.5,0.8660254,0.47134548,2024,1,3.2747326,16.55824847916597,4.210712354467883,2
3.9474247,3.653279,0.24019238,-0.5,0.8660254,0.3627723,2024,1,3.3494258,15.735086296827184,3.947424652346347,2
9.751778,0.26398656,0.75980765,0.5,-0.8660254,0.35757706,2024,3,4.541302,-7.3209720972348435,9.751777383494204,4
7.970688,1.9649166,0.24019238,-0.5,0.8660254,0.12257133,2024,1,3.2299447,13.81026544349636,7.970687862962063,1
6.8573837,0.13185938,0.24019238,0.5,0.8660254,0.37127894,2024,1,3.217605,11.696557052762907,6.857383609003823,1
5.611104,0.010574277,0.24019238,0.5,0.8660254,0.47700042,2024,1,3.2212956,15.106518602866153,5.611104131505376,1
7.6629405,2.852108,0.24019238,-0.5,0.8660254,0.37692884,2024,1,3.1937246,12.774712473930927,7.662940619335084,1
7.9605227,1.7362214,0.24019238,-0.5,0.8660254,0.43517274,2024,1,3.1775699,14.18071956151064,7.960522864616952,1
5.207101,3.5326111,0.24019238,-0.5,0.8660254,0.31452027,2024,1,3.3429437,14.799664852883511,5.207100641144571,2
3.5099921,5.648323,0.24019238,-0.5,0.8660254,0.20457417,2024,1,3.3663263,11.025782945199268,3.5099921593949404,2
4.6194196,0.39355186,0.24019238,0.5,0.8660254,0.34157586,2024,1,3.1996775,14.739659857007625,4.619419467990751,1
11.870656,0.46643582,0.75980765,0.5,-0.8660254,0.13011083,2024,3,4.325039,-14.749101353499576,11.870656115104138,4
4.855304,0.18773498,0.24019238,0.5,0.8660254,0.24811134,2024,1,3.1293244,12.497553572474791,4.855303638784064,0
4.4348183,2.3501036,0.24019238,-0.5,0.8660254,0.36104444,2024,1,3.329478,10.017157237714393,4.434818154004557,2
9.590192,0.00760291,0.5,1.0,6.123234e-17,0.36863515,2024,2,4.0430884,13.781425981843599,9.590192003129786,3
7.9142146,0.44464025,0.24019238,0.5,0.8660254,0.18459004,2024,1,3.126533,13.108994244653633,7.914214532399597,0
5.825987,0.21886241,0.24019238,0.5,0.8660254,0.49586847,2024,1,3.1861143,14.395357777614818,5.825986687786229,1
10.2989435,0.45457137,0.75980765,0.5,-0.8660254,0.17647524,2024,3,4.4721045,-6.429555294036908,10.298943181675623,4
6.9085755,0.12410454,0.24019238,0.5,0.8660254,0.1961602,2024,1,3.1444988,10.973841720876644,6.908575584652093,0
5.4290867,7.7309375,0.35,-0.8660254,0.5,0.4657446,2024,1,3.4251678,13.527857752498605,5.42908661392149,3
6.87902,0.33501682,0.5,1.0,6.123234e-17,0.3316932,2024,2,3.9522622,14.23743908075759,6.879020126557913,3
4.5859237,0.3110524,0.24019238,0.5,0.8660254,0.29319087,2024,1,3.1421933,10.776023548113857,4.58592360258876,0
9.157073,0.00414551,0.75980765,0.5,-0.8660254,0.14814335,2024,3,4.4909,-4.205260679086178,9.157073061305487,4
8.870268,0.14828601,0.24019238,0.5,0.8660254,0.26225913,2024,1,3.0253024,9.648544829533366,8.870267665239025,0
9.511399,0.03899328,0.75980765,0.5,-0.8660254,0.14520273,2024,3,4.4696045,-19.277549185574763,9.511399119898432,4
4.6532354,4.1960783,0.24019238,-0.5,0.8660254,0.43701038,2024,1,3.2957046,11.104779718863387,4.6532355398099385,2
4.990728,0.2637782,0.24019238,0.5,0.8660254,0.31222793,2024,1,3.182955,12.735254604462156,4.990727670267921,1
5.5077224,6.4551086,0.35,-0.8660254,0.5,0.30913642,2024,1,3.440061,13.72415020175438,5.507722591483128,3
5.5147943,5.6889553,0.35,-0.8660254,0.5,0.18059552,2024,1,3.550743,15.1170805664531,5.514794148639203,3
1.9927073,7.717093,0.24019238,-0.5,0.8660254,0.22373164,2024,1,3.4279342,10.653079018350134,1.9927072455010888,3
10.333478,0.25810012,0.75980765,0.5,-0.8660254,0.43242136,2024,3,4.5228906,4.388322501462809,10.333477545036413,4
9.872105,0.22412615,0.24019238,0.5,0.8660254,0.4080306,2024,1,3.207879,13.596900881901197,9.872104982299517,1
4.582292,3.1111908,0.24019238,-0.5,0.8660254,0.20467626,2024,1,3.3380816,13.527563316888491,4.582292282312187,2
6.378763,0.16711664,0.24019238,0.5,0.8660254,0.4781477,2024,1,3.1940851,13.503139207226525,6.378763160642478,1
6.257125,4.6940737,0.35,-0.8660254,0.5,0.24536613,2024,1,3.4951057,13.815548592007259,6.257125129225551,3
9.530687,0.32769564,0.24019238,0.5,0.8660254,0.3853971,2024,1,3.2518067,12.916551268838166,9.530687763656587,2
8.850535,0.1111027,0.65,0.8660254,-0.5,0.42546394,2024,3,4.211085,1.5608600881168635,8.85053539382052,3
5.750778,0.08642254,0.24019238,0.5,0.8660254,0.11795045,2024,1,3.1742394,13.201512176962122,5.75077800656566,1
8.741298,0.091204725,0.65,0.8660254,-0.5,0.2574887,2024,3,4.2553177,12.341367055015127,8.74129769862405,4
4.651867,0.0,0.24019238,-0.5,0.8660254,0.29893735,2024,1,3.3721976,13.347303832570233,4.65186693860857,2
7.405664,6.1434116,0.65,-0.8660254,-0.5,0.2164809,2024,3,3.8619933,8.535486617260386,7.40566405379352,3
7.928191,1.4811178,0.24019238,-0.5,0.8660254,0.13052727,2024,1,3.2213712,12.41816230406432,7.928191018819104,1
8.831637,0.024087498,0.65,0.8660254,-0.5,0.10435169,2024,3,4.3565927,-2.9449305277102944,8.831637151412083,4
11.177542,0.21884286,0.24019238,0.5,0.8660254,0.23048766,2024,1,2.9581711,11.789883888621453,11.177541371426198,0
7.937675,1.0819967,0.24019238,-0.5,0.8660254,0.4800763,2024,1,3.0896974,13.527072552954928,7.937675158513764,0
5.020463,0.7164107,0.2,-2.4492937e-16,1.0,0.48310333,2024,1,2.9553738,10.834350676443853,5.020463219720497,0
5.765048,0.8168295,0.2,-2.4492937e-16,1.0,0.3385648,2024,1,3.149861,11.35413917053186,5.765047862128667,0
5.5998306,7.262156,0.35,-0.8660254,0.5,0.38568604,2024,1,3.3841777,15.208311198001379,5.599830603447388,2
5.911346,0.027201125,0.24019238,0.5,0.8660254,0.14226118,2024,1,3.1782517,10.443166896625476,5.911345916454364,1
3.3899024,0.58821136,0.2,-2.4492937e-16,1.0,0.19636115,2024,1,3.1668868,9.991194803502717,3.389902263738504,1
9.628328,0.2843643,0.75980765,0.5,-0.8660254,0.4429419,2024,3,4.6053205,-3.0600164563587704,9.628327937024295,4
5.5111995,2.9837005,0.24019238,-0.5,0.8660254,0.1930276,2024,1,3.2890515,12.74423873328074,5.511199277821069,2
3.5467215,5.9230156,0.35,-0.8660254,0.5,0.32825887,2024,1,3.513138,15.970270182365452,3.5467215394954814,3
5.4945903,0.33760262,0.24019238,0.5,0.8660254,0.41814768,2024,1,3.2368188,15.236511638830189,5.494590047860597,2
8.851126,0.13829158,0.65,0.8660254,-0.5,0.41692024,2024,3,4.2259164,2.8032048898211013,8.851126102493222,3
7.9549685,1.6578306,0.24019238,-0.5,0.8660254,0.2924599,2024,1,3.2219489,14.034001268018049,7.954968420069924,1
4.511515,4.9562516,0.24019238,-0.5,0.8660254,0.1955576,2024,1,3.3301659,13.531928481602293,4.511515378130591,2
13.333217,0.2600422,0.24019238,0.5,0.8660254,0.2631764,2024,1,2.9407942,10.369968199110074,13.333216867668432,0
7.9396663,1.3258476,0.24019238,-0.5,0.8660254,0.46225658,2024,1,3.1392612,12.341671480541835,7.939666080115004,0
3.948102,5.1472344,0.24019238,-0.5,0.8660254,0.2288333,2024,1,3.3525777,11.622361195266201,3.948101924081464,2
12.539951,4.442199,0.65,-0.8660254,-0.5,0.4394019,2024,3,3.9672256,6.22202207566182,12.53995167344918,3
5.9010496,0.107246906,0.24019238,0.5,0.8660254,0.23520954,2024,1,3.137848,10.6465642561234,5.901049565992124,0
5.485277,13.609974,0.35,-0.8660254,0.5,0.16506489,2024,1,3.5100908,14.653099793537946,5.485277006872489,3
11.457476,0.039301813,0.75980765,0.5,-0.8660254,0.20025983,2024,3,4.4752617,-16.1844506270125,11.457475399529825,4
4.8261623,0.1622342,0.2,-2.4492937e-16,1.0,0.3789541,2024,1,3.1564674,12.320017580465027,4.8261622279480285,0
4.809984,0.27677694,0.2,-2.4492937e-16,1.0,0.1744713,2024,1,3.084852,13.48826830830209,4.809984193173939,0
4.34108,0.5750321,0.2,-2.4492937e-16,1.0,0.390528,2024,1,3.1681159,15.336133970078484,4.341080228214673,1
5.450378,0.17421424,0.24019238,0.5,0.8660254,0.29312122,2024,1,3.1390054,12.121404638506524,5.450377901635469,0
4.4549704,0.35950255,0.24019238,0.5,0.8660254,0.4415885,2024,1,3.2617614,12.012650985224466,4.454970370916634,2
5.803179,0.063859664,0.24019238,0.5,0.8660254,0.1547587,2024,1,3.1749578,11.141947088114138,5.803178907942381,1
5.471963,2.5051677,0.24019238,-0.5,0.8660254,0.3151583,2024,1,3.3400655,13.14961616066082,5.471962993909838,2
5.1484847,0.095977806,0.24019238,0.5,0.8660254,0.4782691,2024,1,3.2331493,11.291131717995393,5.148484650631939,2
5.0856557,0.38026896,0.24019238,0.5,0.8660254,0.3288747,2024,1,3.2041988,14.059518173655977,5.085655866941433,1
4.4378357,0.17873363,0.24019238,0.5,0.8660254,0.1776373,2024,1,3.2119184,12.416544331540459,4.43783561902679,1
5.4760833,0.0,0.35,-0.8660254,0.5,0.36513206,2024,1,3.406143,14.170673052217337,5.476083161704046,3
4.6622324,0.36442056,0.24019238,0.5,0.8660254,0.16272615,2024,1,3.203918,15.426601143691862,4.662232232972826,1
3.8649747,0.15873395,0.24019238,0.5,0.8660254,0.20068006,2024,1,3.2133532,13.256913900503129,3.8649746958834825,1
5.9218473,0.118756354,0.24019238,0.5,0.8660254,0.3069473,2024,1,3.1728563,15.117479500115287,5.921847261956375,1
6.7412663,0.014692952,0.24019238,0.5,0.8660254,0.24573113,2024,1,3.1012278,12.07526611849406,6.741266452122124,0
7.9896894,0.83335,0.24019238,-0.5,0.8660254,0.11653968,2024,1,3.2409742,12.582349405771142,7.989689277996177,2
10.696668,0.0070097023,0.5,1.0,6.123234e-17,0.19516923,2024,2,3.7635791,7.9151310218862125,10.696667768984842,3
5.045212,6.8308735,0.24019238,-0.5,0.8660254,0.2167492,2024,1,3.288427,11.559724760286905,5.045211673644862,2
6.494661,0.17351677,0.24019238,0.5,0.8660254,0.3542419,2024,1,3.2186942,10.192430123931512,6.494660949607788,1
5.538538,0.10754088,0.24019238,0.5,0.8660254,0.21414185,2024,1,3.1747892,13.864208802398654,5.53853796317528,1
13.097339,0.0916815,0.75980765,0.5,-0.8660254,0.2722086,2024,3,4.513835,-41.72176273731927,13.097338918314566,4
7.6855726,0.1820045,0.24019238,0.5,0.8660254,0.48275796,2024,1,3.1126945,13.822775664507482,7.68557248263064,0
4.2249084,4.8805766,0.24019238,-0.5,0.8660254,0.4572966,2024,1,3.3139606,11.209813225067604,4.224908146424935,2
8.848501,0.00586831,0.65,0.8660254,-0.5,0.29585996,2024,3,4.253484,12.484193984835773,8.84850077924985,4
7.961287,1.1454484,0.24019238,-0.5,0.8660254,0.4564719,2024,1,3.1512954,11.00290119779693,7.961287199735519,0
6.768778,0.05980547,0.24019238,0.5,0.8660254,0.16922337,2024,1,3.1505172,10.92262657608934,6.768777857731129,0
9.404518,0.1566196,0.65,0.8660254,-0.5,0.4957274,2024,3,4.0697904,9.587409428130702,9.404517657262613,3
3.2419212,0.07886948,0.5,1.0,6.123234e-17,0.3657379,2024,2,3.8504035,15.05736107008454,3.241921203745436,3
4.867306,1.1039392,0.2,-2.4492937e-16,1.0,0.44222108,2024,1,3.091187,12.166543667442582,4.867306375036614,0
5.467738,10.938293,0.35,-0.8660254,0.5,0.11151656,2024,1,3.546308,14.026368408844645,5.467738270398023,3
6.2685003,0.3024023,0.24019238,0.5,0.8660254,0.13744345,2024,1,3.1741133,12.78638017372976,6.268500174902373,1
6.49644,5.7699876,0.65,-0.8660254,-0.5,0.21374509,2024,3,3.879921,1.6894998340533234,6.496439749597054,3
4.6936154,5.874161,0.35,-0.8660254,0.5,0.10240105,2024,1,3.5921025,13.210928486868443,4.693615348973663,3
7.950601,1.1416006,0.24019238,-0.5,0.8660254,0.15275422,2024,1,3.1926966,12.72523854322245,7.950601245958204,1
5.8632956,0.2230577,0.24019238,0.5,0.8660254,0.4995284,2024,1,3.17432,11.623632044067628,5.86329534060918,1
4.195202,0.3115534,0.24019238,0.5,0.8660254,0.29875565,2024,1,3.1503906,13.314195745155764,4.195201886448651,0
9.44041,0.19568305,0.75980765,0.5,-0.8660254,0.12392221,2024,3,4.4511986,-23.535833650608254,9.440410043045636,4
10.566879,0.0,0.75980765,0.5,-0.8660254,0.14720988,2024,3,4.4227824,-10.400106650922933,10.566879394471176,4
7.370737,0.53439605,0.24019238,0.5,0.8660254,0.17535205,2024,1,3.134142,14.65072773537826,7.37073690993881,0
7.1164756,0.0,0.5,1.0,6.123234e-17,0.19368164,2024,2,3.9639566,12.664487407550643,7.116475815362996,3
7.925147,1.7707211,0.24019238,-0.5,0.8660254,0.46989977,2024,1,3.122746,12.209450459244673,7.925147091152244,0
3.8674402,3.5604362,0.24019238,-0.5,0.8660254,0.4944218,2024,1,3.193425,10.904259314258884,3.86744017916614,1
4.913348,4.344618,0.24019238,-0.5,0.8660254,0.3511844,2024,1,3.307628,15.747947552768377,4.91334823270121,2
7.002902,0.000244734,0.5,1.0,6.123234e-17,0.16417462,2024,2,3.9909797,12.602726016896272,7.00290203173926,3
7.957929,1.7419142,0.24019238,-0.5,0.8660254,0.3959947,2024,1,3.181348,11.747932234625713,7.957928898671963,1
7.9600816,0.9078582,0.24019238,-0.5,0.8660254,0.40885276,2024,1,3.1713743,13.682313033373317,7.960081667824738,1
3.9960132,5.6274643,0.24019238,-0.5,0.8660254,0.49929667,2024,1,3.1658638,9.808341930253672,3.9960131099775102,1
5.4576783,9.901191,0.35,-0.8660254,0.5,0.4840308,2024,1,3.4440818,13.944003953556118,5.457678130160826,3
7.2093067,0.14174113,0.24019238,0.5,0.8660254,0.30811042,2024,1,3.173284,13.236834901503098,7.209306676482379,1
9.705472,0.22269766,0.75980765,0.5,-0.8660254,0.44758198,2024,3,4.6093397,4.373618959498251,9.705471710272594,4
10.223874,0.46358046,0.75980765,0.5,-0.8660254,0.3172706,2024,3,4.611132,-8.101881951899097,10.223873996289289,4
5.9841814,0.9155807,0.24019238,-0.5,0.8660254,0.44518888,2024,1,3.2524424,10.039807462393917,5.984181567427682,2
4.207311,0.09174156,0.5,1.0,6.123234e-17,0.14826979,2024,2,4.093434,14.686255113981723,4.207310925019611,3
3.8491786,0.49837494,0.2,-2.4492937e-16,1.0,0.37519124,2024,1,3.1783175,13.592544014808583,3.849178503874776,1
3.9985852,0.45117772,0.2,-2.4492937e-16,1.0,0.18211688,2024,1,3.1267824,12.009060107586963,3.998585325911973,0
1.985333,6.73492,0.24019238,-0.5,0.8660254,0.33071083,2024,1,3.4384127,13.584987200934936,1.985332916392521,3
4.53,0.3468856,0.2,-2.4492937e-16,1.0,0.13760012,2024,1,3.0704682,14.001933308064796,4.530000273569729,0
7.3940644,0.031100487,0.5,1.0,6.123234e-17,0.28946888,2024,2,3.9079306,10.408829198652116,7.394064473871649,3
4.0166535,0.9977529,0.24019238,0.5,0.8660254,0.4527999,2024,1,3.2709322,10.431881476451833,4.016653404125211,2
3.0757155,4.596439,0.24019238,-0.5,0.8660254,0.32504848,2024,1,3.399661,10.414872292617149,3.075715550915691,3
5.4006753,9.43307,0.35,-0.8660254,0.5,0.12572847,2024,1,3.5528297,13.443517001909914,5.400675436459413,3
4.822448,0.6060263,0.2,-2.4492937e-16,1.0,0.21339065,2024,1,3.1488276,10.243629255347836,4.774943065747273,0
4.836075,0.20327139,0.24019238,0.5,0.8660254,0.38606986,2024,1,3.243863,10.019517706509813,4.836074611213653,2
10.556692,0.0,0.75980765,0.5,-0.8660254,0.22571473,2024,3,4.5706086,-21.803650899330137,10.556691773640424,4
4.8360353,0.09036917,0.24019238,0.5,0.8660254,0.37678668,2024,1,3.2397528,11.358918503232216,4.836035256197253,2
5.63293,0.35636917,0.24019238,0.5,0.8660254,0.31021065,2024,1,3.1824157,12.661189252754601,5.632929695814394,1
11.080726,0.007470973,0.75980765,0.5,-0.8660254,0.23298448,2024,3,4.568825,-8.235310550265915,11.080725760252117,4
7.3072767,0.40981427,0.24019238,0.5,0.8660254,0.4451237,2024,1,3.1830502,11.34287466385359,7.307276810651675,1
5.4097786,12.328786,0.35,-0.8660254,0.5,0.40061694,2024,1,3.4052548,13.218854287560935,5.409778727790249,3
4.939126,0.23587985,0.24019238,0.5,0.8660254,0.26370746,2024,1,3.1161125,11.531547894507304,4.939126194271317,0
3.0148234,3.6061075,0.24019238,-0.5,0.8660254,0.26702225,2024,1,3.4074311,10.04322931272957,3.014823545509022,3
10.323055,0.0037979279,0.75980765,0.5,-0.8660254,0.2127351,2024,3,4.553601,4.455683299508524,10.323055559907584,4
7.9454207,1.4310064,0.24019238,-0.5,0.8660254,0.4414181,2024,1,3.1803603,10.630205125110491,7.945420868789878,1
4.24505,0.0,0.24019238,-0.5,0.8660254,0.27367228,2024,1,3.3660398,10.44916996709001,4.245049944685101,2
10.154981,0.23108733,0.75980765,0.5,-0.8660254,0.28698593,2024,3,4.6346765,-18.193151049543552,10.1549811016777,4
4.1572556,4.892863,0.24019238,-0.5,0.8660254,0.33168566,2024,1,3.350234,13.81318424497397,4.157255874190264,2
5.4358807,8.388438,0.24019238,-0.5,0.8660254,0.1292604,2024,1,3.2232099,15.557008222905184,5.435880652862034,1
4.342152,5.453466,0.24019238,-0.5,0.8660254,0.3807647,2024,1,3.314813,10.091365680233,4.342152058172577,2
7.1323,0.0,0.5,1.0,6.123234e-17,0.32422632,2024,2,3.9448047,7.5232534130315365,7.1322998386502725,3
4.165341,0.81244606,0.2,-2.4492937e-16,1.0,0.35525906,2024,1,3.1719017,13.0120418144072,4.165341107093476,1
11.10429,0.2800643,0.75980765,0.5,-0.8660254,0.10930931,2024,3,4.3413324,-10.878857775982985,11.104289983659712,4
8.013755,0.0,0.24019238,0.5,0.8660254,0.1329478,2024,1,3.1634316,11.649481703428846,8.013754384691367,0
8.787398,0.29769,0.75980765,0.5,-0.8660254,0.33842513,2024,3,4.612247,-1.571270548792267,8.787398428892914,4
9.084938,0.26006082,0.75980765,0.5,-0.8660254,0.3641537,2024,3,4.561646,-3.8491313990817613,9.084938400907197,4
7.894555,1.51366,0.24019238,-0.5,0.8660254,0.4389182,2024,1,3.1810827,12.353930395908588,7.894555143470194,1
8.842279,0.21036942,0.65,0.8660254,-0.5,0.4662265,2024,3,4.1617465,11.093879816020593,8.842279257936053,3
5.4760423,0.035502832,0.24019238,0.5,0.8660254,0.48518887,2024,1,3.2209475,14.155938287532141,5.476042276881793,1
4.249434,3.709067,0.24019238,-0.5,0.8660254,0.19957462,2024,1,3.3514833,12.557862251790441,4.24943375977411,2
6.7549305,0.27349326,0.24019238,0.5,0.8660254,0.20887552,2024,1,3.1376567,11.364326370691522,6.754930443082636,0
5.0646863,0.28431788,0.24019238,0.5,0.8660254,0.30765164,2024,1,3.1764507,11.92711280297404,5.064686425053581,1
2.8948634,9.773545,0.24019238,-0.5,0.8660254,0.3523485,2024,1,3.3938794,14.308100085470766,2.8948632944168264,3
8.153724,0.19686037,0.24019238,0.5,0.8660254,0.13998483,2024,1,3.1494966,13.360669729564727,8.153724044078876,0
5.480175,6.0570016,0.35,-0.8660254,0.5,0.15297444,2024,1,3.554302,15.200124337977554,5.480175214237156,3
4.8544235,0.82071114,0.2,-2.4492937e-16,1.0,0.4219485,2024,1,3.1481829,14.286345904007554,4.854423395273806,0
9.083401,0.19107574,0.75980765,0.5,-0.8660254,0.28865707,2024,3,4.6557336,-15.540452904854932,9.083400983192371,4
5.378837,0.12975739,0.24019238,0.5,0.8660254,0.4666944,2024,1,3.2322717,12.002925141374623,5.378836906318903,2
9.135109,0.05769657,0.24019238,0.5,0.8660254,0.30116633,2024,1,3.1306949,14.496325694404664,9.135108645368266,0
7.054068,0.00044452876,0.5,1.0,6.123234e-17,0.31917208,2024,2,3.9354599,14.395346799726582,7.054067919841241,3
7.9593363,1.5410007,0.24019238,-0.5,0.8660254,0.20407926,2024,1,3.165557,13.599687312269397,7.959336229589809,1
4.2289224,0.012242444,0.24019238,0.5,0.8660254,0.37729046,2024,1,3.2602816,11.787834472774255,4.228922487344969,2
6.327317,3.1165066,0.75980765,-0.5,-0.8660254,0.13054371,2024,3,4.5282445,10.793580944845388,6.327317023846544,4
2.8554144,1.2593474,0.2,-2.4492937e-16,1.0,0.41003826,2024,1,3.2022576,10.766924591712545,2.855414339709397,1
6.0756145,0.032159727,0.24019238,0.5,0.8660254,0.4183166,2024,1,3.2229242,12.485415745340127,6.075614320097359,1
5.2298903,0.35816124,0.24019238,0.5,0.8660254,0.47099578,2024,1,3.2335522,13.026474112331078,5.229890398329192,2
8.856813,0.2933897,0.65,0.8660254,-0.5,0.17710662,2024,3,4.278561,-2.563562761862496,8.856813275305878,4
4.758039,3.8792903,0.24019238,-0.5,0.8660254,0.39419723,2024,1,3.2931557,12.614929367118837,4.758038958725591,2
4.808476,0.15465152,0.2,-2.4492937e-16,1.0,0.12913252,2024,1,3.065024,11.991492587412463,4.808475855433567,0
5.468106,9.405892,0.35,-0.8660254,0.5,0.1699326,2024,1,3.5289202,13.599556244931131,5.4681056782000885,3
6.8918757,0.25468883,0.24019238,0.5,0.8660254,0.34197956,2024,1,3.221098,13.668519169370539,6.891875653480568,1
6.1123505,0.13656282,0.24019238,0.5,0.8660254,0.14327636,2024,1,3.1738582,10.488149807086813,6.112350350293296,1
5.1879115,0.7417268,0.2,-2.4492937e-16,1.0,0.16044345,2024,1,3.0603764,15.117810531265459,5.18791168960105,0
8.8504,0.2435677,0.65,0.8660254,-0.5,0.27360186,2024,3,4.2379174,2.4474960977118645,8.8503999768083,3
5.788335,10.941203,0.65,-0.8660254,-0.5,0.4135275,2024,3,3.7346067,9.460040819900204,5.788334656699953,3
5.106605,6.9391046,0.35,-0.8660254,0.5,0.2644141,2024,1,3.4970284,12.431493653519953,5.106605020130648,3
7.937694,1.2519752,0.24019238,-0.5,0.8660254,0.25994897,2024,1,3.1647792,13.812344250260091,7.937694152327316,0
4.2153826,0.0,0.24019238,-0.5,0.8660254,0.4768617,2024,1,3.255395,11.29851278073246,4.215382495690255,2
6.611934,0.29837623,0.24019238,0.5,0.8660254,0.3186871,2024,1,3.1961253,11.669703465487688,6.611934422007259,1
7.9537582,1.8699465,0.24019238,-0.5,0.8660254,0.3949846,2024,1,3.1815367,11.33948625723473,7.953758384885183,1
8.849715,0.24506281,0.65,0.8660254,-0.5,0.33720708,2024,3,4.294506,-2.3918682607341815,8.849714877847749,4
4.814271,0.53412026,0.2,-2.4492937e-16,1.0,0.17600125,2024,1,3.0853782,14.214302482822935,4.814270999942937,0
7.9545193,1.3279854,0.24019238,-0.5,0.8660254,0.321031,2024,1,3.2676537,13.055334423217774,7.954519366141981,2
6.8080716,0.0,0.24019238,0.5,0.8660254,0.101600796,2024,1,3.1808093,11.804985750429745,6.808071666711727,1
6.909936,0.11307529,0.24019238,0.5,0.8660254,0.44384727,2024,1,3.1954136,13.534175530250138,6.909935836151884,1
7.112399,0.18917696,0.24019238,0.5,0.8660254,0.16306321,2024,1,3.1433702,12.722661065401892,7.112398892732693,0
5.5331097,5.3698716,0.35,-0.8660254,0.5,0.20164609,2024,1,3.5480652,14.176454060272624,5.533109476332627,3
6.122471,0.32032362,0.24019238,0.5,0.8660254,0.4460006,2024,1,3.2145529,9.632250681336828,5.898189482395752,1
6.197991,4.50815,0.75980765,-0.5,-0.8660254,0.13688333,2024,3,4.5560584,-0.06640259419742645,6.197990700958063,4
9.883919,0.78022504,0.75980765,0.5,-0.8660254,0.34403995,2024,3,4.5654163,-10.077902895406591,9.883918720851934,4
6.4901185,2.3311713,0.24019238,-0.5,0.8660254,0.26719892,2024,1,3.217639,14.249435037515473,6.490118484413559,1
4.3234763,5.250204,0.24019238,-0.5,0.8660254,0.48674548,2024,1,3.2001321,11.718890687530884,4.323476502315112,1
6.2066026,5.530112,0.75980765,-0.5,-0.8660254,0.42909205,2024,3,4.6183057,4.977310650662739,6.206602498671029,4
5.4736085,10.678523,0.35,-0.8660254,0.5,0.20560263,2024,1,3.524561,11.422950361278165,5.473608487188108,3
6.323426,0.10564127,0.24019238,0.5,0.8660254,0.16580735,2024,1,3.161696,11.769232901370872,6.323425698062994,0
11.727094,0.045705494,0.75980765,0.5,-0.8660254,0.48684084,2024,3,4.500115,-26.803656152201267,11.727093781275448,4
3.127906,0.18901505,0.24019238,0.5,0.8660254,0.18562856,2024,1,3.25492,11.501978975127882,3.127906075525884,2
7.3098984,0.12275275,0.24019238,0.5,0.8660254,0.10886583,2024,1,3.1802833,14.292022516756457,7.309898239318113,1
7.4579062,0.07340254,0.5,1.0,6.123234e-17,0.4338975,2024,2,4.011724,10.4040410701505,7.457906038198316,3
5.012702,0.09552872,0.24019238,0.5,0.8660254,0.4882218,2024,1,3.233784,13.882541158342905,5.012702040001957,2
2.534034,6.2662253,0.24019238,-0.5,0.8660254,0.43581554,2024,1,3.383225,11.725259962489714,2.534034048005449,2
7.080628,0.0,0.5,1.0,6.123234e-17,0.4301663,2024,2,4.003417,10.845350819092445,7.080627806234905,3
5.6681213,11.082,0.35,-0.8660254,0.5,0.47453386,2024,1,3.4230719,11.126447648783694,5.668121150578919,3
7.9631195,1.7632246,0.24019238,-0.5,0.8660254,0.24816988,2024,1,3.1590896,13.861638725724871,7.963119320551774,0
4.875061,7.976677,0.24019238,-0.5,0.8660254,0.17372113,2024,1,3.2941043,12.015305110839718,4.87506082549466,2
11.519349,0.14255174,0.75980765,0.5,-0.8660254,0.18399322,2024,3,4.445063,-4.448593247820002,11.519349345600672,4
3.1459162,0.30926523,0.24019238,0.5,0.8660254,0.2931745,2024,1,3.1425312,14.983916865870077,3.1459162292434777,0
10.427559,0.78880453,0.75980765,0.5,-0.8660254,0.31159008,2024,3,4.6132197,4.195101172117365,10.427558638177612,4
8.710399,0.25284687,0.65,0.8660254,-0.5,0.29745418,2024,3,4.2666526,6.331872146557768,8.710398271225102,4
5.3386583,11.605729,0.35,-0.8660254,0.5,0.32118255,2024,1,3.4146147,15.016302965681117,5.338658255138793,3
8.127724,0.18554609,0.24019238,0.5,0.8660254,0.4957296,2024,1,3.037559,13.80084955003824,8.127723608185601,0
11.235025,0.030149275,0.75980765,0.5,-0.8660254,0.27729684,2024,3,4.6149964,-13.688973425140896,11.235025038858902,4
4.8239384,0.8988356,0.2,-2.4492937e-16,1.0,0.25167054,2024,1,3.1230829,13.385886403537029,4.8239381783390085,0
7.0696864,0.050850168,0.5,1.0,6.123234e-17,0.33108798,2024,2,3.951987,12.225826505880137,7.069686383379119,3
5.032155,0.21140969,0.2,-2.4492937e-16,1.0,0.3799435,2024,1,3.1518283,10.768505069379664,5.032154908111138,0
4.5163317,3.4378777,0.24019238,-0.5,0.8660254,0.21900007,2024,1,3.335444,13.287527753090586,4.516331794108562,2
7.954858,1.6311823,0.24019238,-0.5,0.8660254,0.46221206,2024,1,3.1381874,10.879609456135375,7.954857760210419,0
5.4968977,5.4046836,0.35,-0.8660254,0.5,0.17206143,2024,1,3.5535798,12.656391861868633,5.496897488679535,3
10.788433,0.037765883,0.75980765,0.5,-0.8660254,0.13763069,2024,3,4.3996196,-2.591981296401542,10.788432729923809,4
2.8125007,6.134031,0.24019238,-0.5,0.8660254,0.23023096,2024,1,3.3958714,12.200034913563053,2.8125007410914096,3
12.172789,0.28627726,0.75980765,0.5,-0.8660254,0.11121686,2024,3,4.239226,-14.138867563656103,12.172788181911192,3
2.714258,8.468867,0.24019238,-0.5,0.8660254,0.1996378,2024,1,3.3945894,13.6061308708485,2.714257954342046,3
13.516632,0.31082743,0.24019238,0.5,0.8660254,0.36727464,2024,1,3.1590219,11.690005730206355,13.51663245259432,0
9.673785,3.8092098,0.24019238,-0.5,0.8660254,0.38830832,2024,1,3.147533,12.240173286524776,9.673785534850811,0
7.9181986,1.9542174,0.24019238,-0.5,0.8660254,0.46383402,2024,1,3.13549,10.242111701676569,7.665622824887765,0
10.517561,0.3104662,0.75980765,0.5,-0.8660254,0.21097122,2024,3,4.5407224,-11.498209579147733,10.517561136575011,4
9.691614,0.45814338,0.75980765,0.5,-0.8660254,0.40164754,2024,3,4.5252023,-5.801414689451637,9.69161391615957,4
6.4586234,0.24140388,0.24019238,0.5,0.8660254,0.10830639,2024,1,3.1733885,13.6918381272942,6.45862334011268,1
10.201404,0.57712865,0.75980765,0.5,-0.8660254,0.22872543,2024,3,4.573971,-14.348908889411316,10.201403945563042,4
2.4399023,5.0848846,0.24019238,-0.5,0.8660254,0.30151796,2024,1,3.4209657,13.684379841587228,2.43990221274798,3
5.162118,0.0,0.24019238,0.5,0.8660254,0.37077937,2024,1,3.2238135,14.471223400400492,5.162117764721174,1
8.844538,0.09654518,0.65,0.8660254,-0.5,0.23029275,2024,3,4.262445,8.933666074683458,8.844537727641615,4
5.250296,0.061409414,0.24019238,0.5,0.8660254,0.104511596,2024,1,3.1826,15.44602073296388,5.250295955729137,1
7.1537423,0.3093532,0.5,1.0,6.123234e-17,0.22195594,2024,2,3.9243367,13.290008391340718,7.153742394973268,3
7.63062,0.13811333,0.24019238,0.5,0.8660254,0.1990719,2024,1,3.1227436,13.037574559317378,7.630619897254562,0
8.878564,0.45634893,0.75980765,0.5,-0.8660254,0.22086947,2024,3,4.5940213,3.835639864897882,8.878564019777338,4
3.9615874,10.955852,0.35,-0.8660254,0.5,0.27293903,2024,1,3.5309706,14.26657112555654,3.9615873163189335,3
7.962259,0.939995,0.24019238,-0.5,0.8660254,0.20414922,2024,1,3.1672325,14.769774591832878,7.962258815765381,1
11.170151,0.6148613,0.75980765,0.5,-0.8660254,0.22132002,2024,3,4.5353103,-7.911722916568028,11.170150464639574,4
7.9550047,0.9274146,0.24019238,-0.5,0.8660254,0.20674402,2024,1,3.1681032,13.254193449467682,7.955004887051052,1
6.7146707,0.2058783,0.65,0.8660254,-0.5,0.2883042,2024,3,4.3291507,4.558734461552579,6.714670853181404,4
8.846406,0.07647745,0.65,0.8660254,-0.5,0.2921029,2024,3,4.248655,0.045483462034556776,8.846405968098123,3
12.280947,6.0949993,0.65,-0.8660254,-0.5,0.41883054,2024,3,4.031375,-4.734206454388739,12.280946842767952,3
3.947962,4.957126,0.24019238,-0.5,0.8660254,0.40175375,2024,1,3.330534,10.550044380597802,3.947962051118107,2
4.82476,0.35478148,0.2,-2.4492937e-16,1.0,0.4335711,2024,1,3.1207,11.74071201956172,4.824759733370295,0
8.14068,0.8299249,0.75980765,0.5,-0.8660254,0.14248733,2024,3,4.5529838,-1.2913868471650236,8.140680421882559,4
8.834505,0.23655944,0.65,0.8660254,-0.5,0.23512477,2024,3,4.2624173,-0.4828834873246022,8.834505067396444,4
9.493989,0.64042956,0.75980765,0.5,-0.8660254,0.11608185,2024,3,4.4408116,-9.169093565881617,9.49398853006229,4
3.2886012,0.2932559,0.24019238,0.5,0.8660254,0.4287777,2024,1,3.2973022,11.32250385690705,3.288601256604053,2
4.918865,4.672638,0.24019238,-0.5,0.8660254,0.24141598,2024,1,3.2925446,9.703659176094202,4.704079825277457,2
7.639502,0.060950067,0.24019238,0.5,0.8660254,0.24504055,2024,1,3.0657983,14.160880272412964,7.639502111504968,0
8.043916,7.3924193,0.65,-0.8660254,-0.5,0.4127208,2024,3,3.901287,8.456648728930652,8.043915311532864,3
4.8191876,0.27447423,0.24019238,0.5,0.8660254,0.22296275,2024,1,3.172535,13.538676230230589,4.819187722517318,1
10.931347,0.051160023,0.75980765,0.5,-0.8660254,0.23418748,2024,3,4.5730414,-10.71512259015805,10.931346865716842,4
5.2165565,6.4098315,0.35,-0.8660254,0.5,0.47999805,2024,1,3.4490561,15.234650885788579,5.216556677985094,3
10.342384,0.8023036,0.75980765,0.5,-0.8660254,0.30440187,2024,3,4.6235385,-5.5099296675276985,10.342384608304972,4
9.041122,5.468136,0.65,-0.8660254,-0.5,0.13347782,2024,3,3.7894511,6.369656229522875,9.041122114110587,3
3.0267766,4.0478044,0.24019238,-0.5,0.8660254,0.31942007,2024,1,3.404056,14.021586372776701,3.026776542080276,3
2.8219593,0.06013825,0.5,1.0,6.123234e-17,0.30122656,2024,2,3.8824108,13.471618280264519,2.821959295195111,3
4.825409,0.4469613,0.2,-2.4492937e-16,1.0,0.35800964,2024,1,3.1579843,14.973489769643129,4.825408810653542,0
2.7048342,7.2062607,0.24019238,-0.5,0.8660254,0.49386415,2024,1,3.2530003,11.996624955905205,2.70483433032288,2
5.4634457,0.27660713,0.24019238,0.5,0.8660254,0.42021576,2024,1,3.2376218,14.190587958166413,5.463445450876479,2
10.93958,0.28729653,0.24019238,0.5,0.8660254,0.43558854,2024,1,3.105607,11.423908669528844,10.93958034875314,0
8.531844,0.34406945,0.24019238,0.5,0.8660254,0.27232784,2024,1,3.0478444,13.601529275399768,8.531844517169883,0
6.804168,0.0,0.24019238,0.5,0.8660254,0.46923465,2024,1,3.181291,13.30335901141116,6.804168006404643,1
15.009679,0.19848359,0.24019238,0.5,0.8660254,0.18730183,2024,1,3.0975256,10.204917454051712,15.00967854903904,0
8.188366,0.3663527,0.5,1.0,6.123234e-17,0.21158819,2024,2,3.896764,10.923568093300666,8.188365566975417,3
8.84239,0.28818366,0.65,0.8660254,-0.5,0.23271598,2024,3,4.262735,-5.59978078655517,8.842389791949293,4
6.0059156,0.34786773,0.24019238,0.5,0.8660254,0.424234,2024,1,3.2228098,14.820248992880677,6.005915641580901,1
4.149098,5.895884,0.24019238,-0.5,0.8660254,0.19952537,2024,1,3.3378644,14.698449830758205,4.149097780124508,2
6.332791,0.053077962,0.24019238,0.5,0.8660254,0.48398897,2024,1,3.1914363,12.853468643185735,6.3327908492061615,1
5.1631775,3.1148224,0.24019238,-0.5,0.8660254,0.29435876,2024,1,3.3366952,12.964445852246559,5.163177700431811,2
5.1558323,4.431209,0.24019238,-0.5,0.8660254,0.26428103,2024,1,3.2805762,15.188247866285987,5.155832331505885,2
4.819855,0.33719125,0.2,-2.4492937e-16,1.0,0.43105358,2024,1,3.1270773,10.937300332305131,4.819855085053404,0
5.631879,0.22360785,0.24019238,0.5,0.8660254,0.35318565,2024,1,3.2109652,10.136611614535411,5.631879025216568,1
2.0790014,5.769751,0.24019238,-0.5,0.8660254,0.4051317,2024,1,3.4075246,13.389678740728364,2.07900136109714,3
7.005601,0.26945916,0.24019238,0.5,0.8660254,0.41249552,2024,1,3.1996794,9.518577469957261,7.005601116952971,1
9.075383,0.4116895,0.75980765,0.5,-0.8660254,0.4073649,2024,3,4.549293,-12.238149735959219,9.0753834480759,4
4.568234,0.72269887,0.2,-2.4492937e-16,1.0,0.4294089,2024,1,3.137052,10.794789409021849,4.568234191530241,0
6.204605,5.5604115,0.75980765,-0.5,-0.8660254,0.48116285,2024,3,4.7798305,9.90184537209332,6.204605019588583,4
5.43688,2.5442722,0.24019238,-0.5,0.8660254,0.20733465,2024,1,3.2979116,14.75104441960651,5.436880187481267,2
9.075437,0.256014,0.5,1.0,6.123234e-17,0.47793892,2024,2,3.9886672,10.144183053426971,9.075436659679749,3
5.29133,0.12999345,0.24019238,0.5,0.8660254,0.29636654,2024,1,3.14827,14.26087252101782,5.291330011336534,0
3.7804916,3.5260956,0.24019238,-0.5,0.8660254,0.36236215,2024,1,3.3581176,13.732460698986197,3.780491584648601,2
11.497747,13.058533,0.65,-0.8660254,-0.5,0.41153285,2024,3,4.0300784,-3.562361347097007,11.49774776398987,3
6.236924,3.0762064,0.75980765,-0.5,-0.8660254,0.11948023,2024,3,4.5168157,9.591753979636575,6.236924346630329,4
4.828012,0.21619637,0.2,-2.4492937e-16,1.0,0.40743744,2024,1,3.161438,11.542662540350408,4.8280118518803175,0
4.587834,3.7794402,0.24019238,-0.5,0.8660254,0.14398336,2024,1,3.3131888,12.065365171624482,4.587833926387966,2
7.440269,0.5115556,0.75980765,0.5,-0.8660254,0.19417042,2024,3,4.625873,6.787105339332593,7.440268797996321,4
4.1535883,5.032255,0.24019238,-0.5,0.8660254,0.43369827,2024,1,3.3139386,10.165670528062254,4.153588412758845,2
7.955624,0.0,0.24019238,-0.5,0.8660254,0.32668895,2024,1,3.2729797,12.05069432629437,7.95562422563456,2
7.9578276,0.0,0.24019238,-0.5,0.8660254,0.4155679,2024,1,3.1715024,13.6858672927136,7.957827605910031,1
10.269227,0.6158266,0.75980765,0.5,-0.8660254,0.4681382,2024,3,4.5862203,-5.359421663722545,10.26922666896156,4
5.2472982,0.32462013,0.24019238,0.5,0.8660254,0.19814743,2024,1,3.1808476,12.124604277762593,5.247298408866113,1
4.5896473,0.2721192,0.24019238,0.5,0.8660254,0.14964955,2024,1,3.2083259,14.959530122057938,4.589647070081152,1
10.249913,0.04566219,0.24019238,0.5,0.8660254,0.32884407,2024,1,3.2219768,11.518810515996428,10.24991350099905,1
10.101243,0.073433496,0.75980765,0.5,-0.8660254,0.24847834,2024,3,4.590465,-7.046710932164063,10.101243051782044,4
2.1998355,5.8937755,0.24019238,-0.5,0.8660254,0.30841458,2024,1,3.430331,15.713751997039578,2.1998355204629783,3
4.2276335,2.2863278,0.24019238,0.5,0.8660254,0.35522306,2024,1,3.2056537,10.113234680445196,4.227633266568949,1
7.905635,2.5845888,0.24019238,-0.5,0.8660254,0.21606116,2024,1,3.1594977,13.60603874585398,7.905634922068839,0
7.9589467,1.5220124,0.24019238,-0.5,0.8660254,0.34233952,2024,1,3.2420733,13.103314340149293,7.958946791554654,2
7.9605856,1.2422825,0.24019238,-0.5,0.8660254,0.44126713,2024,1,3.1802955,13.163369674565743,7.960585813686777,1
3.7475457,0.0,0.5,1.0,6.123234e-17,0.44063357,2024,2,3.7398322,15.606598750508677,3.747545672280679,3
12.089631,0.66688937,0.75980765,0.5,-0.8660254,0.40531275,2024,3,4.4187922,-27.96851739896571,12.089631393875845,4
7.46575,3.4491208,0.24019238,-0.5,0.8660254,0.32031274,2024,1,3.266914,12.276635816985134,7.465750257508963,2
7.8956084,1.314984,0.24019238,-0.5,0.8660254,0.23346418,2024,1,3.1648037,13.140775911882553,7.895608547550034,1
4.174441,0.6640027,0.2,-2.4492937e-16,1.0,0.3893126,2024,1,3.170876,9.458079602819826,4.1395631929713606,1
1.8226815,7.2495484,0.24019238,-0.5,0.8660254,0.44370523,2024,1,3.4142456,11.560344773340862,1.822681544926892,3
6.3986754,0.13903503,0.75980765,0.5,-0.8660254,0.10954309,2024,3,4.63319,-1.3655218958685458,6.39867559333075,4
5.4783587,5.936869,0.35,-0.8660254,0.5,0.13585673,2024,1,3.565489,15.15091430117875,5.478358757345806,3
7.2375555,0.14734615,0.24019238,0.5,0.8660254,0.47577062,2024,1,3.158855,10.364445222273288,7.237555652064287,0
8.8447275,0.0,0.65,0.8660254,-0.5,0.2519378,2024,3,4.2508216,11.722665015279706,8.844727514849662,3
4.1719623,5.0627503,0.24019238,-0.5,0.8660254,0.3646804,2024,1,3.3337712,13.157667688272545,4.171962456222737,2
5.4207335,7.1468525,0.35,-0.8660254,0.5,0.41736418,2024,1,3.402958,14.003888403749247,5.420733671685588,3
5.5343256,6.928639,0.35,-0.8660254,0.5,0.3763919,2024,1,3.3864985,14.34577219891445,5.534325634732358,3
8.821093,0.06845259,0.65,0.8660254,-0.5,0.3083577,2024,3,4.2720227,-1.6848897299649792,8.821092649010456,4
5.5138946,5.809525,0.35,-0.8660254,0.5,0.30595896,2024,1,3.446443,14.478692479212361,5.513894643725846,3
6.2855663,4.0871816,0.24019238,-0.5,0.8660254,0.4889125,2024,1,3.1096675,13.80887465955933,6.285566538428798,0
10.454015,0.0018112563,0.75980765,0.5,-0.8660254,0.15428989,2024,3,4.436836,-8.151026663861515,10.454014841339744,4
9.477029,0.3280801,0.75980765,0.5,-0.8660254,0.40110135,2024,3,4.5333133,2.4170164293973144,9.477028959738089,4
9.964548,0.0,0.24019238,0.5,0.8660254,0.16886985,2024,1,3.1037974,11.263662838883262,9.964548042275286,0
8.885696,0.26057494,0.65,0.8660254,-0.5,0.30539167,2024,3,4.2659535,8.13239248928552,8.885696022609107,4
5.356354,4.4995985,0.24019238,-0.5,0.8660254,0.27462018,2024,1,3.2862277,13.544626882818285,5.356354212986043,2
9.402153,0.40149936,0.65,0.8660254,-0.5,0.44639352,2024,3,4.186999,-21.02859326346129,9.4021527798432,3
16.63539,0.17440027,0.24019238,0.5,0.8660254,0.35325217,2024,1,2.947617,2.9120683599522654,16.635389147961938,0
7.9621973,1.3823714,0.24019238,-0.5,0.8660254,0.31179717,2024,1,3.2691412,9.835801489648608,7.962197098160633,2
4.273654,0.21857537,0.24019238,0.5,0.8660254,0.15689531,2024,1,3.221426,11.906867808261858,4.273654054154082,1
4.2080326,0.15165512,0.24019238,0.5,0.8660254,0.25908554,2024,1,3.1256523,15.599834512159887,4.208032484981633,0
12.054232,0.2537513,0.75980765,0.5,-0.8660254,0.30033383,2024,3,4.5626593,-4.492215825573026,12.054232049318337,4
3.9316,0.16563833,0.24019238,0.5,0.8660254,0.17102921,2024,1,3.2323952,13.189227150233231,3.93160004243226,2
7.47743,0.097141065,0.5,1.0,6.123234e-17,0.34293708,2024,2,3.9659348,14.431333651330208,7.477429932470384,3
3.9402256,2.9837277,0.24019238,-0.5,0.8660254,0.18201178,2024,1,3.3748503,12.731092743994072,3.940225659020691,2
9.582453,0.1410678,0.24019238,0.5,0.8660254,0.2691636,2024,1,3.013908,11.956962402090921,9.582452953312412,0
9.19408,0.1093297,0.75980765,0.5,-0.8660254,0.26779607,2024,3,4.6349883,-16.916050818790893,9.194080629394447,4
3.7794065,0.7048033,0.2,-2.4492937e-16,1.0,0.16939634,2024,1,3.112335,13.302495105861736,3.7794064906026295,0
4.078385,3.9671717,0.24019238,-0.5,0.8660254,0.47145414,2024,1,3.2776976,14.857813537731563,4.078384797022081,2
4.969632,0.21205628,0.24019238,0.5,0.8660254,0.42222875,2024,1,3.2503834,11.045505246690878,4.969632021613423,2
6.507865,0.102220684,0.24019238,0.5,0.8660254,0.335324,2024,1,3.2181647,14.494200102762603,6.507864885467703,1
9.241982,0.22914605,0.75980765,0.5,-0.8660254,0.4760533,2024,3,4.6973357,-1.360733130273644,9.24198230252259,4
11.050597,0.14595746,0.75980765,0.5,-0.8660254,0.28397906,2024,3,4.6207147,-20.034119709403285,11.050597383194232,4
6.328043,0.36343506,0.5,1.0,6.123234e-17,0.35317007,2024,2,3.9495718,14.406755548772722,6.328043076177586,3
7.5457087,0.2561634,0.24019238,0.5,0.8660254,0.35912263,2024,1,3.225373,13.70756545141763,7.545708656903421,1
2.8334014,6.5270176,0.24019238,-0.5,0.8660254,0.37465253,2024,1,3.3874354,12.486217861931918,2.8334015284296616,3
6.0585704,0.05979638,0.24019238,0.5,0.8660254,0.15908612,2024,1,3.1687312,14.027422588286315,6.058570556457573,1
7.9603934,1.1098894,0.24019238,-0.5,0.8660254,0.47907197,2024,1,3.092046,12.503395288185173,7.960393404442646,0
6.3271747,0.20785856,0.24019238,0.5,0.8660254,0.16747479,2024,1,3.1605887,14.046791258248449,6.327174524747728,0
7.798492,0.25246754,0.24019238,0.5,0.8660254,0.27008945,2024,1,3.0548677,13.296734774314135,7.798491856716604,0
2.1646051,5.389822,0.24019238,-0.5,0.8660254,0.33961028,2024,1,3.4225082,16.904375765196956,2.1646051894513905,3
4.661775,0.13674529,0.24019238,0.5,0.8660254,0.25141728,2024,1,3.12842,11.509843854003883,4.661775026686372,0
8.558732,0.23145686,0.5,1.0,6.123234e-17,0.15731093,2024,2,3.944654,13.17007012656373,8.558732163090497,3
5.4786935,0.0,0.35,-0.8660254,0.5,0.4772827,2024,1,3.450658,13.415037620583659,5.478693340298354,3
6.2071266,4.057378,0.75980765,-0.5,-0.8660254,0.44508463,2024,3,4.635913,-5.052320185617093,6.207126452046523,4
6.614882,0.21032722,0.24019238,0.5,0.8660254,0.23556273,2024,1,3.1205184,14.236121926145069,6.614882021483533,0
5.1663437,0.28372607,0.24019238,0.5,0.8660254,0.17727715,2024,1,3.1893086,15.52488251868515,5.166343917977383,1
9.369985,0.0,0.75980765,0.5,-0.8660254,0.43923756,2024,3,4.6123652,-16.629750636715993,9.369985033832696,4
6.0033,6.599756,0.35,-0.8660254,0.5,0.39043152,2024,1,3.3593645,12.213354159392212,6.003300277499995,2
3.3476045,5.424778,0.24019238,-0.5,0.8660254,0.15848748,2024,1,3.3839452,16.36374621507495,3.347604459049554,2
6.3986754,0.13903503,0.75980765,0.5,-0.8660254,0.286965,2024,3,4.779869,1.8176916689225964,6.39867559333075,4
7.957575,1.5110531,0.24019238,-0.5,0.8660254,0.13007286,2024,1,3.221878,14.092496306806057,7.957574787254181,1
9.727627,0.0837887,0.5,1.0,6.123234e-17,0.32391578,2024,2,3.939261,10.665177232324472,9.72762641474635,3
10.964653,0.5497372,0.75980765,0.5,-0.8660254,0.49638477,2024,3,4.6155868,-6.167964878222799,10.964652973520009,4
8.058952,1.7883142,0.24019238,-0.5,0.8660254,0.3816314,2024,1,3.1840262,13.855760252626304,8.058952475260854,1
6.1982465,4.1938367,0.75980765,-0.5,-0.8660254,0.20602746,2024,3,4.588486,5.387584477786053,6.198246316453794,4
5.6044307,2.6399643,0.24019238,-0.5,0.8660254,0.4018741,2024,1,3.2529051,13.747376611430244,5.604430835724432,2
12.505822,0.545754,0.75980765,0.5,-0.8660254,0.47806835,2024,3,4.4055514,-13.788925460788615,12.505822348264484,4
5.5344405,0.0455303,0.24019238,0.5,0.8660254,0.11775568,2024,1,3.1792264,15.242957684651754,5.534440283562717,1
9.5394335,0.8796739,0.75980765,0.5,-0.8660254,0.16097578,2024,3,4.4817023,-11.657475885470102,9.539433870522249,4
4.684589,3.3996928,0.24019238,-0.5,0.8660254,0.139843,2024,1,3.3068314,11.075069886095095,4.684588689573332,2
4.686112,0.0070408303,0.24019238,0.5,0.8660254,0.1375883,2024,1,3.2093248,13.357637186521789,4.686111886869192,1
8.854701,0.20235316,0.65,0.8660254,-0.5,0.18238927,2024,3,4.272782,-5.774993893865762,8.854701207531301,4
7.9451504,1.1648308,0.24019238,-0.5,0.8660254,0.1248402,2024,1,3.2293024,11.751055969090665,7.945150412996284,1
4.314231,7.0916214,0.24019238,-0.5,0.8660254,0.19187132,2024,1,3.3242717,10.096537599517488,3.291055571682425,2
8.381765,0.70404077,0.75980765,0.5,-0.8660254,0.29951116,2024,3,4.687712,1.6429711181216775,8.381765575581637,4
4.7756934,0.0,0.24019238,-0.5,0.8660254,0.16842353,2024,1,3.335455,10.936743502735288,4.775693426201683,2
4.3786054,0.11663998,0.24019238,0.5,0.8660254,0.12510347,2024,1,3.2082086,13.267682422273413,4.37860525141165,1
6.6310716,0.0010931067,0.24019238,0.5,0.8660254,0.32610187,2024,1,3.2132502,13.63374611113365,6.631071332908928,1
4.846666,0.0,0.24019238,-0.5,0.8660254,0.22046705,2024,1,3.3351095,15.19469429352516,4.846665940185043,2
9.769276,0.2652836,0.65,0.8660254,-0.5,0.43753707,2024,3,4.1990724,10.846417921702233,9.769275997361351,3
7.86016,0.06794626,0.24019238,0.5,0.8660254,0.20113681,2024,1,3.1175656,13.656221125671866,7.860159913830454,0
11.589058,0.07783232,0.75980765,0.5,-0.8660254,0.39881387,2024,3,4.465002,-12.639869914847946,11.589057547312024,4
9.063188,0.31960714,0.75980765,0.5,-0.8660254,0.2588594,2024,3,4.63007,-11.460189165765257,9.063187253594242,4
2.960268,0.024476066,0.24019238,0.5,0.8660254,0.2948127,2024,1,3.1422818,13.123318680396,2.9602679981555555,0
5.8729253,0.16253525,0.24019238,0.5,0.8660254,0.2822395,2024,1,3.1175866,11.426536934663723,5.872925185165997,0
2.0457325,6.393421,0.24019238,-0.5,0.8660254,0.4769928,2024,1,3.3579454,13.497493927858974,2.045732562264749,2
5.269316,0.12355,0.24019238,0.5,0.8660254,0.14535719,2024,1,3.189498,13.364691458536576,5.269316130931775,1
4.1137743,4.037988,0.24019238,-0.5,0.8660254,0.14644271,2024,1,3.342795,13.40189197789056,4.113774081308764,2
7.95486,1.3070539,0.24019238,-0.5,0.8660254,0.13339558,2024,1,3.2182837,13.458869634371592,7.954860004227815,1
12.23094,0.13904078,0.75980765,0.5,-0.8660254,0.4703677,2024,3,4.417388,-10.106699605334919,12.230940260402644,4
6.07841,0.21815747,0.24019238,0.5,0.8660254,0.37535346,2024,1,3.216854,12.293777900923848,6.078410358822312,1
3.3957763,3.937742,0.24019238,-0.5,0.8660254,0.33083135,2024,1,3.384832,12.4380295736145,3.395776283010877,2
5.8150134,0.0,0.24019238,0.5,0.8660254,0.16793707,2024,1,3.1713326,10.104078724850863,5.815013340201912,1
7.9798937,1.2069818,0.24019238,-0.5,0.8660254,0.11815838,2024,1,3.2375164,13.494176983072444,7.97989347770095,2
4.1853743,0.0002455091,0.5,1.0,6.123234e-17,0.12933622,2024,2,4.1171303,14.720127881961696,4.185374227005166,3
8.0529585,0.0,0.24019238,0.5,0.8660254,0.24331848,2024,1,3.0518637,13.833641565875679,8.052958935479317,0
5.3099675,0.25025412,0.24019238,0.5,0.8660254,0.25061405,2024,1,3.122303,12.540837402757179,5.309967469402221,0
9.943061,0.2730477,0.75980765,0.5,-0.8660254,0.21292576,2024,3,4.5625997,-3.0921788249970485,9.94306074943276,4
7.602972,0.29845554,0.24019238,0.5,0.8660254,0.42973295,2024,1,3.1887457,12.755090970855107,7.602971844758447,1
4.726573,0.0,0.24019238,-0.5,0.8660254,0.2785511,2024,1,3.3490586,13.155153972361411,4.726573142092943,2
7.9573603,1.61943,0.24019238,-0.5,0.8660254,0.31811833,2024,1,3.267386,12.128764902943717,7.957360257471694,2
8.847759,0.27857777,0.65,0.8660254,-0.5,0.3552057,2024,3,4.2871614,-15.152927129032992,8.847759100543467,4
4.1957736,0.24670887,0.24019238,0.5,0.8660254,0.15867428,2024,1,3.2244804,13.051196616591842,4.195773386909233,1
10.51348,0.7260859,0.75980765,0.5,-0.8660254,0.1129891,2024,3,4.3823676,-24.774336037489274,10.51347986962494,4
6.648956,0.26917192,0.24019238,0.5,0.8660254,0.43321568,2024,1,3.205892,11.768334331533433,6.648955905187715,1
7.9571953,1.10476,0.24019238,-0.5,0.8660254,0.34320933,2024,1,3.2410274,13.694267007874313,7.957195298836255,2
4.416962,4.5402985,0.24019238,-0.5,0.8660254,0.33523497,2024,1,3.338343,11.660039657107715,4.41696215025256,2
9.086264,0.3577342,0.65,0.8660254,-0.5,0.21877809,2024,3,4.251534,2.366193344371003,9.08626355770495,3
3.1147342,5.2726226,0.24019238,-0.5,0.8660254,0.17237715,2024,1,3.3951743,12.460826899454881,3.114734089904185,3
19.63923,0.27449015,0.24019238,0.5,0.8660254,0.4170006,2024,1,2.149506,-0.7348867609202965,19.63923081241553,0
5.0094576,4.1828327,0.24019238,-0.5,0.8660254,0.44300693,2024,1,3.2817414,11.736996198213596,5.009457822121351,2
8.849201,0.25202858,0.65,0.8660254,-0.5,0.13284971,2024,3,4.3490014,9.371445834601625,8.849201156464082,4
5.336989,1.8880249,0.24019238,-0.5,0.8660254,0.23091964,2024,1,3.2932396,12.629550269506232,5.33698879564463,2
10.203064,0.026692852,0.5,1.0,6.123234e-17,0.1816637,2024,2,3.8268273,6.795094920729011,10.203064161150545,3
7.5194926,0.00074528466,0.5,1.0,6.123234e-17,0.23105597,2024,2,3.9055867,13.87041902598754,7.5194926164944835,3
3.4052474,0.19915234,0.24019238,0.5,0.8660254,0.420799,2024,1,3.292365,10.267527812843488,3.4052474635195438,2
4.825684,0.12376488,0.2,-2.4492937e-16,1.0,0.3601927,2024,1,3.1578693,12.397566251134847,4.8256840856555545,0
4.137979,5.530056,0.24019238,-0.5,0.8660254,0.4654621,2024,1,3.3009224,13.863246798890367,4.13797902229848,2
7.9589467,1.5220124,0.24019238,-0.5,0.8660254,0.41133133,2024,1,3.1711323,13.352637727193416,7.958946791554654,1
4.1867795,0.84058523,0.2,-2.4492937e-16,1.0,0.46149182,2024,1,3.0612493,11.130713003408136,4.186779292828772,0
4.827904,1.0424848,0.2,-2.4492937e-16,1.0,0.4515072,2024,1,3.0635421,10.529271833381822,4.827904339671425,0
4.872217,1.5003576,0.2,-2.4492937e-16,1.0,0.4110067,2024,1,3.1559677,14.533094484669961,4.872217133342176,0
7.962766,1.8551964,0.24019238,-0.5,0.8660254,0.31666824,2024,1,3.2666001,13.17045303879401,7.962766332596513,2
4.8288536,0.7272928,0.2,-2.4492937e-16,1.0,0.10143664,2024,1,3.0708032,13.787396076286766,4.828853511507995,0
7.500388,0.0,0.24019238,0.5,0.8660254,0.15506436,2024,1,3.140987,9.551756350560044,7.500388185213912,0
5.027995,0.450354,0.5,1.0,6.123234e-17,0.22147961,2024,2,3.978521,14.539172506846617,5.027995185715528,3
9.287916,0.17202878,0.75980765,0.5,-0.8660254,0.14889374,2024,3,4.4844327,-2.391139011808359,9.28791614787537,4
3.2953038,7.302815,0.24019238,-0.5,0.8660254,0.39599007,2024,1,3.3561044,15.27453788857673,3.295303799941318,2
5.1830344,3.0031154,0.24019238,-0.5,0.8660254,0.12325402,2024,1,3.2786503,14.74826382767334,5.183034414951009,2
7.544013,0.17573093,0.5,1.0,6.123234e-17,0.3229432,2024,2,3.9498265,13.079530962386338,7.544013084233939,3
4.80724,0.98703456,0.2,-2.4492937e-16,1.0,0.18337348,2024,1,3.0950694,14.950284715754107,4.807239994311312,0
8.852133,0.30234262,0.65,0.8660254,-0.5,0.11377956,2024,3,4.359384,7.263431270751114,8.852132711285366,4
8.729823,0.26010135,0.24019238,0.5,0.8660254,0.20879275,2024,1,3.0775037,12.363726044337932,8.72982274289819,0
8.735059,0.7347663,0.75980765,0.5,-0.8660254,0.25029477,2024,3,4.635873,-1.6638793777549385,8.735058719807872,4
3.4962862,5.174872,0.24019238,-0.5,0.8660254,0.2160222,2024,1,3.3734841,10.670666660088633,3.4962862620411177,2
9.828136,0.2732009,0.75980765,0.5,-0.8660254,0.44210437,2024,3,4.5908823,0.3223401486400488,9.828136152703475,4
4.8039994,0.15544097,0.2,-2.4492937e-16,1.0,0.16041107,2024,1,3.0732508,13.49776502217827,4.803999386733543,0
6.023258,0.12332722,0.24019238,0.5,0.8660254,0.14924622,2024,1,3.1724596,12.767598278335067,6.023258135837849,1
5.1067195,6.1762185,0.24019238,-0.5,0.8660254,0.2694357,2024,1,3.279324,15.596439810029318,5.1067196120035385,2
9.219927,0.21660584,0.65,0.8660254,-0.5,0.45619723,2024,3,4.1816716,10.662983043241386,9.219927173507704,3
9.283681,0.087561876,0.24019238,0.5,0.8660254,0.28003892,2024,1,3.0502422,9.90893461507491,9.28368111670951,0
6.3288875,0.20437856,0.24019238,0.5,0.8660254,0.17297497,2024,1,3.1596556,11.879400109203308,6.328887388508599,0
8.364353,0.2735206,0.75980765,0.5,-0.8660254,0.23669687,2024,3,4.6336203,1.9262652638818332,8.364352830698339,4
9.198582,6.252088,0.65,-0.8660254,-0.5,0.19535305,2024,3,3.8083627,8.352585851465992,9.198581804377492,3
4.9893117,6.7832847,0.65,-0.8660254,-0.5,0.26846713,2024,3,3.8520665,15.029736905324995,4.989311683519066,3
7.0336003,0.111081935,0.24019238,0.5,0.8660254,0.29521194,2024,1,3.1352181,13.039674313569952,7.033600406192728,0
5.578934,6.3533416,0.35,-0.8660254,0.5,0.18004231,2024,1,3.5448477,14.721954232820032,5.578934410374452,3
6.204333,5.0324636,0.75980765,-0.5,-0.8660254,0.3286308,2024,3,4.6103415,-1.297341935655559,6.204332944876394,4
3.9932337,4.4748693,0.24019238,-0.5,0.8660254,0.4422878,2024,1,3.3233829,11.824952412237947,3.9932336127101657,2
5.137903,5.260817,0.24019238,-0.5,0.8660254,0.19833672,2024,1,3.2981422,11.767043510909716,5.137903375115777,2
8.849413,0.23723944,0.65,0.8660254,-0.5,0.32914156,2024,3,4.2882247,-1.398740132030814,8.849412827180513,4
4.028251,4.612231,0.24019238,-0.5,0.8660254,0.23265737,2024,1,3.3524544,13.597944674860985,4.028251351467377,2
4.7983603,0.19653606,0.2,-2.4492937e-16,1.0,0.20137875,2024,1,3.1390584,10.902551066190016,4.798360465690975,0
8.808982,0.0006199859,0.75980765,0.5,-0.8660254,0.23329699,2024,3,4.60671,1.3350385615148337,8.808981531119107,4
5.3221536,2.3474324,0.24019238,-0.5,0.8660254,0.39545745,2024,1,3.2672544,13.148325076001251,5.3221537123448295,2
13.975092,0.4910438,0.75980765,0.5,-0.8660254,0.30174387,2024,3,4.416386,-14.67696097359648,13.97509211990254,4
6.077291,4.207781,0.24019238,-0.5,0.8660254,0.13683593,2024,1,3.2396126,13.511454453870329,6.077290885882091,2
4.473999,4.166617,0.24019238,-0.5,0.8660254,0.47233737,2024,1,3.257132,15.1712219097676,4.47399916919164,2
5.8418546,0.098449655,0.24019238,0.5,0.8660254,0.13407692,2024,1,3.180781,11.917548104872886,5.841854677060577,1
7.958036,1.6034192,0.24019238,-0.5,0.8660254,0.39713246,2024,1,3.1803205,10.342627675493597,7.958035875574192,1
9.3265915,0.3411219,0.75980765,0.5,-0.8660254,0.22174037,2024,3,4.5823836,2.237660754123618,9.32659163341516,4
8.644953,0.10343812,0.75980765,0.5,-0.8660254,0.45705667,2024,3,4.7070727,-13.20277127237966,8.644953166383159,4
3.8925548,4.3700576,0.24019238,-0.5,0.8660254,0.10564759,2024,1,3.2976966,14.478792866080138,3.8925547102389175,2
9.308547,0.13083261,0.24019238,0.5,0.8660254,0.2996005,2024,1,3.1227744,13.011709864600354,9.308546806939828,0
7.8555026,0.22587991,0.65,0.8660254,-0.5,0.16505769,2024,3,4.3371334,0.4198968215311156,7.855502368067224,4
4.8274508,0.25696135,0.2,-2.4492937e-16,1.0,0.12848534,2024,1,3.0644262,12.620910464563357,4.827450836503486,0
7.255177,0.352681,0.5,1.0,6.123234e-17,0.42793152,2024,2,4.0228114,12.647385686346272,7.255176962242308,3
13.773108,0.07290227,0.75980765,0.5,-0.8660254,0.3178309,2024,3,4.4072666,-17.69860437119928,13.773107784034533,4
5.6983223,3.3398657,0.24019238,-0.5,0.8660254,0.10868784,2024,1,3.2457807,13.545422549538728,5.698322348357223,2
10.553668,0.0,0.75980765,0.5,-0.8660254,0.40284422,2024,3,4.511511,-11.76378661501969,10.553667812947872,4
6.419465,0.9438084,0.75980765,0.5,-0.8660254,0.18609875,2024,3,4.698707,10.486468929953597,6.4194651474469655,4
7.86602,0.24750368,0.24019238,0.5,0.8660254,0.22401366,2024,1,3.085155,13.847979628953286,7.866020251987802,0
7.959325,0.93037343,0.24019238,-0.5,0.8660254,0.36774027,2024,1,3.2013264,13.673790239703699,7.959324750288726,1
6.740965,3.5237722,0.24019238,-0.5,0.8660254,0.17080872,2024,1,3.2010846,13.719953797893844,6.740964822874594,1
11.029442,0.08477115,0.75980765,0.5,-0.8660254,0.1738191,2024,3,4.445098,-4.2267298729319664,11.02944142264179,4
9.769276,0.2652836,0.65,0.8660254,-0.5,0.19032496,2024,3,4.2168274,7.254759834080391,9.769275997361351,3
7.912599,0.7431174,0.24019238,-0.5,0.8660254,0.46982327,2024,1,3.1267858,9.511266257969254,7.912599168916449,0
4.2219257,4.600455,0.24019238,-0.5,0.8660254,0.23314111,2024,1,3.3409495,13.592117982439042,4.221925707915712,2
4.875537,0.6665364,0.2,-2.4492937e-16,1.0,0.49460226,2024,1,2.9267097,9.433119225188303,3.3217409431823097,0
8.98216,0.17706479,0.65,0.8660254,-0.5,0.24142407,2024,3,4.248375,11.74018898379589,8.982159645183902,3
7.883842,0.0,0.5,1.0,6.123234e-17,0.1331512,2024,2,4.0018826,6.970808654110001,7.883842039115962,3
7.712451,0.9933426,0.24019238,-0.5,0.8660254,0.31045634,2024,1,3.2757878,14.33067577546962,7.712450952501272,2
4.451955,0.10813319,0.24019238,0.5,0.8660254,0.39003146,2024,1,3.2573228,11.677831469532096,4.451954639388547,2
9.146212,2.515439,0.24019238,-0.5,0.8660254,0.43107447,2024,1,3.147956,13.14071344814228,9.146211846711878,0
3.8169343,5.466625,0.24019238,-0.5,0.8660254,0.18521725,2024,1,3.356977,14.237732305680709,3.8169342882638,2
9.058949,0.6264321,0.75980765,0.5,-0.8660254,0.232721,2024,3,4.5988007,7.5182037122711485,9.058949386103771,4
7.935988,1.6380659,0.24019238,-0.5,0.8660254,0.46173733,2024,1,3.140037,12.674863915440131,7.935988087466763,0
7.917647,1.7792023,0.24019238,-0.5,0.8660254,0.29408076,2024,1,3.2264495,10.1345013897627,7.917646979552287,1
10.31561,0.13582699,0.75980765,0.5,-0.8660254,0.2805264,2024,3,4.6268234,-0.15187668693719858,10.315609804538903,4
8.90858,0.782249,0.75980765,0.5,-0.8660254,0.35833922,2024,3,4.5787983,-18.276975911088705,8.90857947419222,4
5.583271,7.0579076,0.35,-0.8660254,0.5,0.38750947,2024,1,3.387416,15.060400361976793,5.583270980969666,3
4.7063046,0.16318752,0.5,1.0,6.123234e-17,0.42252547,2024,2,3.8748248,11.2316715577998,4.706304484002755,3
6.440423,0.2185058,0.24019238,0.5,0.8660254,0.4513229,2024,1,3.2022662,15.386820246355768,6.4404228635362575,1
8.544005,0.24093015,0.24019238,0.5,0.8660254,0.15440439,2024,1,3.1283302,12.927246502377029,8.544005835853563,0
3.8263524,4.8080726,0.24019238,-0.5,0.8660254,0.2840798,2024,1,3.379911,14.53614714536289,3.8263524139702594,2
5.6995907,0.077741794,0.24019238,0.5,0.8660254,0.23237655,2024,1,3.147871,11.757139111927794,5.69959048841763,0
